Year,Dia,Mes,Departamento,Codigo Unico,Origen,Destino,Hora Ingreso,Hora Egreso,No. Vuelo,Operador,Tipo Operacion,Fecha,Condicion,Borrar
"2,022","12","1","CCO","418-021221","GUA","HON",,"14:00","1000","AEROMEXICO","DESPACHO","12/01/2022","0","No"
"2,021","14","12","CGO","213-071221","GUA","JAP","11:40","20:15","673","AEROMEXICO","DESPACHO","14/12/2021","0","No"
"2,021","27","12","CCO","342-141221","GUA","MIA","02:03","03:02","670/671","AEROMEXICO","DESPACHO","27/12/2021","0","No"
"2,022","10","1","CCO","287-141221","GUA","MIA","02:03","03:02","670/671","AEROMEXICO","DESPACHO","10/01/2022","0","No"
"2,022","24","1","CCO","759-141221","GUA","MIA","02:03","03:02","670/671","AEROMEXICO","DESPACHO","24/01/2022","0","No"
"2,021","14","12","SAP","11-141221","GUA","MIA","02:03","03:02","670/671","AEROMEXICO","DESPACHO","14/12/2021","0","No"
"2,021","23","12","SAP","764-141221","GUA","MIA","02:03","03:02","670/671","AEROMEXICO","DESPACHO","23/12/2021","0","No"
"2,022","8","1","SAP","790-141221","GUA","MIA","02:03","03:02","670/671","AEROMEXICO","DESPACHO","08/01/2022","0","No"
"2,022","15","1","SAP","922-141221","GUA","MIA","02:03","03:02","670/671","AEROMEXICO","DESPACHO","15/01/2022","0","No"
"2,022","2","1","SAP","996-141221","GUA","MIA","02:03","03:02","670/671","AEROMEXICO","DESPACHO","02/01/2022","0","No"
"2,021","27","12","SAP","559-141221","GUA","MIA","02:03","03:02","670/671","AEROMEXICO","DESPACHO","27/12/2021","0","No"
"2,022","10","1","SAP","974-141221","GUA","MIA","02:03","03:02","670/671","AEROMEXICO","DESPACHO","10/01/2022","0","No"
"2,022","24","1","SAP","770-141221","GUA","MIA","02:03","03:02","670/671","AEROMEXICO","DESPACHO","24/01/2022","0","No"
"2,021","14","12","TALLER","388-141221","GUA","MIA","02:03","03:02","670/671","AEROMEXICO","DESPACHO","14/12/2021","0","No"
"2,022","5","1","TALLER","529-141221","GUA","MIA","02:03","03:02","670/671","AEROMEXICO","DESPACHO","05/01/2022","0","No"
"2,022","12","1","TALLER","33-141221","GUA","MIA","02:03","03:02","670/671","AEROMEXICO","DESPACHO","12/01/2022","0","No"
"2,021","23","12","TALLER","975-141221","GUA","MIA","02:03","03:02","670/671","AEROMEXICO","DESPACHO","23/12/2021","0","No"
"2,022","20","1","TALLER","98-141221","GUA","MIA","02:03","03:02","670/671","AEROMEXICO","DESPACHO","20/01/2022","0","No"
"2,022","6","1","CCO","142-060122","GUA","MEX","08:00","01:03","1000","AEROMEXICO","DESPACHO","06/01/2022","0","No"
"2,022","13","1","CCO","312-060122","GUA","MEX","08:00","01:03","1000","AEROMEXICO","DESPACHO","13/01/2022","0","No"
"2,022","7","1","CCO","888-060122","GUA","MEX","08:00","01:03","1000","AEROMEXICO","DESPACHO","07/01/2022","0","No"
"2,022","14","1","CCO","603-060122","GUA","MEX","08:00","01:03","1000","AEROMEXICO","DESPACHO","14/01/2022","0","No"
"2,022","10","1","CCO","109-060122","GUA","MEX","08:00","01:03","1000","AEROMEXICO","DESPACHO","10/01/2022","0","No"
"2,022","17","1","CCO","965-060122","GUA","MEX","08:00","01:03","1000","AEROMEXICO","DESPACHO","17/01/2022","0","No"
"2,022","11","1","CCO","474-060122","GUA","MEX","08:00","01:03","1000","AEROMEXICO","DESPACHO","11/01/2022","0","No"
"2,022","18","1","CCO","377-060122","GUA","MEX","08:00","01:03","1000","AEROMEXICO","DESPACHO","18/01/2022","0","No"
"2,022","12","1","CCO","171-060122","GUA","MEX","08:00","01:03","1000","AEROMEXICO","DESPACHO","12/01/2022","0","No"
"2,022","19","1","CCO","802-060122","GUA","MEX","08:00","01:03","1000","AEROMEXICO","DESPACHO","19/01/2022","0","No"
"2,022","7","1","CCO","996-070122","GUA","HON","05:04","10:12","4701/700","AEROUNION","DESPACHO","07/01/2022","0","No"
"2,022","14","1","CCO","546-070122","GUA","HON","05:04","10:12","4701/700","AEROUNION","DESPACHO","14/01/2022","0","No"
"2,022","8","1","CCO","214-070122","GUA","HON","05:04","10:12","4701/700","AEROUNION","DESPACHO","08/01/2022","0","No"
"2,022","15","1","CCO","860-070122","GUA","HON","05:04","10:12","4701/700","AEROUNION","DESPACHO","15/01/2022","0","No"
"2,022","9","1","CCO","117-070122","GUA","HON","05:04","10:12","4701/700","AEROUNION","DESPACHO","09/01/2022","0","No"
"2,022","16","1","CCO","673-070122","GUA","HON","05:04","10:12","4701/700","AEROUNION","DESPACHO","16/01/2022","0","No"
"2,022","10","1","CCO","918-070122","GUA","HON","05:04","10:12","4701/700","AEROUNION","DESPACHO","10/01/2022","0","No"
"2,022","17","1","CCO","106-070122","GUA","HON","05:04","10:12","4701/700","AEROUNION","DESPACHO","17/01/2022","0","No"
"2,022","11","1","CCO","31-070122","GUA","HON","05:04","10:12","4701/700","AEROUNION","DESPACHO","11/01/2022","0","No"
"2,022","18","1","CCO","379-070122","GUA","HON","05:04","10:12","4701/700","AEROUNION","DESPACHO","18/01/2022","0","No"
"2,022","12","1","CCO","633-070122","GUA","HON","05:04","10:12","4701/700","AEROUNION","DESPACHO","12/01/2022","0","No"
"2,022","19","1","CCO","929-070122","GUA","HON","05:04","10:12","4701/700","AEROUNION","DESPACHO","19/01/2022","0","No"
"2,022","13","1","CCO","725-070122","GUA","HON","05:04","10:12","4701/700","AEROUNION","DESPACHO","13/01/2022","0","No"
"2,022","20","1","CCO","159-070122","GUA","HON","05:04","10:12","4701/700","AEROUNION","DESPACHO","20/01/2022","0","No"
"2,022","27","1","CCO","409-070122","GUA","HON","05:04","10:12","4701/700","AEROUNION","DESPACHO","27/01/2022","0","No"
"2,022","3","2","CCO","460-070122","GUA","HON","05:04","10:12","4701/700","AEROUNION","DESPACHO","03/02/2022","0","No"
"2,022","10","2","CCO","869-070122","GUA","HON","05:04","10:12","4701/700","AEROUNION","DESPACHO","10/02/2022","0","No"
"2,022","17","2","CCO","9-070122","GUA","HON","05:04","10:12","4701/700","AEROUNION","DESPACHO","17/02/2022","0","No"
"2,022","7","1","CGO","375-070122","GUA","HON","05:04","10:12","4701/700","AEROUNION","DESPACHO","07/01/2022","0","No"
"2,022","14","1","CGO","442-070122","GUA","HON","05:04","10:12","4701/700","AEROUNION","DESPACHO","14/01/2022","0","No"
"2,022","8","1","CGO","652-070122","GUA","HON","05:04","10:12","4701/700","AEROUNION","DESPACHO","08/01/2022","0","No"
"2,022","15","1","CGO","729-070122","GUA","HON","05:04","10:12","4701/700","AEROUNION","DESPACHO","15/01/2022","0","No"
"2,022","9","1","CGO","366-070122","GUA","HON","05:04","10:12","4701/700","AEROUNION","DESPACHO","09/01/2022","0","No"
"2,022","16","1","CGO","809-070122","GUA","HON","05:04","10:12","4701/700","AEROUNION","DESPACHO","16/01/2022","0","No"
"2,022","10","1","CGO","622-070122","GUA","HON","05:04","10:12","4701/700","AEROUNION","DESPACHO","10/01/2022","0","No"
"2,022","17","1","CGO","617-070122","GUA","HON","05:04","10:12","4701/700","AEROUNION","DESPACHO","17/01/2022","0","No"
"2,022","11","1","CGO","967-070122","GUA","HON","05:04","10:12","4701/700","AEROUNION","DESPACHO","11/01/2022","0","No"
"2,022","18","1","CGO","505-070122","GUA","HON","05:04","10:12","4701/700","AEROUNION","DESPACHO","18/01/2022","0","No"
"2,022","12","1","CGO","89-070122","GUA","HON","05:04","10:12","4701/700","AEROUNION","DESPACHO","12/01/2022","0","No"
"2,022","19","1","CGO","452-070122","GUA","HON","05:04","10:12","4701/700","AEROUNION","DESPACHO","19/01/2022","0","No"
"2,022","13","1","CGO","271-070122","GUA","HON","05:04","10:12","4701/700","AEROUNION","DESPACHO","13/01/2022","0","No"
"2,022","20","1","CGO","461-070122","GUA","HON","05:04","10:12","4701/700","AEROUNION","DESPACHO","20/01/2022","0","No"
"2,022","27","1","CGO","381-070122","GUA","HON","05:04","10:12","4701/700","AEROUNION","DESPACHO","27/01/2022","0","No"
"2,022","3","2","CGO","483-070122","GUA","HON","05:04","10:12","4701/700","AEROUNION","DESPACHO","03/02/2022","0","No"
"2,022","10","2","CGO","949-070122","GUA","HON","05:04","10:12","4701/700","AEROUNION","DESPACHO","10/02/2022","0","No"
"2,022","17","2","CGO","94-070122","GUA","HON","05:04","10:12","4701/700","AEROUNION","DESPACHO","17/02/2022","0","No"
"2,022","7","1","FBO","341-070122","GUA","HON","05:04","10:12","4701/700","AEROUNION","DESPACHO","07/01/2022","0","No"
"2,022","14","1","FBO","666-070122","GUA","HON","05:04","10:12","4701/700","AEROUNION","DESPACHO","14/01/2022","0","No"
"2,022","8","1","FBO","888-070122","GUA","HON","05:04","10:12","4701/700","AEROUNION","DESPACHO","08/01/2022","0","No"
"2,022","15","1","FBO","124-070122","GUA","HON","05:04","10:12","4701/700","AEROUNION","DESPACHO","15/01/2022","0","No"
"2,022","9","1","FBO","298-070122","GUA","HON","05:04","10:12","4701/700","AEROUNION","DESPACHO","09/01/2022","0","No"
"2,022","16","1","FBO","415-070122","GUA","HON","05:04","10:12","4701/700","AEROUNION","DESPACHO","16/01/2022","0","No"
"2,022","10","1","FBO","745-070122","GUA","HON","05:04","10:12","4701/700","AEROUNION","DESPACHO","10/01/2022","0","No"
"2,022","17","1","FBO","213-070122","GUA","HON","05:04","10:12","4701/700","AEROUNION","DESPACHO","17/01/2022","0","No"
"2,022","11","1","FBO","806-070122","GUA","HON","05:04","10:12","4701/700","AEROUNION","DESPACHO","11/01/2022","0","No"
"2,022","18","1","FBO","939-070122","GUA","HON","05:04","10:12","4701/700","AEROUNION","DESPACHO","18/01/2022","0","No"
"2,022","12","1","FBO","181-070122","GUA","HON","05:04","10:12","4701/700","AEROUNION","DESPACHO","12/01/2022","0","No"
"2,022","19","1","FBO","517-070122","GUA","HON","05:04","10:12","4701/700","AEROUNION","DESPACHO","19/01/2022","0","No"
"2,022","13","1","FBO","175-070122","GUA","HON","05:04","10:12","4701/700","AEROUNION","DESPACHO","13/01/2022","0","No"
"2,022","20","1","FBO","276-070122","GUA","HON","05:04","10:12","4701/700","AEROUNION","DESPACHO","20/01/2022","0","No"
"2,022","27","1","FBO","660-070122","GUA","HON","05:04","10:12","4701/700","AEROUNION","DESPACHO","27/01/2022","0","No"
"2,022","3","2","FBO","305-070122","GUA","HON","05:04","10:12","4701/700","AEROUNION","DESPACHO","03/02/2022","0","No"
"2,022","10","2","FBO","234-070122","GUA","HON","05:04","10:12","4701/700","AEROUNION","DESPACHO","10/02/2022","0","No"
"2,022","17","2","FBO","203-070122","GUA","HON","05:04","10:12","4701/700","AEROUNION","DESPACHO","17/02/2022","0","No"
"2,022","7","1","CGO","599-070122","MIA","GUA","11:00","23:00","1308/1309","JET BLUE","RECEPCION","07/01/2022","0","No"
"2,022","14","1","CGO","648-070122","MIA","GUA","11:00","23:00","1308/1309","JET BLUE","RECEPCION","14/01/2022","0","No"
"2,022","21","1","CGO","630-070122","MIA","GUA","11:00","23:00","1308/1309","JET BLUE","RECEPCION","21/01/2022","0","No"
"2,022","28","1","CGO","828-070122","MIA","GUA","11:00","23:00","1308/1309","JET BLUE","RECEPCION","28/01/2022","0","No"
"2,022","8","1","CGO","844-070122","MIA","GUA","11:00","23:00","1308/1309","JET BLUE","RECEPCION","08/01/2022","0","No"
"2,022","15","1","CGO","439-070122","MIA","GUA","11:00","23:00","1308/1309","JET BLUE","RECEPCION","15/01/2022","0","No"
"2,022","22","1","CGO","983-070122","MIA","GUA","11:00","23:00","1308/1309","JET BLUE","RECEPCION","22/01/2022","0","No"
"2,022","29","1","CGO","847-070122","MIA","GUA","11:00","23:00","1308/1309","JET BLUE","RECEPCION","29/01/2022","0","No"
"2,022","9","1","CGO","191-070122","MIA","GUA","11:00","23:00","1308/1309","JET BLUE","RECEPCION","09/01/2022","0","No"
"2,022","16","1","CGO","354-070122","MIA","GUA","11:00","23:00","1308/1309","JET BLUE","RECEPCION","16/01/2022","0","No"
"2,022","23","1","CGO","482-070122","MIA","GUA","11:00","23:00","1308/1309","JET BLUE","RECEPCION","23/01/2022","0","No"
"2,022","30","1","CGO","490-070122","MIA","GUA","11:00","23:00","1308/1309","JET BLUE","RECEPCION","30/01/2022","0","No"
"2,022","10","1","CGO","879-070122","MIA","GUA","11:00","23:00","1308/1309","JET BLUE","RECEPCION","10/01/2022","0","No"
"2,022","17","1","CGO","210-070122","MIA","GUA","11:00","23:00","1308/1309","JET BLUE","RECEPCION","17/01/2022","0","No"
"2,022","24","1","CGO","967-070122","MIA","GUA","11:00","23:00","1308/1309","JET BLUE","RECEPCION","24/01/2022","0","No"
"2,022","31","1","CGO","673-070122","MIA","GUA","11:00","23:00","1308/1309","JET BLUE","RECEPCION","31/01/2022","0","No"
"2,022","11","1","CGO","916-070122","MIA","GUA","11:00","23:00","1308/1309","JET BLUE","RECEPCION","11/01/2022","0","No"
"2,022","18","1","CGO","588-070122","MIA","GUA","11:00","23:00","1308/1309","JET BLUE","RECEPCION","18/01/2022","0","No"
"2,022","25","1","CGO","587-070122","MIA","GUA","11:00","23:00","1308/1309","JET BLUE","RECEPCION","25/01/2022","0","No"
"2,022","12","1","CGO","125-070122","MIA","GUA","11:00","23:00","1308/1309","JET BLUE","RECEPCION","12/01/2022","0","No"
"2,022","19","1","CGO","245-070122","MIA","GUA","11:00","23:00","1308/1309","JET BLUE","RECEPCION","19/01/2022","0","No"
"2,022","26","1","CGO","316-070122","MIA","GUA","11:00","23:00","1308/1309","JET BLUE","RECEPCION","26/01/2022","0","No"
"2,022","13","1","CGO","976-070122","MIA","GUA","11:00","23:00","1308/1309","JET BLUE","RECEPCION","13/01/2022","0","No"
"2,022","20","1","CGO","62-070122","MIA","GUA","11:00","23:00","1308/1309","JET BLUE","RECEPCION","20/01/2022","0","No"
"2,022","27","1","CGO","163-070122","MIA","GUA","11:00","23:00","1308/1309","JET BLUE","RECEPCION","27/01/2022","0","No"
"2,022","7","1","MANTO","29-070122","MIA","GUA","11:00","23:00","1308/1309","JET BLUE","RECEPCION","07/01/2022","0","No"
"2,022","14","1","MANTO","464-070122","MIA","GUA","11:00","23:00","1308/1309","JET BLUE","RECEPCION","14/01/2022","0","No"
"2,022","21","1","MANTO","898-070122","MIA","GUA","11:00","23:00","1308/1309","JET BLUE","RECEPCION","21/01/2022","0","No"
"2,022","28","1","MANTO","914-070122","MIA","GUA","11:00","23:00","1308/1309","JET BLUE","RECEPCION","28/01/2022","0","No"
"2,022","8","1","MANTO","798-070122","MIA","GUA","11:00","23:00","1308/1309","JET BLUE","RECEPCION","08/01/2022","0","No"
"2,022","15","1","MANTO","60-070122","MIA","GUA","11:00","23:00","1308/1309","JET BLUE","RECEPCION","15/01/2022","0","No"
"2,022","22","1","MANTO","492-070122","MIA","GUA","11:00","23:00","1308/1309","JET BLUE","RECEPCION","22/01/2022","0","No"
"2,022","29","1","MANTO","942-070122","MIA","GUA","11:00","23:00","1308/1309","JET BLUE","RECEPCION","29/01/2022","0","No"
"2,022","9","1","MANTO","212-070122","MIA","GUA","11:00","23:00","1308/1309","JET BLUE","RECEPCION","09/01/2022","0","No"
"2,022","16","1","MANTO","162-070122","MIA","GUA","11:00","23:00","1308/1309","JET BLUE","RECEPCION","16/01/2022","0","No"
"2,022","23","1","MANTO","680-070122","MIA","GUA","11:00","23:00","1308/1309","JET BLUE","RECEPCION","23/01/2022","0","No"
"2,022","30","1","MANTO","201-070122","MIA","GUA","11:00","23:00","1308/1309","JET BLUE","RECEPCION","30/01/2022","0","No"
"2,022","10","1","MANTO","163-070122","MIA","GUA","11:00","23:00","1308/1309","JET BLUE","RECEPCION","10/01/2022","0","No"
"2,022","17","1","MANTO","370-070122","MIA","GUA","11:00","23:00","1308/1309","JET BLUE","RECEPCION","17/01/2022","0","No"
"2,022","24","1","MANTO","281-070122","MIA","GUA","11:00","23:00","1308/1309","JET BLUE","RECEPCION","24/01/2022","0","No"
"2,022","31","1","MANTO","470-070122","MIA","GUA","11:00","23:00","1308/1309","JET BLUE","RECEPCION","31/01/2022","0","No"
"2,022","11","1","MANTO","688-070122","MIA","GUA","11:00","23:00","1308/1309","JET BLUE","RECEPCION","11/01/2022","0","No"
"2,022","18","1","MANTO","1000-070122","MIA","GUA","11:00","23:00","1308/1309","JET BLUE","RECEPCION","18/01/2022","0","No"
"2,022","25","1","MANTO","327-070122","MIA","GUA","11:00","23:00","1308/1309","JET BLUE","RECEPCION","25/01/2022","0","No"
"2,022","12","1","MANTO","519-070122","MIA","GUA","11:00","23:00","1308/1309","JET BLUE","RECEPCION","12/01/2022","0","No"
"2,022","19","1","MANTO","909-070122","MIA","GUA","11:00","23:00","1308/1309","JET BLUE","RECEPCION","19/01/2022","0","No"
"2,022","26","1","MANTO","101-070122","MIA","GUA","11:00","23:00","1308/1309","JET BLUE","RECEPCION","26/01/2022","0","No"
"2,022","13","1","MANTO","830-070122","MIA","GUA","11:00","23:00","1308/1309","JET BLUE","RECEPCION","13/01/2022","0","No"
"2,022","20","1","MANTO","780-070122","MIA","GUA","11:00","23:00","1308/1309","JET BLUE","RECEPCION","20/01/2022","0","No"
"2,022","27","1","MANTO","430-070122","MIA","GUA","11:00","23:00","1308/1309","JET BLUE","RECEPCION","27/01/2022","0","No"
"2,022","7","1","PXS","700-070122","MIA","GUA","11:00","23:00","1308/1309","JET BLUE","RECEPCION","07/01/2022","0","No"
"2,022","14","1","PXS","605-070122","MIA","GUA","11:00","23:00","1308/1309","JET BLUE","RECEPCION","14/01/2022","0","No"
"2,022","21","1","PXS","418-070122","MIA","GUA","11:00","23:00","1308/1309","JET BLUE","RECEPCION","21/01/2022","0","No"
"2,022","28","1","PXS","148-070122","MIA","GUA","11:00","23:00","1308/1309","JET BLUE","RECEPCION","28/01/2022","0","No"
"2,022","8","1","PXS","718-070122","MIA","GUA","11:00","23:00","1308/1309","JET BLUE","RECEPCION","08/01/2022","0","No"
"2,022","15","1","PXS","833-070122","MIA","GUA","11:00","23:00","1308/1309","JET BLUE","RECEPCION","15/01/2022","0","No"
"2,022","22","1","PXS","764-070122","MIA","GUA","11:00","23:00","1308/1309","JET BLUE","RECEPCION","22/01/2022","0","No"
"2,022","29","1","PXS","98-070122","MIA","GUA","11:00","23:00","1308/1309","JET BLUE","RECEPCION","29/01/2022","0","No"
"2,022","9","1","PXS","342-070122","MIA","GUA","11:00","23:00","1308/1309","JET BLUE","RECEPCION","09/01/2022","0","No"
"2,022","16","1","PXS","254-070122","MIA","GUA","11:00","23:00","1308/1309","JET BLUE","RECEPCION","16/01/2022","0","No"
"2,022","23","1","PXS","435-070122","MIA","GUA","11:00","23:00","1308/1309","JET BLUE","RECEPCION","23/01/2022","0","No"
"2,022","30","1","PXS","689-070122","MIA","GUA","11:00","23:00","1308/1309","JET BLUE","RECEPCION","30/01/2022","0","No"
"2,022","10","1","PXS","583-070122","MIA","GUA","11:00","23:00","1308/1309","JET BLUE","RECEPCION","10/01/2022","0","No"
"2,022","17","1","PXS","749-070122","MIA","GUA","11:00","23:00","1308/1309","JET BLUE","RECEPCION","17/01/2022","0","No"
"2,022","24","1","PXS","872-070122","MIA","GUA","11:00","23:00","1308/1309","JET BLUE","RECEPCION","24/01/2022","0","No"
"2,022","31","1","PXS","677-070122","MIA","GUA","11:00","23:00","1308/1309","JET BLUE","RECEPCION","31/01/2022","0","No"
"2,022","11","1","PXS","185-070122","MIA","GUA","11:00","23:00","1308/1309","JET BLUE","RECEPCION","11/01/2022","0","No"
"2,022","18","1","PXS","387-070122","MIA","GUA","11:00","23:00","1308/1309","JET BLUE","RECEPCION","18/01/2022","0","No"
"2,022","25","1","PXS","799-070122","MIA","GUA","11:00","23:00","1308/1309","JET BLUE","RECEPCION","25/01/2022","0","No"
"2,022","12","1","PXS","948-070122","MIA","GUA","11:00","23:00","1308/1309","JET BLUE","RECEPCION","12/01/2022","0","No"
"2,022","19","1","PXS","247-070122","MIA","GUA","11:00","23:00","1308/1309","JET BLUE","RECEPCION","19/01/2022","0","No"
"2,022","26","1","PXS","285-070122","MIA","GUA","11:00","23:00","1308/1309","JET BLUE","RECEPCION","26/01/2022","0","No"
"2,022","13","1","PXS","772-070122","MIA","GUA","11:00","23:00","1308/1309","JET BLUE","RECEPCION","13/01/2022","0","No"
"2,022","20","1","PXS","216-070122","MIA","GUA","11:00","23:00","1308/1309","JET BLUE","RECEPCION","20/01/2022","0","No"
"2,022","27","1","PXS","23-070122","MIA","GUA","11:00","23:00","1308/1309","JET BLUE","RECEPCION","27/01/2022","0","No"
"2,022","7","1","SAP","281-070122","MIA","GUA","11:00","23:00","1308/1309","JET BLUE","RECEPCION","07/01/2022","0","No"
"2,022","14","1","SAP","456-070122","MIA","GUA","11:00","23:00","1308/1309","JET BLUE","RECEPCION","14/01/2022","0","No"
"2,022","21","1","SAP","173-070122","MIA","GUA","11:00","23:00","1308/1309","JET BLUE","RECEPCION","21/01/2022","0","No"
"2,022","28","1","SAP","454-070122","MIA","GUA","11:00","23:00","1308/1309","JET BLUE","RECEPCION","28/01/2022","0","No"
"2,022","8","1","SAP","313-070122","MIA","GUA","11:00","23:00","1308/1309","JET BLUE","RECEPCION","08/01/2022","0","No"
"2,022","15","1","SAP","21-070122","MIA","GUA","11:00","23:00","1308/1309","JET BLUE","RECEPCION","15/01/2022","0","No"
"2,022","22","1","SAP","166-070122","MIA","GUA","11:00","23:00","1308/1309","JET BLUE","RECEPCION","22/01/2022","0","No"
"2,022","29","1","SAP","74-070122","MIA","GUA","11:00","23:00","1308/1309","JET BLUE","RECEPCION","29/01/2022","0","No"
"2,022","9","1","SAP","432-070122","MIA","GUA","11:00","23:00","1308/1309","JET BLUE","RECEPCION","09/01/2022","0","No"
"2,022","16","1","SAP","710-070122","MIA","GUA","11:00","23:00","1308/1309","JET BLUE","RECEPCION","16/01/2022","0","No"
"2,022","23","1","SAP","633-070122","MIA","GUA","11:00","23:00","1308/1309","JET BLUE","RECEPCION","23/01/2022","0","No"
"2,022","30","1","SAP","808-070122","MIA","GUA","11:00","23:00","1308/1309","JET BLUE","RECEPCION","30/01/2022","0","No"
"2,022","10","1","SAP","790-070122","MIA","GUA","11:00","23:00","1308/1309","JET BLUE","RECEPCION","10/01/2022","0","No"
"2,022","17","1","SAP","388-070122","MIA","GUA","11:00","23:00","1308/1309","JET BLUE","RECEPCION","17/01/2022","0","No"
"2,022","24","1","SAP","922-070122","MIA","GUA","11:00","23:00","1308/1309","JET BLUE","RECEPCION","24/01/2022","0","No"
"2,022","31","1","SAP","596-070122","MIA","GUA","11:00","23:00","1308/1309","JET BLUE","RECEPCION","31/01/2022","0","No"
"2,022","11","1","SAP","74-070122","MIA","GUA","11:00","23:00","1308/1309","JET BLUE","RECEPCION","11/01/2022","0","No"
"2,022","18","1","SAP","115-070122","MIA","GUA","11:00","23:00","1308/1309","JET BLUE","RECEPCION","18/01/2022","0","No"
"2,022","25","1","SAP","201-070122","MIA","GUA","11:00","23:00","1308/1309","JET BLUE","RECEPCION","25/01/2022","0","No"
"2,022","12","1","SAP","531-070122","MIA","GUA","11:00","23:00","1308/1309","JET BLUE","RECEPCION","12/01/2022","0","No"
"2,022","19","1","SAP","997-070122","MIA","GUA","11:00","23:00","1308/1309","JET BLUE","RECEPCION","19/01/2022","0","No"
"2,022","26","1","SAP","804-070122","MIA","GUA","11:00","23:00","1308/1309","JET BLUE","RECEPCION","26/01/2022","0","No"
"2,022","13","1","SAP","474-070122","MIA","GUA","11:00","23:00","1308/1309","JET BLUE","RECEPCION","13/01/2022","0","No"
"2,022","20","1","SAP","276-070122","MIA","GUA","11:00","23:00","1308/1309","JET BLUE","RECEPCION","20/01/2022","0","No"
"2,022","27","1","SAP","559-070122","MIA","GUA","11:00","23:00","1308/1309","JET BLUE","RECEPCION","27/01/2022","0","No"
"2,022","7","1","MANTO","640-070122","GUA","GVA","09:00","13:00","005","UPS",,"07/01/2022","0","No"
"2,022","14","1","MANTO","448-070122","GUA","GVA","09:00","13:00","005","UPS",,"14/01/2022","0","No"
"2,022","8","1","MANTO","812-070122","GUA","GVA","09:00","13:00","005","UPS",,"08/01/2022","0","No"
"2,022","15","1","MANTO","435-070122","GUA","GVA","09:00","13:00","005","UPS",,"15/01/2022","0","No"
"2,022","9","1","MANTO","563-070122","GUA","GVA","09:00","13:00","005","UPS",,"09/01/2022","0","No"
"2,022","16","1","MANTO","690-070122","GUA","GVA","09:00","13:00","005","UPS",,"16/01/2022","0","No"
"2,022","7","1","FBO","749-070122","GUA","GVA","09:00","13:00","005","UPS",,"07/01/2022","0","No"
"2,022","14","1","FBO","370-070122","GUA","GVA","09:00","13:00","005","UPS",,"14/01/2022","0","No"
"2,022","8","1","FBO","972-070122","GUA","GVA","09:00","13:00","005","UPS",,"08/01/2022","0","No"
"2,022","15","1","FBO","63-070122","GUA","GVA","09:00","13:00","005","UPS",,"15/01/2022","0","No"
"2,022","9","1","FBO","702-070122","GUA","GVA","09:00","13:00","005","UPS",,"09/01/2022","0","No"
"2,022","16","1","FBO","98-070122","GUA","GVA","09:00","13:00","005","UPS",,"16/01/2022","0","No"
"2,022","7","1","CCO","460-070122","NIC","GUA","15:00","10:15","5701/4700","AEROUNION","RECEPCION","07/01/2022","0","No"
"2,022","14","1","CCO","162-070122","NIC","GUA","15:00","10:15","5701/4700","AEROUNION","RECEPCION","14/01/2022","0","No"
"2,022","21","1","CCO","52-070122","NIC","GUA","15:00","10:15","5701/4700","AEROUNION","RECEPCION","21/01/2022","0","No"
"2,022","28","1","CCO","658-070122","NIC","GUA","15:00","10:15","5701/4700","AEROUNION","RECEPCION","28/01/2022","0","No"
"2,022","4","2","CCO","144-070122","NIC","GUA","15:00","10:15","5701/4700","AEROUNION","RECEPCION","04/02/2022","0","No"
"2,022","11","2","CCO","971-070122","NIC","GUA","15:00","10:15","5701/4700","AEROUNION","RECEPCION","11/02/2022","0","No"
"2,022","8","1","CCO","364-070122","NIC","GUA","15:00","10:15","5701/4700","AEROUNION","RECEPCION","08/01/2022","0","No"
"2,022","15","1","CCO","570-070122","NIC","GUA","15:00","10:15","5701/4700","AEROUNION","RECEPCION","15/01/2022","0","No"
"2,022","22","1","CCO","614-070122","NIC","GUA","15:00","10:15","5701/4700","AEROUNION","RECEPCION","22/01/2022","0","No"
"2,022","29","1","CCO","162-070122","NIC","GUA","15:00","10:15","5701/4700","AEROUNION","RECEPCION","29/01/2022","0","No"
"2,022","5","2","CCO","281-070122","NIC","GUA","15:00","10:15","5701/4700","AEROUNION","RECEPCION","05/02/2022","0","No"
"2,022","12","2","CCO","804-070122","NIC","GUA","15:00","10:15","5701/4700","AEROUNION","RECEPCION","12/02/2022","0","No"
"2,022","9","1","CCO","579-070122","NIC","GUA","15:00","10:15","5701/4700","AEROUNION","RECEPCION","09/01/2022","0","No"
"2,022","16","1","CCO","825-070122","NIC","GUA","15:00","10:15","5701/4700","AEROUNION","RECEPCION","16/01/2022","0","No"
"2,022","23","1","CCO","71-070122","NIC","GUA","15:00","10:15","5701/4700","AEROUNION","RECEPCION","23/01/2022","0","No"
"2,022","30","1","CCO","678-070122","NIC","GUA","15:00","10:15","5701/4700","AEROUNION","RECEPCION","30/01/2022","0","No"
"2,022","6","2","CCO","915-070122","NIC","GUA","15:00","10:15","5701/4700","AEROUNION","RECEPCION","06/02/2022","0","No"
"2,022","13","2","CCO","555-070122","NIC","GUA","15:00","10:15","5701/4700","AEROUNION","RECEPCION","13/02/2022","0","No"
"2,022","10","1","CCO","690-070122","NIC","GUA","15:00","10:15","5701/4700","AEROUNION","RECEPCION","10/01/2022","0","No"
"2,022","17","1","CCO","485-070122","NIC","GUA","15:00","10:15","5701/4700","AEROUNION","RECEPCION","17/01/2022","0","No"
"2,022","24","1","CCO","354-070122","NIC","GUA","15:00","10:15","5701/4700","AEROUNION","RECEPCION","24/01/2022","0","No"
"2,022","31","1","CCO","791-070122","NIC","GUA","15:00","10:15","5701/4700","AEROUNION","RECEPCION","31/01/2022","0","No"
"2,022","7","2","CCO","516-070122","NIC","GUA","15:00","10:15","5701/4700","AEROUNION","RECEPCION","07/02/2022","0","No"
"2,022","14","2","CCO","390-070122","NIC","GUA","15:00","10:15","5701/4700","AEROUNION","RECEPCION","14/02/2022","0","No"
"2,022","11","1","CCO","215-070122","NIC","GUA","15:00","10:15","5701/4700","AEROUNION","RECEPCION","11/01/2022","0","No"
"2,022","18","1","CCO","341-070122","NIC","GUA","15:00","10:15","5701/4700","AEROUNION","RECEPCION","18/01/2022","0","No"
"2,022","25","1","CCO","823-070122","NIC","GUA","15:00","10:15","5701/4700","AEROUNION","RECEPCION","25/01/2022","0","No"
"2,022","1","2","CCO","522-070122","NIC","GUA","15:00","10:15","5701/4700","AEROUNION","RECEPCION","01/02/2022","0","No"
"2,022","8","2","CCO","603-070122","NIC","GUA","15:00","10:15","5701/4700","AEROUNION","RECEPCION","08/02/2022","0","No"
"2,022","15","2","CCO","664-070122","NIC","GUA","15:00","10:15","5701/4700","AEROUNION","RECEPCION","15/02/2022","0","No"
"2,022","12","1","CCO","358-070122","NIC","GUA","15:00","10:15","5701/4700","AEROUNION","RECEPCION","12/01/2022","0","No"
"2,022","19","1","CCO","265-070122","NIC","GUA","15:00","10:15","5701/4700","AEROUNION","RECEPCION","19/01/2022","0","No"
"2,022","26","1","CCO","118-070122","NIC","GUA","15:00","10:15","5701/4700","AEROUNION","RECEPCION","26/01/2022","0","No"
"2,022","2","2","CCO","944-070122","NIC","GUA","15:00","10:15","5701/4700","AEROUNION","RECEPCION","02/02/2022","0","No"
"2,022","9","2","CCO","796-070122","NIC","GUA","15:00","10:15","5701/4700","AEROUNION","RECEPCION","09/02/2022","0","No"
"2,022","16","2","CCO","453-070122","NIC","GUA","15:00","10:15","5701/4700","AEROUNION","RECEPCION","16/02/2022","0","No"
"2,022","13","1","CCO","730-070122","NIC","GUA","15:00","10:15","5701/4700","AEROUNION","RECEPCION","13/01/2022","0","No"
"2,022","20","1","CCO","531-070122","NIC","GUA","15:00","10:15","5701/4700","AEROUNION","RECEPCION","20/01/2022","0","No"
"2,022","27","1","CCO","123-070122","NIC","GUA","15:00","10:15","5701/4700","AEROUNION","RECEPCION","27/01/2022","0","No"
"2,022","3","2","CCO","268-070122","NIC","GUA","15:00","10:15","5701/4700","AEROUNION","RECEPCION","03/02/2022","0","No"
"2,022","10","2","CCO","289-070122","NIC","GUA","15:00","10:15","5701/4700","AEROUNION","RECEPCION","10/02/2022","0","No"
"2,022","17","2","CCO","669-070122","NIC","GUA","15:00","10:15","5701/4700","AEROUNION","RECEPCION","17/02/2022","0","No"
"2,022","7","1","CGO","387-070122","NIC","GUA","15:00","10:15","5701/4700","AEROUNION","RECEPCION","07/01/2022","0","No"
"2,022","14","1","CGO","76-070122","NIC","GUA","15:00","10:15","5701/4700","AEROUNION","RECEPCION","14/01/2022","0","No"
"2,022","21","1","CGO","477-070122","NIC","GUA","15:00","10:15","5701/4700","AEROUNION","RECEPCION","21/01/2022","0","No"
"2,022","28","1","CGO","645-070122","NIC","GUA","15:00","10:15","5701/4700","AEROUNION","RECEPCION","28/01/2022","0","No"
"2,022","4","2","CGO","492-070122","NIC","GUA","15:00","10:15","5701/4700","AEROUNION","RECEPCION","04/02/2022","0","No"
"2,022","11","2","CGO","404-070122","NIC","GUA","15:00","10:15","5701/4700","AEROUNION","RECEPCION","11/02/2022","0","No"
"2,022","8","1","CGO","453-070122","NIC","GUA","15:00","10:15","5701/4700","AEROUNION","RECEPCION","08/01/2022","0","No"
"2,022","15","1","CGO","542-070122","NIC","GUA","15:00","10:15","5701/4700","AEROUNION","RECEPCION","15/01/2022","0","No"
"2,022","22","1","CGO","332-070122","NIC","GUA","15:00","10:15","5701/4700","AEROUNION","RECEPCION","22/01/2022","0","No"
"2,022","29","1","CGO","708-070122","NIC","GUA","15:00","10:15","5701/4700","AEROUNION","RECEPCION","29/01/2022","0","No"
"2,022","5","2","CGO","62-070122","NIC","GUA","15:00","10:15","5701/4700","AEROUNION","RECEPCION","05/02/2022","0","No"
"2,022","12","2","CGO","386-070122","NIC","GUA","15:00","10:15","5701/4700","AEROUNION","RECEPCION","12/02/2022","0","No"
"2,022","9","1","CGO","81-070122","NIC","GUA","15:00","10:15","5701/4700","AEROUNION","RECEPCION","09/01/2022","0","No"
"2,022","16","1","CGO","771-070122","NIC","GUA","15:00","10:15","5701/4700","AEROUNION","RECEPCION","16/01/2022","0","No"
"2,022","23","1","CGO","583-070122","NIC","GUA","15:00","10:15","5701/4700","AEROUNION","RECEPCION","23/01/2022","0","No"
"2,022","30","1","CGO","152-070122","NIC","GUA","15:00","10:15","5701/4700","AEROUNION","RECEPCION","30/01/2022","0","No"
"2,022","6","2","CGO","254-070122","NIC","GUA","15:00","10:15","5701/4700","AEROUNION","RECEPCION","06/02/2022","0","No"
"2,022","13","2","CGO","138-070122","NIC","GUA","15:00","10:15","5701/4700","AEROUNION","RECEPCION","13/02/2022","0","No"
"2,022","10","1","CGO","979-070122","NIC","GUA","15:00","10:15","5701/4700","AEROUNION","RECEPCION","10/01/2022","0","No"
"2,022","17","1","CGO","977-070122","NIC","GUA","15:00","10:15","5701/4700","AEROUNION","RECEPCION","17/01/2022","0","No"
"2,022","24","1","CGO","228-070122","NIC","GUA","15:00","10:15","5701/4700","AEROUNION","RECEPCION","24/01/2022","0","No"
"2,022","31","1","CGO","223-070122","NIC","GUA","15:00","10:15","5701/4700","AEROUNION","RECEPCION","31/01/2022","0","No"
"2,022","7","2","CGO","703-070122","NIC","GUA","15:00","10:15","5701/4700","AEROUNION","RECEPCION","07/02/2022","0","No"
"2,022","14","2","CGO","918-070122","NIC","GUA","15:00","10:15","5701/4700","AEROUNION","RECEPCION","14/02/2022","0","No"
"2,022","11","1","CGO","429-070122","NIC","GUA","15:00","10:15","5701/4700","AEROUNION","RECEPCION","11/01/2022","0","No"
"2,022","18","1","CGO","325-070122","NIC","GUA","15:00","10:15","5701/4700","AEROUNION","RECEPCION","18/01/2022","0","No"
"2,022","25","1","CGO","288-070122","NIC","GUA","15:00","10:15","5701/4700","AEROUNION","RECEPCION","25/01/2022","0","No"
"2,022","1","2","CGO","168-070122","NIC","GUA","15:00","10:15","5701/4700","AEROUNION","RECEPCION","01/02/2022","0","No"
"2,022","8","2","CGO","961-070122","NIC","GUA","15:00","10:15","5701/4700","AEROUNION","RECEPCION","08/02/2022","0","No"
"2,022","15","2","CGO","294-070122","NIC","GUA","15:00","10:15","5701/4700","AEROUNION","RECEPCION","15/02/2022","0","No"
"2,022","12","1","CGO","962-070122","NIC","GUA","15:00","10:15","5701/4700","AEROUNION","RECEPCION","12/01/2022","0","No"
"2,022","19","1","CGO","905-070122","NIC","GUA","15:00","10:15","5701/4700","AEROUNION","RECEPCION","19/01/2022","0","No"
"2,022","26","1","CGO","129-070122","NIC","GUA","15:00","10:15","5701/4700","AEROUNION","RECEPCION","26/01/2022","0","No"
"2,022","2","2","CGO","348-070122","NIC","GUA","15:00","10:15","5701/4700","AEROUNION","RECEPCION","02/02/2022","0","No"
"2,022","9","2","CGO","202-070122","NIC","GUA","15:00","10:15","5701/4700","AEROUNION","RECEPCION","09/02/2022","0","No"
"2,022","16","2","CGO","337-070122","NIC","GUA","15:00","10:15","5701/4700","AEROUNION","RECEPCION","16/02/2022","0","No"
"2,022","13","1","CGO","440-070122","NIC","GUA","15:00","10:15","5701/4700","AEROUNION","RECEPCION","13/01/2022","0","No"
"2,022","20","1","CGO","29-070122","NIC","GUA","15:00","10:15","5701/4700","AEROUNION","RECEPCION","20/01/2022","0","No"
"2,022","27","1","CGO","390-070122","NIC","GUA","15:00","10:15","5701/4700","AEROUNION","RECEPCION","27/01/2022","0","No"
"2,022","3","2","CGO","537-070122","NIC","GUA","15:00","10:15","5701/4700","AEROUNION","RECEPCION","03/02/2022","0","No"
"2,022","10","2","CGO","451-070122","NIC","GUA","15:00","10:15","5701/4700","AEROUNION","RECEPCION","10/02/2022","0","No"
"2,022","17","2","CGO","973-070122","NIC","GUA","15:00","10:15","5701/4700","AEROUNION","RECEPCION","17/02/2022","0","No"
"2,022","7","1","FBO","936-070122","NIC","GUA","15:00","10:15","5701/4700","AEROUNION","RECEPCION","07/01/2022","0","No"
"2,022","14","1","FBO","784-070122","NIC","GUA","15:00","10:15","5701/4700","AEROUNION","RECEPCION","14/01/2022","0","No"
"2,022","21","1","FBO","103-070122","NIC","GUA","15:00","10:15","5701/4700","AEROUNION","RECEPCION","21/01/2022","0","No"
"2,022","28","1","FBO","623-070122","NIC","GUA","15:00","10:15","5701/4700","AEROUNION","RECEPCION","28/01/2022","0","No"
"2,022","4","2","FBO","812-070122","NIC","GUA","15:00","10:15","5701/4700","AEROUNION","RECEPCION","04/02/2022","0","No"
"2,022","11","2","FBO","429-070122","NIC","GUA","15:00","10:15","5701/4700","AEROUNION","RECEPCION","11/02/2022","0","No"
"2,022","8","1","FBO","13-070122","NIC","GUA","15:00","10:15","5701/4700","AEROUNION","RECEPCION","08/01/2022","0","No"
"2,022","15","1","FBO","394-070122","NIC","GUA","15:00","10:15","5701/4700","AEROUNION","RECEPCION","15/01/2022","0","No"
"2,022","22","1","FBO","64-070122","NIC","GUA","15:00","10:15","5701/4700","AEROUNION","RECEPCION","22/01/2022","0","No"
"2,022","29","1","FBO","2-070122","NIC","GUA","15:00","10:15","5701/4700","AEROUNION","RECEPCION","29/01/2022","0","No"
"2,022","5","2","FBO","164-070122","NIC","GUA","15:00","10:15","5701/4700","AEROUNION","RECEPCION","05/02/2022","0","No"
"2,022","12","2","FBO","851-070122","NIC","GUA","15:00","10:15","5701/4700","AEROUNION","RECEPCION","12/02/2022","0","No"
"2,022","9","1","FBO","797-070122","NIC","GUA","15:00","10:15","5701/4700","AEROUNION","RECEPCION","09/01/2022","0","No"
"2,022","16","1","FBO","918-070122","NIC","GUA","15:00","10:15","5701/4700","AEROUNION","RECEPCION","16/01/2022","0","No"
"2,022","23","1","FBO","920-070122","NIC","GUA","15:00","10:15","5701/4700","AEROUNION","RECEPCION","23/01/2022","0","No"
"2,022","30","1","FBO","227-070122","NIC","GUA","15:00","10:15","5701/4700","AEROUNION","RECEPCION","30/01/2022","0","No"
"2,022","6","2","FBO","342-070122","NIC","GUA","15:00","10:15","5701/4700","AEROUNION","RECEPCION","06/02/2022","0","No"
"2,022","13","2","FBO","66-070122","NIC","GUA","15:00","10:15","5701/4700","AEROUNION","RECEPCION","13/02/2022","0","No"
"2,022","10","1","FBO","350-070122","NIC","GUA","15:00","10:15","5701/4700","AEROUNION","RECEPCION","10/01/2022","0","No"
"2,022","17","1","FBO","638-070122","NIC","GUA","15:00","10:15","5701/4700","AEROUNION","RECEPCION","17/01/2022","0","No"
"2,022","24","1","FBO","4-070122","NIC","GUA","15:00","10:15","5701/4700","AEROUNION","RECEPCION","24/01/2022","0","No"
"2,022","31","1","FBO","886-070122","NIC","GUA","15:00","10:15","5701/4700","AEROUNION","RECEPCION","31/01/2022","0","No"
"2,022","7","2","FBO","144-070122","NIC","GUA","15:00","10:15","5701/4700","AEROUNION","RECEPCION","07/02/2022","0","No"
"2,022","14","2","FBO","11-070122","NIC","GUA","15:00","10:15","5701/4700","AEROUNION","RECEPCION","14/02/2022","0","No"
"2,022","11","1","FBO","759-070122","NIC","GUA","15:00","10:15","5701/4700","AEROUNION","RECEPCION","11/01/2022","0","No"
"2,022","18","1","FBO","548-070122","NIC","GUA","15:00","10:15","5701/4700","AEROUNION","RECEPCION","18/01/2022","0","No"
"2,022","25","1","FBO","107-070122","NIC","GUA","15:00","10:15","5701/4700","AEROUNION","RECEPCION","25/01/2022","0","No"
"2,022","1","2","FBO","332-070122","NIC","GUA","15:00","10:15","5701/4700","AEROUNION","RECEPCION","01/02/2022","0","No"
"2,022","8","2","FBO","179-070122","NIC","GUA","15:00","10:15","5701/4700","AEROUNION","RECEPCION","08/02/2022","0","No"
"2,022","15","2","FBO","143-070122","NIC","GUA","15:00","10:15","5701/4700","AEROUNION","RECEPCION","15/02/2022","0","No"
"2,022","12","1","FBO","170-070122","NIC","GUA","15:00","10:15","5701/4700","AEROUNION","RECEPCION","12/01/2022","0","No"
"2,022","19","1","FBO","362-070122","NIC","GUA","15:00","10:15","5701/4700","AEROUNION","RECEPCION","19/01/2022","0","No"
"2,022","26","1","FBO","949-070122","NIC","GUA","15:00","10:15","5701/4700","AEROUNION","RECEPCION","26/01/2022","0","No"
"2,022","2","2","FBO","25-070122","NIC","GUA","15:00","10:15","5701/4700","AEROUNION","RECEPCION","02/02/2022","0","No"
"2,022","9","2","FBO","343-070122","NIC","GUA","15:00","10:15","5701/4700","AEROUNION","RECEPCION","09/02/2022","0","No"
"2,022","16","2","FBO","634-070122","NIC","GUA","15:00","10:15","5701/4700","AEROUNION","RECEPCION","16/02/2022","0","No"
"2,022","13","1","FBO","651-070122","NIC","GUA","15:00","10:15","5701/4700","AEROUNION","RECEPCION","13/01/2022","0","No"
"2,022","20","1","FBO","920-070122","NIC","GUA","15:00","10:15","5701/4700","AEROUNION","RECEPCION","20/01/2022","0","No"
"2,022","27","1","FBO","670-070122","NIC","GUA","15:00","10:15","5701/4700","AEROUNION","RECEPCION","27/01/2022","0","No"
"2,022","3","2","FBO","581-070122","NIC","GUA","15:00","10:15","5701/4700","AEROUNION","RECEPCION","03/02/2022","0","No"
"2,022","10","2","FBO","489-070122","NIC","GUA","15:00","10:15","5701/4700","AEROUNION","RECEPCION","10/02/2022","0","No"
"2,022","17","2","FBO","346-070122","NIC","GUA","15:00","10:15","5701/4700","AEROUNION","RECEPCION","17/02/2022","0","No"
"2,022","7","1","MANTO","834-070122","NIC","GUA","15:00","10:15","5701/4700","AEROUNION","RECEPCION","07/01/2022","0","No"
"2,022","14","1","MANTO","291-070122","NIC","GUA","15:00","10:15","5701/4700","AEROUNION","RECEPCION","14/01/2022","0","No"
"2,022","21","1","MANTO","881-070122","NIC","GUA","15:00","10:15","5701/4700","AEROUNION","RECEPCION","21/01/2022","0","No"
"2,022","28","1","MANTO","307-070122","NIC","GUA","15:00","10:15","5701/4700","AEROUNION","RECEPCION","28/01/2022","0","No"
"2,022","4","2","MANTO","450-070122","NIC","GUA","15:00","10:15","5701/4700","AEROUNION","RECEPCION","04/02/2022","0","No"
"2,022","11","2","MANTO","780-070122","NIC","GUA","15:00","10:15","5701/4700","AEROUNION","RECEPCION","11/02/2022","0","No"
"2,022","8","1","MANTO","876-070122","NIC","GUA","15:00","10:15","5701/4700","AEROUNION","RECEPCION","08/01/2022","0","No"
"2,022","15","1","MANTO","519-070122","NIC","GUA","15:00","10:15","5701/4700","AEROUNION","RECEPCION","15/01/2022","0","No"
"2,022","22","1","MANTO","801-070122","NIC","GUA","15:00","10:15","5701/4700","AEROUNION","RECEPCION","22/01/2022","0","No"
"2,022","29","1","MANTO","106-070122","NIC","GUA","15:00","10:15","5701/4700","AEROUNION","RECEPCION","29/01/2022","0","No"
"2,022","5","2","MANTO","813-070122","NIC","GUA","15:00","10:15","5701/4700","AEROUNION","RECEPCION","05/02/2022","0","No"
"2,022","12","2","MANTO","175-070122","NIC","GUA","15:00","10:15","5701/4700","AEROUNION","RECEPCION","12/02/2022","0","No"
"2,022","9","1","MANTO","821-070122","NIC","GUA","15:00","10:15","5701/4700","AEROUNION","RECEPCION","09/01/2022","0","No"
"2,022","16","1","MANTO","98-070122","NIC","GUA","15:00","10:15","5701/4700","AEROUNION","RECEPCION","16/01/2022","0","No"
"2,022","23","1","MANTO","609-070122","NIC","GUA","15:00","10:15","5701/4700","AEROUNION","RECEPCION","23/01/2022","0","No"
"2,022","30","1","MANTO","813-070122","NIC","GUA","15:00","10:15","5701/4700","AEROUNION","RECEPCION","30/01/2022","0","No"
"2,022","6","2","MANTO","700-070122","NIC","GUA","15:00","10:15","5701/4700","AEROUNION","RECEPCION","06/02/2022","0","No"
"2,022","13","2","MANTO","423-070122","NIC","GUA","15:00","10:15","5701/4700","AEROUNION","RECEPCION","13/02/2022","0","No"
"2,022","10","1","MANTO","750-070122","NIC","GUA","15:00","10:15","5701/4700","AEROUNION","RECEPCION","10/01/2022","0","No"
"2,022","17","1","MANTO","964-070122","NIC","GUA","15:00","10:15","5701/4700","AEROUNION","RECEPCION","17/01/2022","0","No"
"2,022","24","1","MANTO","603-070122","NIC","GUA","15:00","10:15","5701/4700","AEROUNION","RECEPCION","24/01/2022","0","No"
"2,022","31","1","MANTO","344-070122","NIC","GUA","15:00","10:15","5701/4700","AEROUNION","RECEPCION","31/01/2022","0","No"
"2,022","7","2","MANTO","237-070122","NIC","GUA","15:00","10:15","5701/4700","AEROUNION","RECEPCION","07/02/2022","0","No"
"2,022","14","2","MANTO","887-070122","NIC","GUA","15:00","10:15","5701/4700","AEROUNION","RECEPCION","14/02/2022","0","No"
"2,022","11","1","MANTO","783-070122","NIC","GUA","15:00","10:15","5701/4700","AEROUNION","RECEPCION","11/01/2022","0","No"
"2,022","18","1","MANTO","146-070122","NIC","GUA","15:00","10:15","5701/4700","AEROUNION","RECEPCION","18/01/2022","0","No"
"2,022","25","1","MANTO","154-070122","NIC","GUA","15:00","10:15","5701/4700","AEROUNION","RECEPCION","25/01/2022","0","No"
"2,022","1","2","MANTO","74-070122","NIC","GUA","15:00","10:15","5701/4700","AEROUNION","RECEPCION","01/02/2022","0","No"
"2,022","8","2","MANTO","602-070122","NIC","GUA","15:00","10:15","5701/4700","AEROUNION","RECEPCION","08/02/2022","0","No"
"2,022","15","2","MANTO","43-070122","NIC","GUA","15:00","10:15","5701/4700","AEROUNION","RECEPCION","15/02/2022","0","No"
"2,022","12","1","MANTO","933-070122","NIC","GUA","15:00","10:15","5701/4700","AEROUNION","RECEPCION","12/01/2022","0","No"
"2,022","19","1","MANTO","499-070122","NIC","GUA","15:00","10:15","5701/4700","AEROUNION","RECEPCION","19/01/2022","0","No"
"2,022","26","1","MANTO","872-070122","NIC","GUA","15:00","10:15","5701/4700","AEROUNION","RECEPCION","26/01/2022","0","No"
"2,022","2","2","MANTO","508-070122","NIC","GUA","15:00","10:15","5701/4700","AEROUNION","RECEPCION","02/02/2022","0","No"
"2,022","9","2","MANTO","507-070122","NIC","GUA","15:00","10:15","5701/4700","AEROUNION","RECEPCION","09/02/2022","0","No"
"2,022","16","2","MANTO","710-070122","NIC","GUA","15:00","10:15","5701/4700","AEROUNION","RECEPCION","16/02/2022","0","No"
"2,022","13","1","MANTO","808-070122","NIC","GUA","15:00","10:15","5701/4700","AEROUNION","RECEPCION","13/01/2022","0","No"
"2,022","20","1","MANTO","802-070122","NIC","GUA","15:00","10:15","5701/4700","AEROUNION","RECEPCION","20/01/2022","0","No"
"2,022","27","1","MANTO","737-070122","NIC","GUA","15:00","10:15","5701/4700","AEROUNION","RECEPCION","27/01/2022","0","No"
"2,022","3","2","MANTO","689-070122","NIC","GUA","15:00","10:15","5701/4700","AEROUNION","RECEPCION","03/02/2022","0","No"
"2,022","10","2","MANTO","494-070122","NIC","GUA","15:00","10:15","5701/4700","AEROUNION","RECEPCION","10/02/2022","0","No"
"2,022","17","2","MANTO","301-070122","NIC","GUA","15:00","10:15","5701/4700","AEROUNION","RECEPCION","17/02/2022","0","No"
"2,022","7","1","PXS","520-070122","NIC","GUA","15:00","10:15","5701/4700","AEROUNION","RECEPCION","07/01/2022","0","No"
"2,022","14","1","PXS","515-070122","NIC","GUA","15:00","10:15","5701/4700","AEROUNION","RECEPCION","14/01/2022","0","No"
"2,022","21","1","PXS","896-070122","NIC","GUA","15:00","10:15","5701/4700","AEROUNION","RECEPCION","21/01/2022","0","No"
"2,022","28","1","PXS","510-070122","NIC","GUA","15:00","10:15","5701/4700","AEROUNION","RECEPCION","28/01/2022","0","No"
"2,022","4","2","PXS","14-070122","NIC","GUA","15:00","10:15","5701/4700","AEROUNION","RECEPCION","04/02/2022","0","No"
"2,022","11","2","PXS","922-070122","NIC","GUA","15:00","10:15","5701/4700","AEROUNION","RECEPCION","11/02/2022","0","No"
"2,022","8","1","PXS","798-070122","NIC","GUA","15:00","10:15","5701/4700","AEROUNION","RECEPCION","08/01/2022","0","No"
"2,022","15","1","PXS","614-070122","NIC","GUA","15:00","10:15","5701/4700","AEROUNION","RECEPCION","15/01/2022","0","No"
"2,022","22","1","PXS","996-070122","NIC","GUA","15:00","10:15","5701/4700","AEROUNION","RECEPCION","22/01/2022","0","No"
"2,022","29","1","PXS","273-070122","NIC","GUA","15:00","10:15","5701/4700","AEROUNION","RECEPCION","29/01/2022","0","No"
"2,022","5","2","PXS","458-070122","NIC","GUA","15:00","10:15","5701/4700","AEROUNION","RECEPCION","05/02/2022","0","No"
"2,022","12","2","PXS","213-070122","NIC","GUA","15:00","10:15","5701/4700","AEROUNION","RECEPCION","12/02/2022","0","No"
"2,022","9","1","PXS","925-070122","NIC","GUA","15:00","10:15","5701/4700","AEROUNION","RECEPCION","09/01/2022","0","No"
"2,022","16","1","PXS","567-070122","NIC","GUA","15:00","10:15","5701/4700","AEROUNION","RECEPCION","16/01/2022","0","No"
"2,022","23","1","PXS","867-070122","NIC","GUA","15:00","10:15","5701/4700","AEROUNION","RECEPCION","23/01/2022","0","No"
"2,022","30","1","PXS","182-070122","NIC","GUA","15:00","10:15","5701/4700","AEROUNION","RECEPCION","30/01/2022","0","No"
"2,022","6","2","PXS","192-070122","NIC","GUA","15:00","10:15","5701/4700","AEROUNION","RECEPCION","06/02/2022","0","No"
"2,022","13","2","PXS","60-070122","NIC","GUA","15:00","10:15","5701/4700","AEROUNION","RECEPCION","13/02/2022","0","No"
"2,022","10","1","PXS","700-070122","NIC","GUA","15:00","10:15","5701/4700","AEROUNION","RECEPCION","10/01/2022","0","No"
"2,022","17","1","PXS","105-070122","NIC","GUA","15:00","10:15","5701/4700","AEROUNION","RECEPCION","17/01/2022","0","No"
"2,022","24","1","PXS","182-070122","NIC","GUA","15:00","10:15","5701/4700","AEROUNION","RECEPCION","24/01/2022","0","No"
"2,022","31","1","PXS","132-070122","NIC","GUA","15:00","10:15","5701/4700","AEROUNION","RECEPCION","31/01/2022","0","No"
"2,022","7","2","PXS","275-070122","NIC","GUA","15:00","10:15","5701/4700","AEROUNION","RECEPCION","07/02/2022","0","No"
"2,022","14","2","PXS","383-070122","NIC","GUA","15:00","10:15","5701/4700","AEROUNION","RECEPCION","14/02/2022","0","No"
"2,022","11","1","PXS","397-070122","NIC","GUA","15:00","10:15","5701/4700","AEROUNION","RECEPCION","11/01/2022","0","No"
"2,022","18","1","PXS","196-070122","NIC","GUA","15:00","10:15","5701/4700","AEROUNION","RECEPCION","18/01/2022","0","No"
"2,022","25","1","PXS","516-070122","NIC","GUA","15:00","10:15","5701/4700","AEROUNION","RECEPCION","25/01/2022","0","No"
"2,022","1","2","PXS","348-070122","NIC","GUA","15:00","10:15","5701/4700","AEROUNION","RECEPCION","01/02/2022","0","No"
"2,022","8","2","PXS","558-070122","NIC","GUA","15:00","10:15","5701/4700","AEROUNION","RECEPCION","08/02/2022","0","No"
"2,022","15","2","PXS","839-070122","NIC","GUA","15:00","10:15","5701/4700","AEROUNION","RECEPCION","15/02/2022","0","No"
"2,022","12","1","PXS","444-070122","NIC","GUA","15:00","10:15","5701/4700","AEROUNION","RECEPCION","12/01/2022","0","No"
"2,022","19","1","PXS","595-070122","NIC","GUA","15:00","10:15","5701/4700","AEROUNION","RECEPCION","19/01/2022","0","No"
"2,022","26","1","PXS","887-070122","NIC","GUA","15:00","10:15","5701/4700","AEROUNION","RECEPCION","26/01/2022","0","No"
"2,022","2","2","PXS","296-070122","NIC","GUA","15:00","10:15","5701/4700","AEROUNION","RECEPCION","02/02/2022","0","No"
"2,022","9","2","PXS","951-070122","NIC","GUA","15:00","10:15","5701/4700","AEROUNION","RECEPCION","09/02/2022","0","No"
"2,022","16","2","PXS","228-070122","NIC","GUA","15:00","10:15","5701/4700","AEROUNION","RECEPCION","16/02/2022","0","No"
"2,022","13","1","PXS","329-070122","NIC","GUA","15:00","10:15","5701/4700","AEROUNION","RECEPCION","13/01/2022","0","No"
"2,022","20","1","PXS","199-070122","NIC","GUA","15:00","10:15","5701/4700","AEROUNION","RECEPCION","20/01/2022","0","No"
"2,022","27","1","PXS","740-070122","NIC","GUA","15:00","10:15","5701/4700","AEROUNION","RECEPCION","27/01/2022","0","No"
"2,022","3","2","PXS","973-070122","NIC","GUA","15:00","10:15","5701/4700","AEROUNION","RECEPCION","03/02/2022","0","No"
"2,022","10","2","PXS","500-070122","NIC","GUA","15:00","10:15","5701/4700","AEROUNION","RECEPCION","10/02/2022","0","No"
"2,022","17","2","PXS","90-070122","NIC","GUA","15:00","10:15","5701/4700","AEROUNION","RECEPCION","17/02/2022","0","No"
"2,022","7","1","PXS","411-070122","GUA","BOL","07:00","15:30","6141/6141","KLM","DESPACHO","07/01/2022","0","No"
"2,022","14","1","PXS","518-070122","GUA","BOL","07:00","15:30","6141/6141","KLM","DESPACHO","14/01/2022","0","No"
"2,022","21","1","PXS","458-070122","GUA","BOL","07:00","15:30","6141/6141","KLM","DESPACHO","21/01/2022","0","No"
"2,022","28","1","PXS","404-070122","GUA","BOL","07:00","15:30","6141/6141","KLM","DESPACHO","28/01/2022","0","No"
"2,022","4","2","PXS","965-070122","GUA","BOL","07:00","15:30","6141/6141","KLM","DESPACHO","04/02/2022","0","No"
"2,022","11","2","PXS","765-070122","GUA","BOL","07:00","15:30","6141/6141","KLM","DESPACHO","11/02/2022","0","No"
"2,022","10","1","PXS","520-070122","GUA","BOL","07:00","15:30","6141/6141","KLM","DESPACHO","10/01/2022","0","No"
"2,022","17","1","PXS","345-070122","GUA","BOL","07:00","15:30","6141/6141","KLM","DESPACHO","17/01/2022","0","No"
"2,022","24","1","PXS","12-070122","GUA","BOL","07:00","15:30","6141/6141","KLM","DESPACHO","24/01/2022","0","No"
"2,022","31","1","PXS","215-070122","GUA","BOL","07:00","15:30","6141/6141","KLM","DESPACHO","31/01/2022","0","No"
"2,022","7","2","PXS","643-070122","GUA","BOL","07:00","15:30","6141/6141","KLM","DESPACHO","07/02/2022","0","No"
"2,022","14","2","PXS","859-070122","GUA","BOL","07:00","15:30","6141/6141","KLM","DESPACHO","14/02/2022","0","No"
"2,022","11","1","PXS","671-070122","GUA","BOL","07:00","15:30","6141/6141","KLM","DESPACHO","11/01/2022","0","No"
"2,022","18","1","PXS","646-070122","GUA","BOL","07:00","15:30","6141/6141","KLM","DESPACHO","18/01/2022","0","No"
"2,022","25","1","PXS","50-070122","GUA","BOL","07:00","15:30","6141/6141","KLM","DESPACHO","25/01/2022","0","No"
"2,022","1","2","PXS","59-070122","GUA","BOL","07:00","15:30","6141/6141","KLM","DESPACHO","01/02/2022","0","No"
"2,022","8","2","PXS","470-070122","GUA","BOL","07:00","15:30","6141/6141","KLM","DESPACHO","08/02/2022","0","No"
"2,022","15","2","PXS","90-070122","GUA","BOL","07:00","15:30","6141/6141","KLM","DESPACHO","15/02/2022","0","No"
"2,022","12","1","PXS","353-070122","GUA","BOL","07:00","15:30","6141/6141","KLM","DESPACHO","12/01/2022","0","No"
"2,022","19","1","PXS","943-070122","GUA","BOL","07:00","15:30","6141/6141","KLM","DESPACHO","19/01/2022","0","No"
"2,022","26","1","PXS","858-070122","GUA","BOL","07:00","15:30","6141/6141","KLM","DESPACHO","26/01/2022","0","No"
"2,022","2","2","PXS","534-070122","GUA","BOL","07:00","15:30","6141/6141","KLM","DESPACHO","02/02/2022","0","No"
"2,022","9","2","PXS","496-070122","GUA","BOL","07:00","15:30","6141/6141","KLM","DESPACHO","09/02/2022","0","No"
"2,022","16","2","PXS","75-070122","GUA","BOL","07:00","15:30","6141/6141","KLM","DESPACHO","16/02/2022","0","No"
"2,022","13","1","PXS","507-070122","GUA","BOL","07:00","15:30","6141/6141","KLM","DESPACHO","13/01/2022","0","No"
"2,022","20","1","PXS","377-070122","GUA","BOL","07:00","15:30","6141/6141","KLM","DESPACHO","20/01/2022","0","No"
"2,022","27","1","PXS","250-070122","GUA","BOL","07:00","15:30","6141/6141","KLM","DESPACHO","27/01/2022","0","No"
"2,022","3","2","PXS","631-070122","GUA","BOL","07:00","15:30","6141/6141","KLM","DESPACHO","03/02/2022","0","No"
"2,022","10","2","PXS","22-070122","GUA","BOL","07:00","15:30","6141/6141","KLM","DESPACHO","10/02/2022","0","No"
"2,022","17","2","PXS","966-070122","GUA","BOL","07:00","15:30","6141/6141","KLM","DESPACHO","17/02/2022","0","No"
"2,022","7","1","SAP","786-070122","GUA","BOL","07:00","15:30","6141/6141","KLM","DESPACHO","07/01/2022","0","No"
"2,022","14","1","SAP","749-070122","GUA","BOL","07:00","15:30","6141/6141","KLM","DESPACHO","14/01/2022","0","No"
"2,022","21","1","SAP","477-070122","GUA","BOL","07:00","15:30","6141/6141","KLM","DESPACHO","21/01/2022","0","No"
"2,022","28","1","SAP","11-070122","GUA","BOL","07:00","15:30","6141/6141","KLM","DESPACHO","28/01/2022","0","No"
"2,022","4","2","SAP","23-070122","GUA","BOL","07:00","15:30","6141/6141","KLM","DESPACHO","04/02/2022","0","No"
"2,022","11","2","SAP","162-070122","GUA","BOL","07:00","15:30","6141/6141","KLM","DESPACHO","11/02/2022","0","No"
"2,022","10","1","SAP","741-070122","GUA","BOL","07:00","15:30","6141/6141","KLM","DESPACHO","10/01/2022","0","No"
"2,022","17","1","SAP","562-070122","GUA","BOL","07:00","15:30","6141/6141","KLM","DESPACHO","17/01/2022","0","No"
"2,022","24","1","SAP","543-070122","GUA","BOL","07:00","15:30","6141/6141","KLM","DESPACHO","24/01/2022","0","No"
"2,022","31","1","SAP","915-070122","GUA","BOL","07:00","15:30","6141/6141","KLM","DESPACHO","31/01/2022","0","No"
"2,022","7","2","SAP","225-070122","GUA","BOL","07:00","15:30","6141/6141","KLM","DESPACHO","07/02/2022","0","No"
"2,022","14","2","SAP","168-070122","GUA","BOL","07:00","15:30","6141/6141","KLM","DESPACHO","14/02/2022","0","No"
"2,022","11","1","SAP","919-070122","GUA","BOL","07:00","15:30","6141/6141","KLM","DESPACHO","11/01/2022","0","No"
"2,022","18","1","SAP","207-070122","GUA","BOL","07:00","15:30","6141/6141","KLM","DESPACHO","18/01/2022","0","No"
"2,022","25","1","SAP","148-070122","GUA","BOL","07:00","15:30","6141/6141","KLM","DESPACHO","25/01/2022","0","No"
"2,022","1","2","SAP","584-070122","GUA","BOL","07:00","15:30","6141/6141","KLM","DESPACHO","01/02/2022","0","No"
"2,022","8","2","SAP","269-070122","GUA","BOL","07:00","15:30","6141/6141","KLM","DESPACHO","08/02/2022","0","No"
"2,022","15","2","SAP","394-070122","GUA","BOL","07:00","15:30","6141/6141","KLM","DESPACHO","15/02/2022","0","No"
"2,022","12","1","SAP","742-070122","GUA","BOL","07:00","15:30","6141/6141","KLM","DESPACHO","12/01/2022","0","No"
"2,022","19","1","SAP","564-070122","GUA","BOL","07:00","15:30","6141/6141","KLM","DESPACHO","19/01/2022","0","No"
"2,022","26","1","SAP","129-070122","GUA","BOL","07:00","15:30","6141/6141","KLM","DESPACHO","26/01/2022","0","No"
"2,022","2","2","SAP","771-070122","GUA","BOL","07:00","15:30","6141/6141","KLM","DESPACHO","02/02/2022","0","No"
"2,022","9","2","SAP","983-070122","GUA","BOL","07:00","15:30","6141/6141","KLM","DESPACHO","09/02/2022","0","No"
"2,022","16","2","SAP","640-070122","GUA","BOL","07:00","15:30","6141/6141","KLM","DESPACHO","16/02/2022","0","No"
"2,022","13","1","SAP","860-070122","GUA","BOL","07:00","15:30","6141/6141","KLM","DESPACHO","13/01/2022","0","No"
"2,022","20","1","SAP","809-070122","GUA","BOL","07:00","15:30","6141/6141","KLM","DESPACHO","20/01/2022","0","No"
"2,022","27","1","SAP","172-070122","GUA","BOL","07:00","15:30","6141/6141","KLM","DESPACHO","27/01/2022","0","No"
"2,022","3","2","SAP","186-070122","GUA","BOL","07:00","15:30","6141/6141","KLM","DESPACHO","03/02/2022","0","No"
"2,022","10","2","SAP","529-070122","GUA","BOL","07:00","15:30","6141/6141","KLM","DESPACHO","10/02/2022","0","No"
"2,022","17","2","SAP","912-070122","GUA","BOL","07:00","15:30","6141/6141","KLM","DESPACHO","17/02/2022","0","No"
"2,022","7","1","FBO","229-070122","GUA","NIG","03:04","04:05","1801/1802","NATIONAL CARGO",,"07/01/2022","0","No"
"2,022","14","1","FBO","846-070122","GUA","NIG","03:04","04:05","1801/1802","NATIONAL CARGO",,"14/01/2022","0","No"
"2,022","21","1","FBO","937-070122","GUA","NIG","03:04","04:05","1801/1802","NATIONAL CARGO",,"21/01/2022","0","No"
"2,022","8","1","FBO","414-070122","GUA","NIG","03:04","04:05","1801/1802","NATIONAL CARGO",,"08/01/2022","0","No"
"2,022","15","1","FBO","829-070122","GUA","NIG","03:04","04:05","1801/1802","NATIONAL CARGO",,"15/01/2022","0","No"
"2,022","22","1","FBO","16-070122","GUA","NIG","03:04","04:05","1801/1802","NATIONAL CARGO",,"22/01/2022","0","No"
"2,022","9","1","FBO","775-070122","GUA","NIG","03:04","04:05","1801/1802","NATIONAL CARGO",,"09/01/2022","0","No"
"2,022","16","1","FBO","762-070122","GUA","NIG","03:04","04:05","1801/1802","NATIONAL CARGO",,"16/01/2022","0","No"
"2,022","23","1","FBO","127-070122","GUA","NIG","03:04","04:05","1801/1802","NATIONAL CARGO",,"23/01/2022","0","No"
"2,022","10","1","FBO","662-070122","GUA","NIG","03:04","04:05","1801/1802","NATIONAL CARGO",,"10/01/2022","0","No"
"2,022","17","1","FBO","326-070122","GUA","NIG","03:04","04:05","1801/1802","NATIONAL CARGO",,"17/01/2022","0","No"
"2,022","24","1","FBO","971-070122","GUA","NIG","03:04","04:05","1801/1802","NATIONAL CARGO",,"24/01/2022","0","No"
"2,022","11","1","FBO","922-070122","GUA","NIG","03:04","04:05","1801/1802","NATIONAL CARGO",,"11/01/2022","0","No"
"2,022","18","1","FBO","177-070122","GUA","NIG","03:04","04:05","1801/1802","NATIONAL CARGO",,"18/01/2022","0","No"
"2,022","25","1","FBO","156-070122","GUA","NIG","03:04","04:05","1801/1802","NATIONAL CARGO",,"25/01/2022","0","No"
"2,022","12","1","FBO","772-070122","GUA","NIG","03:04","04:05","1801/1802","NATIONAL CARGO",,"12/01/2022","0","No"
"2,022","19","1","FBO","753-070122","GUA","NIG","03:04","04:05","1801/1802","NATIONAL CARGO",,"19/01/2022","0","No"
"2,022","26","1","FBO","499-070122","GUA","NIG","03:04","04:05","1801/1802","NATIONAL CARGO",,"26/01/2022","0","No"
"2,022","13","1","FBO","696-070122","GUA","NIG","03:04","04:05","1801/1802","NATIONAL CARGO",,"13/01/2022","0","No"
"2,022","20","1","FBO","175-070122","GUA","NIG","03:04","04:05","1801/1802","NATIONAL CARGO",,"20/01/2022","0","No"
"2,022","27","1","FBO","416-070122","GUA","NIG","03:04","04:05","1801/1802","NATIONAL CARGO",,"27/01/2022","0","No"
"2,022","7","1","MANTO","560-070122","GUA","NIG","03:04","04:05","1801/1802","NATIONAL CARGO",,"07/01/2022","0","No"
"2,022","14","1","MANTO","737-070122","GUA","NIG","03:04","04:05","1801/1802","NATIONAL CARGO",,"14/01/2022","0","No"
"2,022","21","1","MANTO","231-070122","GUA","NIG","03:04","04:05","1801/1802","NATIONAL CARGO",,"21/01/2022","0","No"
"2,022","8","1","MANTO","759-070122","GUA","NIG","03:04","04:05","1801/1802","NATIONAL CARGO",,"08/01/2022","0","No"
"2,022","15","1","MANTO","405-070122","GUA","NIG","03:04","04:05","1801/1802","NATIONAL CARGO",,"15/01/2022","0","No"
"2,022","22","1","MANTO","248-070122","GUA","NIG","03:04","04:05","1801/1802","NATIONAL CARGO",,"22/01/2022","0","No"
"2,022","9","1","MANTO","289-070122","GUA","NIG","03:04","04:05","1801/1802","NATIONAL CARGO",,"09/01/2022","0","No"
"2,022","16","1","MANTO","997-070122","GUA","NIG","03:04","04:05","1801/1802","NATIONAL CARGO",,"16/01/2022","0","No"
"2,022","23","1","MANTO","991-070122","GUA","NIG","03:04","04:05","1801/1802","NATIONAL CARGO",,"23/01/2022","0","No"
"2,022","10","1","MANTO","550-070122","GUA","NIG","03:04","04:05","1801/1802","NATIONAL CARGO",,"10/01/2022","0","No"
"2,022","17","1","MANTO","892-070122","GUA","NIG","03:04","04:05","1801/1802","NATIONAL CARGO",,"17/01/2022","0","No"
"2,022","24","1","MANTO","239-070122","GUA","NIG","03:04","04:05","1801/1802","NATIONAL CARGO",,"24/01/2022","0","No"
"2,022","11","1","MANTO","132-070122","GUA","NIG","03:04","04:05","1801/1802","NATIONAL CARGO",,"11/01/2022","0","No"
"2,022","18","1","MANTO","177-070122","GUA","NIG","03:04","04:05","1801/1802","NATIONAL CARGO",,"18/01/2022","0","No"
"2,022","25","1","MANTO","610-070122","GUA","NIG","03:04","04:05","1801/1802","NATIONAL CARGO",,"25/01/2022","0","No"
"2,022","12","1","MANTO","51-070122","GUA","NIG","03:04","04:05","1801/1802","NATIONAL CARGO",,"12/01/2022","0","No"
"2,022","19","1","MANTO","526-070122","GUA","NIG","03:04","04:05","1801/1802","NATIONAL CARGO",,"19/01/2022","0","No"
"2,022","26","1","MANTO","490-070122","GUA","NIG","03:04","04:05","1801/1802","NATIONAL CARGO",,"26/01/2022","0","No"
"2,022","13","1","MANTO","453-070122","GUA","NIG","03:04","04:05","1801/1802","NATIONAL CARGO",,"13/01/2022","0","No"
"2,022","20","1","MANTO","438-070122","GUA","NIG","03:04","04:05","1801/1802","NATIONAL CARGO",,"20/01/2022","0","No"
"2,022","27","1","MANTO","706-070122","GUA","NIG","03:04","04:05","1801/1802","NATIONAL CARGO",,"27/01/2022","0","No"
"2,022","7","1","CCO","83-070122","CAN","USA","11:00","12:00","496","LATAM CARGO","TRANSITO","07/01/2022","0","No"
"2,022","10","1","CCO","285-070122","CAN","USA","11:00","12:00","496","LATAM CARGO","TRANSITO","10/01/2022","0","No"
"2,022","11","1","CCO","533-070122","CAN","USA","11:00","12:00","496","LATAM CARGO","TRANSITO","11/01/2022","0","No"
"2,022","12","1","CCO","654-070122","CAN","USA","11:00","12:00","496","LATAM CARGO","TRANSITO","12/01/2022","0","No"
"2,022","13","1","CCO","71-070122","CAN","USA","11:00","12:00","496","LATAM CARGO","TRANSITO","13/01/2022","0","No"
"2,022","7","1","CGO","710-070122","GUA","USA","02:03","09:12","389","AEROMEXICO","DESPACHO","07/01/2022","0","No"
"2,022","14","1","CGO","749-070122","GUA","USA","02:03","09:12","389","AEROMEXICO","DESPACHO","14/01/2022","0","No"
"2,022","21","1","CGO","989-070122","GUA","USA","02:03","09:12","389","AEROMEXICO","DESPACHO","21/01/2022","0","No"
"2,022","28","1","CGO","15-070122","GUA","USA","02:03","09:12","389","AEROMEXICO","DESPACHO","28/01/2022","0","No"
"2,022","10","1","CGO","786-070122","GUA","USA","02:03","09:12","389","AEROMEXICO","DESPACHO","10/01/2022","0","No"
"2,022","17","1","CGO","14-070122","GUA","USA","02:03","09:12","389","AEROMEXICO","DESPACHO","17/01/2022","0","No"
"2,022","24","1","CGO","48-070122","GUA","USA","02:03","09:12","389","AEROMEXICO","DESPACHO","24/01/2022","0","No"
"2,022","31","1","CGO","381-070122","GUA","USA","02:03","09:12","389","AEROMEXICO","DESPACHO","31/01/2022","0","No"
"2,022","11","1","CGO","758-070122","GUA","USA","02:03","09:12","389","AEROMEXICO","DESPACHO","11/01/2022","0","No"
"2,022","18","1","CGO","710-070122","GUA","USA","02:03","09:12","389","AEROMEXICO","DESPACHO","18/01/2022","0","No"
"2,022","25","1","CGO","404-070122","GUA","USA","02:03","09:12","389","AEROMEXICO","DESPACHO","25/01/2022","0","No"
"2,022","1","2","CGO","804-070122","GUA","USA","02:03","09:12","389","AEROMEXICO","DESPACHO","01/02/2022","0","No"
"2,022","12","1","CGO","49-070122","GUA","USA","02:03","09:12","389","AEROMEXICO","DESPACHO","12/01/2022","0","No"
"2,022","19","1","CGO","59-070122","GUA","USA","02:03","09:12","389","AEROMEXICO","DESPACHO","19/01/2022","0","No"
"2,022","26","1","CGO","814-070122","GUA","USA","02:03","09:12","389","AEROMEXICO","DESPACHO","26/01/2022","0","No"
"2,022","2","2","CGO","310-070122","GUA","USA","02:03","09:12","389","AEROMEXICO","DESPACHO","02/02/2022","0","No"
"2,022","13","1","CGO","726-070122","GUA","USA","02:03","09:12","389","AEROMEXICO","DESPACHO","13/01/2022","0","No"
"2,022","20","1","CGO","746-070122","GUA","USA","02:03","09:12","389","AEROMEXICO","DESPACHO","20/01/2022","0","No"
"2,022","27","1","CGO","307-070122","GUA","USA","02:03","09:12","389","AEROMEXICO","DESPACHO","27/01/2022","0","No"
"2,022","3","2","CGO","646-070122","GUA","USA","02:03","09:12","389","AEROMEXICO","DESPACHO","03/02/2022","0","No"
"2,022","7","1","FBO","344-070122","GUA","USA","02:03","09:12","389","AEROMEXICO","DESPACHO","07/01/2022","0","No"
"2,022","14","1","FBO","221-070122","GUA","USA","02:03","09:12","389","AEROMEXICO","DESPACHO","14/01/2022","0","No"
"2,022","21","1","FBO","355-070122","GUA","USA","02:03","09:12","389","AEROMEXICO","DESPACHO","21/01/2022","0","No"
"2,022","28","1","FBO","59-070122","GUA","USA","02:03","09:12","389","AEROMEXICO","DESPACHO","28/01/2022","0","No"
"2,022","10","1","FBO","888-070122","GUA","USA","02:03","09:12","389","AEROMEXICO","DESPACHO","10/01/2022","0","No"
"2,022","17","1","FBO","575-070122","GUA","USA","02:03","09:12","389","AEROMEXICO","DESPACHO","17/01/2022","0","No"
"2,022","24","1","FBO","216-070122","GUA","USA","02:03","09:12","389","AEROMEXICO","DESPACHO","24/01/2022","0","No"
"2,022","31","1","FBO","657-070122","GUA","USA","02:03","09:12","389","AEROMEXICO","DESPACHO","31/01/2022","0","No"
"2,022","11","1","FBO","642-070122","GUA","USA","02:03","09:12","389","AEROMEXICO","DESPACHO","11/01/2022","0","No"
"2,022","18","1","FBO","837-070122","GUA","USA","02:03","09:12","389","AEROMEXICO","DESPACHO","18/01/2022","0","No"
"2,022","25","1","FBO","70-070122","GUA","USA","02:03","09:12","389","AEROMEXICO","DESPACHO","25/01/2022","0","No"
"2,022","1","2","FBO","952-070122","GUA","USA","02:03","09:12","389","AEROMEXICO","DESPACHO","01/02/2022","0","No"
"2,022","12","1","FBO","787-070122","GUA","USA","02:03","09:12","389","AEROMEXICO","DESPACHO","12/01/2022","0","No"
"2,022","19","1","FBO","535-070122","GUA","USA","02:03","09:12","389","AEROMEXICO","DESPACHO","19/01/2022","0","No"
"2,022","26","1","FBO","738-070122","GUA","USA","02:03","09:12","389","AEROMEXICO","DESPACHO","26/01/2022","0","No"
"2,022","2","2","FBO","750-070122","GUA","USA","02:03","09:12","389","AEROMEXICO","DESPACHO","02/02/2022","0","No"
"2,022","13","1","FBO","755-070122","GUA","USA","02:03","09:12","389","AEROMEXICO","DESPACHO","13/01/2022","0","No"
"2,022","20","1","FBO","927-070122","GUA","USA","02:03","09:12","389","AEROMEXICO","DESPACHO","20/01/2022","0","No"
"2,022","27","1","FBO","37-070122","GUA","USA","02:03","09:12","389","AEROMEXICO","DESPACHO","27/01/2022","0","No"
"2,022","3","2","FBO","783-070122","GUA","USA","02:03","09:12","389","AEROMEXICO","DESPACHO","03/02/2022","0","No"
"2,022","7","1","CCO","239-070122","GUA","USA","10:00","13:25","500/501","TAMPA","DESPACHO","07/01/2022","0","No"
"2,022","14","1","CCO","743-070122","GUA","USA","10:00","13:25","500/501","TAMPA","DESPACHO","14/01/2022","0","No"
"2,022","21","1","CCO","173-070122","GUA","USA","10:00","13:25","500/501","TAMPA","DESPACHO","21/01/2022","0","No"
"2,022","28","1","CCO","706-070122","GUA","USA","10:00","13:25","500/501","TAMPA","DESPACHO","28/01/2022","0","No"
"2,022","4","2","CCO","173-070122","GUA","USA","10:00","13:25","500/501","TAMPA","DESPACHO","04/02/2022","0","No"
"2,022","11","2","CCO","230-070122","GUA","USA","10:00","13:25","500/501","TAMPA","DESPACHO","11/02/2022","0","No"
"2,022","8","1","CCO","514-070122","GUA","USA","10:00","13:25","500/501","TAMPA","DESPACHO","08/01/2022","0","No"
"2,022","15","1","CCO","725-070122","GUA","USA","10:00","13:25","500/501","TAMPA","DESPACHO","15/01/2022","0","No"
"2,022","22","1","CCO","669-070122","GUA","USA","10:00","13:25","500/501","TAMPA","DESPACHO","22/01/2022","0","No"
"2,022","29","1","CCO","640-070122","GUA","USA","10:00","13:25","500/501","TAMPA","DESPACHO","29/01/2022","0","No"
"2,022","5","2","CCO","600-070122","GUA","USA","10:00","13:25","500/501","TAMPA","DESPACHO","05/02/2022","0","No"
"2,022","12","2","CCO","746-070122","GUA","USA","10:00","13:25","500/501","TAMPA","DESPACHO","12/02/2022","0","No"
"2,022","9","1","CCO","750-070122","GUA","USA","10:00","13:25","500/501","TAMPA","DESPACHO","09/01/2022","0","No"
"2,022","16","1","CCO","181-070122","GUA","USA","10:00","13:25","500/501","TAMPA","DESPACHO","16/01/2022","0","No"
"2,022","23","1","CCO","8-070122","GUA","USA","10:00","13:25","500/501","TAMPA","DESPACHO","23/01/2022","0","No"
"2,022","30","1","CCO","431-070122","GUA","USA","10:00","13:25","500/501","TAMPA","DESPACHO","30/01/2022","0","No"
"2,022","6","2","CCO","592-070122","GUA","USA","10:00","13:25","500/501","TAMPA","DESPACHO","06/02/2022","0","No"
"2,022","13","2","CCO","454-070122","GUA","USA","10:00","13:25","500/501","TAMPA","DESPACHO","13/02/2022","0","No"
"2,022","7","1","CGO","26-070122","GUA","USA","10:00","13:25","500/501","TAMPA","DESPACHO","07/01/2022","0","No"
"2,022","14","1","CGO","615-070122","GUA","USA","10:00","13:25","500/501","TAMPA","DESPACHO","14/01/2022","0","No"
"2,022","21","1","CGO","1000-070122","GUA","USA","10:00","13:25","500/501","TAMPA","DESPACHO","21/01/2022","0","No"
"2,022","28","1","CGO","326-070122","GUA","USA","10:00","13:25","500/501","TAMPA","DESPACHO","28/01/2022","0","No"
"2,022","4","2","CGO","661-070122","GUA","USA","10:00","13:25","500/501","TAMPA","DESPACHO","04/02/2022","0","No"
"2,022","11","2","CGO","991-070122","GUA","USA","10:00","13:25","500/501","TAMPA","DESPACHO","11/02/2022","0","No"
"2,022","8","1","CGO","368-070122","GUA","USA","10:00","13:25","500/501","TAMPA","DESPACHO","08/01/2022","0","No"
"2,022","15","1","CGO","801-070122","GUA","USA","10:00","13:25","500/501","TAMPA","DESPACHO","15/01/2022","0","No"
"2,022","22","1","CGO","777-070122","GUA","USA","10:00","13:25","500/501","TAMPA","DESPACHO","22/01/2022","0","No"
"2,022","29","1","CGO","223-070122","GUA","USA","10:00","13:25","500/501","TAMPA","DESPACHO","29/01/2022","0","No"
"2,022","5","2","CGO","917-070122","GUA","USA","10:00","13:25","500/501","TAMPA","DESPACHO","05/02/2022","0","No"
"2,022","12","2","CGO","515-070122","GUA","USA","10:00","13:25","500/501","TAMPA","DESPACHO","12/02/2022","0","No"
"2,022","9","1","CGO","117-070122","GUA","USA","10:00","13:25","500/501","TAMPA","DESPACHO","09/01/2022","0","No"
"2,022","16","1","CGO","254-070122","GUA","USA","10:00","13:25","500/501","TAMPA","DESPACHO","16/01/2022","0","No"
"2,022","23","1","CGO","219-070122","GUA","USA","10:00","13:25","500/501","TAMPA","DESPACHO","23/01/2022","0","No"
"2,022","30","1","CGO","474-070122","GUA","USA","10:00","13:25","500/501","TAMPA","DESPACHO","30/01/2022","0","No"
"2,022","6","2","CGO","609-070122","GUA","USA","10:00","13:25","500/501","TAMPA","DESPACHO","06/02/2022","0","No"
"2,022","13","2","CGO","797-070122","GUA","USA","10:00","13:25","500/501","TAMPA","DESPACHO","13/02/2022","0","No"
"2,022","7","1","CGO","962-070122","GUA","POR","12:10","08:00","5701/4700","AEROUNION",,"07/01/2022","0","No"
"2,022","14","1","CGO","70-070122","GUA","POR","12:10","08:00","5701/4700","AEROUNION",,"14/01/2022","0","No"
"2,022","8","1","CGO","505-070122","GUA","POR","12:10","08:00","5701/4700","AEROUNION",,"08/01/2022","0","No"
"2,022","15","1","CGO","603-070122","GUA","POR","12:10","08:00","5701/4700","AEROUNION",,"15/01/2022","0","No"
"2,022","9","1","CGO","757-070122","GUA","POR","12:10","08:00","5701/4700","AEROUNION",,"09/01/2022","0","No"
"2,022","16","1","CGO","161-070122","GUA","POR","12:10","08:00","5701/4700","AEROUNION",,"16/01/2022","0","No"
"2,022","10","1","CGO","798-070122","GUA","POR","12:10","08:00","5701/4700","AEROUNION",,"10/01/2022","0","No"
"2,022","17","1","CGO","961-070122","GUA","POR","12:10","08:00","5701/4700","AEROUNION",,"17/01/2022","0","No"
"2,022","11","1","CGO","611-070122","GUA","POR","12:10","08:00","5701/4700","AEROUNION",,"11/01/2022","0","No"
"2,022","18","1","CGO","52-070122","GUA","POR","12:10","08:00","5701/4700","AEROUNION",,"18/01/2022","0","No"
"2,022","12","1","CGO","945-070122","GUA","POR","12:10","08:00","5701/4700","AEROUNION",,"12/01/2022","0","No"
"2,022","19","1","CGO","429-070122","GUA","POR","12:10","08:00","5701/4700","AEROUNION",,"19/01/2022","0","No"
"2,022","13","1","CGO","901-070122","GUA","POR","12:10","08:00","5701/4700","AEROUNION",,"13/01/2022","0","No"
"2,022","20","1","CGO","655-070122","GUA","POR","12:10","08:00","5701/4700","AEROUNION",,"20/01/2022","0","No"
"2,022","7","1","CCO","553-070122","GUA","POR","12:10","08:00","5701/4700","AEROUNION",,"07/01/2022","0","No"
"2,022","14","1","CCO","951-070122","GUA","POR","12:10","08:00","5701/4700","AEROUNION",,"14/01/2022","0","No"
"2,022","8","1","CCO","133-070122","GUA","POR","12:10","08:00","5701/4700","AEROUNION",,"08/01/2022","0","No"
"2,022","15","1","CCO","909-070122","GUA","POR","12:10","08:00","5701/4700","AEROUNION",,"15/01/2022","0","No"
"2,022","9","1","CCO","654-070122","GUA","POR","12:10","08:00","5701/4700","AEROUNION",,"09/01/2022","0","No"
"2,022","16","1","CCO","670-070122","GUA","POR","12:10","08:00","5701/4700","AEROUNION",,"16/01/2022","0","No"
"2,022","10","1","CCO","812-070122","GUA","POR","12:10","08:00","5701/4700","AEROUNION",,"10/01/2022","0","No"
"2,022","17","1","CCO","727-070122","GUA","POR","12:10","08:00","5701/4700","AEROUNION",,"17/01/2022","0","No"
"2,022","11","1","CCO","400-070122","GUA","POR","12:10","08:00","5701/4700","AEROUNION",,"11/01/2022","0","No"
"2,022","18","1","CCO","964-070122","GUA","POR","12:10","08:00","5701/4700","AEROUNION",,"18/01/2022","0","No"
"2,022","12","1","CCO","610-070122","GUA","POR","12:10","08:00","5701/4700","AEROUNION",,"12/01/2022","0","No"
"2,022","19","1","CCO","784-070122","GUA","POR","12:10","08:00","5701/4700","AEROUNION",,"19/01/2022","0","No"
"2,022","13","1","CCO","614-070122","GUA","POR","12:10","08:00","5701/4700","AEROUNION",,"13/01/2022","0","No"
"2,022","20","1","CCO","976-070122","GUA","POR","12:10","08:00","5701/4700","AEROUNION",,"20/01/2022","0","No"
"2,022","9","1","CCO","90-011121","GUA","CHI","01:01","02:03","5701/4700",,"DESPACHO","09/01/2022","0","No"
"2,022","17","1","CCO","347-011121","GUA","CHI","01:01","02:03","5701/4700",,"DESPACHO","17/01/2022","0","No"
"2,022","9","1","FBO","543-011121","GUA","CHI","01:01","02:03","5701/4700",,"DESPACHO","09/01/2022","0","No"
"2,022","17","1","FBO","451-011121","GUA","CHI","01:01","02:03","5701/4700",,"DESPACHO","17/01/2022","0","No"
"2,022","9","1","CGO","259-011121","GUA","CHI","01:01","02:03","5701/4700",,"DESPACHO","09/01/2022","0","No"
"2,022","17","1","CGO","664-011121","GUA","CHI","01:01","02:03","5701/4700",,"DESPACHO","17/01/2022","0","No"
"2,021","1","11","FBO","52-011121","GUA","CIN","01:02","03:03","5701/4700",,,"01/11/2021","0","No"
"2,021","2","11","FBO","755-011121","GUA","CIN","01:02","03:03","5701/4700",,,"02/11/2021","0","No"
"2,021","1","11","CCO","301-011121","GUA","CIN","01:02","03:03","5701/4700",,,"01/11/2021","0","No"
"2,021","2","11","CCO","178-011121","GUA","CIN","01:02","03:03","5701/4700",,,"02/11/2021","0","No"
"2,021","1","11","CGO","374-011121","GUA","CIN","01:02","03:03","5701/4700",,,"01/11/2021","0","No"
"2,021","2","11","CGO","194-011121","GUA","CIN","01:02","03:03","5701/4700",,,"02/11/2021","0","No"
