no_correlativo,demoras_arribo_responsabilidad_laats,carga_danada_arribo,generaron_reportes_mejora_externa,carga_danada_salida,demora_salida_responsabilidad_laats,demora_salida_no_responsabilidad_laats,demora_colocacion_carga_rampa_exportacion,demora_clasificacion_courier_importacion,equipaje_danado_arribo,equipaje_danado_salida
62,False,False,False,False,False,False,,,False,False
63,False,False,False,False,False,False,,,False,False
65,False,False,False,False,False,False,,,False,False
66,False,False,False,False,False,False,,,False,False
67,False,False,False,False,False,False,,,False,False
68,False,False,False,False,False,False,,,False,False
69,False,False,False,False,False,False,,,False,False
71,False,False,False,False,False,False,,,False,False
73,False,False,False,False,False,False,,,False,False
74,False,False,False,False,False,False,,,False,False
75,False,False,False,False,False,False,,,False,False
76,False,False,False,False,False,False,,,False,False
77,False,False,False,False,False,False,,,False,False
78,False,False,False,False,False,False,,,False,False
81,False,False,False,False,False,False,,,False,False
82,False,False,False,False,False,False,,,False,False
83,False,False,False,False,False,False,,,False,False
85,False,False,False,False,False,False,,,False,False
86,False,False,False,False,False,False,,,False,False
87,False,False,False,False,False,False,,,False,False
147,False,False,False,False,False,False,False,False,,
148,False,False,False,False,False,False,False,False,,
149,False,False,False,False,False,False,False,False,,
150,False,False,False,False,False,False,False,False,,
152,False,False,False,False,False,False,False,False,,
153,False,False,False,False,False,False,False,False,,
157,False,False,False,False,False,False,False,False,,
158,False,False,False,False,False,False,False,False,,
159,False,False,False,False,False,False,False,False,,
160,False,False,False,False,False,False,False,False,,
161,False,False,False,False,False,False,False,False,,
164,False,False,False,False,False,False,False,False,,
165,False,False,False,False,False,False,False,False,,
166,False,False,False,False,False,False,False,False,,
167,False,False,False,False,False,False,False,False,,
168,False,False,False,False,False,False,False,False,,
169,False,False,False,False,False,False,False,False,,
174,False,False,False,False,False,False,False,False,,
175,False,False,False,False,False,False,False,False,,
176,False,False,False,False,False,False,False,False,,
177,False,False,False,False,False,False,False,False,,
178,False,False,False,False,False,False,False,False,,
185,False,False,False,False,False,False,False,False,,
186,False,False,False,False,False,False,False,False,,
202,False,False,False,False,False,False,False,False,,
203,False,False,False,False,False,False,False,False,,
204,False,False,False,False,False,False,False,False,,
221,False,False,False,False,False,False,False,False,,
222,False,False,False,False,False,False,False,False,,
223,False,False,False,False,False,False,False,False,,
287,False,False,False,False,False,False,False,False,,
288,False,False,False,False,False,False,False,False,,
289,False,False,False,False,False,False,False,False,,
316,False,False,False,False,False,False,False,False,,
320,False,False,False,False,False,False,False,False,,
325,False,False,False,False,False,False,False,False,,
327,False,False,False,False,False,False,False,False,,
406,False,False,False,False,False,False,,,False,False
407,False,False,False,False,False,False,,,False,False
408,False,False,False,False,False,False,,,False,False
409,False,False,False,False,False,False,,,False,False
411,False,False,False,False,False,False,,,False,False
412,False,False,False,False,False,False,,,False,False
413,False,False,False,False,False,False,,,False,False
415,False,False,False,False,False,False,,,False,False
416,False,False,False,False,False,False,,,False,False
417,False,False,False,False,False,False,,,False,False
418,False,False,False,False,False,False,,,False,False
419,False,False,False,False,False,False,,,False,False
420,False,False,False,False,False,False,,,False,False
421,False,False,False,False,False,False,,,False,False
422,False,False,False,False,False,False,,,False,False
423,False,False,False,False,False,False,,,False,False
424,False,False,False,False,False,False,,,False,False
427,False,False,False,False,False,False,,,False,False
428,False,False,False,False,False,False,,,False,False
429,False,False,False,False,False,False,,,False,False
430,False,False,False,False,False,False,,,False,False
431,False,False,False,False,False,False,,,False,False
432,False,False,False,False,False,False,,,False,False
548,False,False,False,False,False,False,False,False,,
549,False,False,False,False,False,False,False,False,,
551,False,False,False,False,False,False,False,False,,
553,False,False,False,False,False,False,False,False,,
623,False,False,False,False,False,False,,,False,False
625,False,False,False,False,False,False,,,False,False
626,False,False,False,False,False,False,,,False,False
628,False,False,False,False,False,False,,,False,False
629,False,False,False,False,False,False,,,False,False
631,False,False,False,False,False,False,,,False,False
665,False,False,False,False,False,False,,,False,False
666,False,False,False,False,False,False,,,False,False
667,False,False,False,False,False,False,,,False,False
668,False,False,False,False,False,False,,,False,False
669,False,False,False,False,False,False,,,False,False
670,False,False,False,False,False,False,,,False,False
671,False,False,False,False,False,False,,,False,False
672,False,False,False,False,False,False,,,False,False
673,False,False,False,False,False,False,,,False,False
674,False,False,False,False,False,False,,,False,False
675,False,False,False,False,False,False,,,False,False
676,False,False,False,False,False,False,,,False,False
677,False,False,False,False,False,False,,,False,False
711,False,False,False,False,False,False,,,False,False
712,False,False,False,False,False,False,,,False,False
714,False,False,False,False,False,False,,,False,False
787,False,False,False,False,False,False,,,False,False
788,False,False,False,False,False,False,,,False,False
789,False,False,False,False,False,False,,,False,False
790,False,False,False,False,False,False,,,False,False
792,False,False,False,False,False,False,,,False,False
793,False,False,False,False,False,False,,,False,False
794,False,False,False,False,False,False,,,False,False
796,False,False,False,False,False,False,,,False,False
798,False,False,False,False,False,False,,,False,False
799,False,False,False,False,False,False,,,False,False
800,False,False,False,False,False,False,,,False,False
801,False,False,False,False,False,False,,,False,False
802,False,False,False,False,False,False,,,False,False
803,False,False,False,False,False,False,,,False,False
804,False,False,False,False,False,False,,,False,False
805,False,False,False,False,False,False,,,False,False
808,False,False,False,False,False,False,,,False,False
809,False,False,False,False,False,False,,,False,False
810,False,False,False,False,False,False,,,False,False
811,False,False,False,False,False,False,,,False,False
812,False,False,False,False,False,False,,,False,False
813,False,False,False,False,False,False,,,False,False
935,False,False,False,False,False,False,,,False,False
936,False,False,False,False,False,False,,,False,False
937,False,False,False,False,False,False,,,False,False
938,False,False,False,False,False,False,,,False,False
940,False,False,False,False,False,False,,,False,False
941,False,False,False,False,False,False,,,False,False
942,False,False,False,False,False,False,,,False,False
945,False,False,False,False,False,False,,,False,False
946,False,False,False,False,False,False,,,False,False
947,False,False,False,False,False,False,,,False,False
948,False,False,False,False,False,False,,,False,False
1004,False,False,False,False,False,False,False,False,,
1006,False,False,False,False,False,False,False,False,,
1007,False,False,False,False,False,False,False,False,,
1217,False,False,False,False,False,False,,,False,False
1218,False,False,False,False,False,False,,,False,False
1219,False,False,False,False,False,False,,,False,False
1220,False,False,False,False,False,False,,,False,False
1222,False,False,False,False,False,False,,,False,False
1223,False,False,False,False,False,False,,,False,False
1224,False,False,False,False,False,False,,,False,False
1226,False,False,False,False,False,False,,,False,False
1227,False,False,False,False,False,False,,,False,False
1228,False,False,False,False,False,False,,,False,False
1230,False,False,False,False,False,False,,,False,False
1231,False,False,False,False,False,False,,,False,False
1232,False,False,False,False,False,False,,,False,False
1233,False,False,False,False,False,False,,,False,False
1234,False,False,False,False,False,False,,,False,False
1235,False,False,False,False,False,False,,,False,False
1238,False,False,False,False,False,False,,,False,False
1239,False,False,False,False,False,False,,,False,False
1240,False,False,False,False,False,False,,,False,False
1241,False,False,False,False,False,False,,,False,False
1242,False,False,False,False,False,False,,,False,False
1243,False,False,False,False,False,False,,,False,False
1326,False,False,False,False,False,False,,,False,False
1327,False,False,False,False,False,False,,,False,False
1329,False,False,False,False,False,False,,,False,False
1331,False,False,False,False,False,False,,,False,False
1332,False,False,False,False,False,False,,,False,False
1333,False,False,False,False,False,False,,,False,False
1334,False,False,False,False,False,False,,,False,False
1335,False,False,False,False,False,False,,,False,False
1336,False,False,False,False,False,False,,,False,False
1337,False,False,False,False,False,False,,,False,False
1338,False,False,False,False,False,False,,,False,False
1339,False,False,False,False,False,False,,,False,False
1340,False,False,False,False,False,False,,,False,False
1411,False,False,False,False,False,False,,,False,False
1412,False,False,False,False,False,False,,,False,False
1413,False,False,False,False,False,False,,,False,False
1414,False,False,False,False,False,False,,,False,False
1416,False,False,False,False,False,False,,,False,False
1417,False,False,False,False,False,False,,,False,False
1418,False,False,False,False,False,False,,,False,False
1419,False,False,False,False,False,False,,,False,False
1420,False,False,False,False,False,False,,,False,False
1421,False,False,False,False,False,False,,,False,False
1423,False,False,False,False,False,False,,,False,False
1424,False,False,False,False,False,False,,,False,False
1425,False,False,False,False,False,False,,,False,False
1496,False,False,False,False,False,False,,,False,False
1497,False,False,False,False,False,False,,,False,False
1498,False,False,False,False,False,False,,,False,False
1501,False,False,False,False,False,False,,,False,False
1502,False,False,False,False,False,False,,,False,False
1503,False,False,False,False,False,False,,,False,False
1504,False,False,False,False,False,False,,,False,False
1505,False,False,False,False,False,False,,,False,False
1506,False,False,False,False,False,False,,,False,False
1508,False,False,False,False,False,False,,,False,False
1509,False,False,False,False,False,False,,,False,False
1510,False,False,False,False,False,False,,,False,False
1566,False,False,False,False,False,False,,,False,False
1567,False,False,False,False,False,False,,,False,False
1568,False,False,False,False,False,False,,,False,False
1569,False,False,False,False,False,False,,,False,False
1570,False,False,False,False,False,False,,,False,False
1571,False,False,False,False,False,False,,,False,False
1572,False,False,False,False,False,False,,,False,False
1574,False,False,False,False,False,False,,,False,False
1575,False,False,False,False,False,False,,,False,False
1576,False,False,False,False,False,False,,,False,False
1638,False,False,False,False,False,False,,,False,False
1639,False,False,False,False,False,False,,,False,False
1640,False,False,False,False,False,False,,,False,False
1641,False,False,False,False,False,False,,,False,False
1642,False,False,False,False,False,False,,,False,False
1643,False,False,False,False,False,False,,,False,False
1644,False,False,False,False,False,False,,,False,False
1645,False,False,False,False,False,False,,,False,False
1646,False,False,False,False,False,False,,,False,False
1649,False,False,False,False,False,False,,,False,False
1650,False,False,False,False,False,False,,,False,False
1651,False,False,False,False,False,False,,,False,False
1652,False,False,False,False,False,False,,,False,False
1747,False,False,False,False,False,False,,,False,False
1748,False,False,False,False,False,False,,,False,False
1749,False,False,False,False,False,False,,,False,False
1750,False,False,False,False,False,False,,,False,False
1752,False,False,False,False,False,False,,,False,False
1753,False,False,False,False,False,False,,,False,False
1754,False,False,False,False,False,False,,,False,False
1755,False,False,False,False,False,False,,,False,False
1756,False,False,False,False,False,False,,,False,False
1757,False,False,False,False,False,False,,,False,False
1760,False,False,False,False,False,False,,,False,False
1761,False,False,False,False,False,False,,,False,False
1762,False,False,False,False,False,False,,,False,False
1856,False,False,False,False,False,False,,,False,False
1857,False,False,False,False,False,False,,,False,False
1858,False,False,False,False,False,False,,,False,False
1859,False,False,False,False,False,False,,,False,False
1861,False,False,False,False,False,False,,,False,False
1862,False,False,False,False,False,False,,,False,False
1863,False,False,False,False,False,False,,,False,False
1866,False,False,False,False,False,False,,,False,False
1867,False,False,False,False,False,False,,,False,False
1868,False,False,False,False,False,False,,,False,False
1869,False,False,False,False,False,False,,,False,False
1870,False,False,False,False,False,False,,,False,False
1871,False,False,False,False,False,False,,,False,False
1872,False,False,False,False,False,False,,,False,False
1873,False,False,False,False,False,False,,,False,False
1874,False,False,False,False,False,False,,,False,False
1877,False,False,False,False,False,False,,,False,False
1878,False,False,False,False,False,False,,,False,False
1879,False,False,False,False,False,False,,,False,False
1880,False,False,False,False,False,False,,,False,False
1881,False,False,False,False,False,False,,,False,False
1882,False,False,False,False,False,False,,,False,False
1883,False,False,False,False,False,False,,,False,False
2001,False,False,False,False,False,False,,,False,False
2002,False,False,False,False,False,False,,,False,False
2003,False,False,False,False,False,False,,,False,False
2004,False,False,False,False,False,False,,,False,False
2007,False,False,False,False,False,False,,,False,False
2008,False,False,False,False,False,False,,,False,False
2010,False,False,False,False,False,False,,,False,False
2011,False,False,False,False,False,False,,,False,False
2013,False,False,False,False,False,False,,,False,False
2014,False,False,False,False,False,False,,,False,False
2015,False,False,False,False,False,False,,,False,False
2016,False,False,False,False,False,False,,,False,False
2017,False,False,False,False,False,False,,,False,False
2018,False,False,False,False,False,False,,,False,False
2019,False,False,False,False,False,False,,,False,False
2022,False,False,False,False,False,False,,,False,False
2023,False,False,False,False,False,False,,,False,False
2024,False,False,False,False,False,False,,,False,False
2025,False,False,False,False,False,False,,,False,False
2026,False,False,False,False,False,False,,,False,False
2027,False,False,False,False,False,False,,,False,False
2028,False,False,False,False,False,False,,,False,False
2146,False,False,False,False,False,False,,,False,False
2147,False,False,False,False,False,False,,,False,False
2148,False,False,False,False,False,False,,,False,False
2149,False,False,False,False,False,False,,,False,False
2151,False,False,False,False,False,False,,,False,False
2152,False,False,False,False,False,False,,,False,False
2153,False,False,False,False,False,False,,,False,False
2154,False,False,False,False,False,False,,,False,False
2155,False,False,False,False,False,False,,,False,False
2156,False,False,False,False,False,False,,,False,False
2157,False,False,False,False,False,False,,,False,False
2158,False,False,False,False,False,False,,,False,False
2159,False,False,False,False,False,False,,,False,False
2160,False,False,False,False,False,False,,,False,False
2161,False,False,False,False,False,False,,,False,False
2162,False,False,False,False,False,False,,,False,False
2163,False,False,False,False,False,False,,,False,False
2164,False,False,False,False,False,False,,,False,False
2399,False,False,False,False,False,False,False,False,,
2400,False,False,False,False,False,False,False,False,,
2401,False,False,False,False,False,False,False,False,,
2402,False,False,False,False,False,False,False,False,,
2404,False,False,False,False,False,False,False,False,,
2405,False,False,False,False,False,False,False,False,,
2406,False,False,False,False,False,False,False,False,,
2407,False,False,False,False,False,False,False,False,,
2408,False,False,False,False,False,False,False,False,,
2409,False,False,False,False,False,False,False,False,,
2413,False,False,False,False,False,False,False,False,,
2414,False,False,False,False,False,False,False,False,,
2415,False,False,False,False,False,False,False,False,,
2416,False,False,False,False,False,False,False,False,,
2417,False,False,False,False,False,False,False,False,,
2567,False,False,False,False,False,False,False,False,,
2568,False,False,False,False,False,False,False,False,,
2569,False,False,False,False,False,False,False,False,,
2570,False,False,False,False,False,False,False,False,,
2572,False,False,False,False,False,False,False,False,,
2573,False,False,False,False,False,False,False,False,,
2574,False,False,False,False,False,False,False,False,,
2575,False,False,False,False,False,False,False,False,,
2576,False,False,False,False,False,False,False,False,,
2577,False,False,False,False,False,False,False,False,,
2581,False,False,False,False,False,False,False,False,,
2582,False,False,False,False,False,False,False,False,,
2583,False,False,False,False,False,False,False,False,,
2584,False,False,False,False,False,False,False,False,,
2585,False,False,False,False,False,False,False,False,,
2633,False,False,False,False,False,False,False,False,,
2634,False,False,False,False,False,False,False,False,,
2635,False,False,False,False,False,False,False,False,,
3038,False,False,False,False,False,False,,,False,False
3039,False,False,False,False,False,False,,,False,False
3040,False,False,False,False,False,False,,,False,False
3042,False,False,False,False,False,False,,,False,False
3044,False,False,False,False,False,False,,,False,False
3046,False,False,False,False,False,False,,,False,False
3095,False,False,False,False,False,False,,,False,False
3096,False,False,False,False,False,False,,,False,False
3097,False,False,False,False,False,False,,,False,False
3098,False,False,False,False,False,False,,,False,False
3099,False,False,False,False,False,False,,,False,False
3100,False,False,False,False,False,False,,,False,False
3101,False,False,False,False,False,False,,,False,False
3102,False,False,False,False,False,False,,,False,False
3103,False,False,False,False,False,False,,,False,False
3104,False,False,False,False,False,False,,,False,False
3105,False,False,False,False,False,False,,,False,False
3106,False,False,False,False,False,False,,,False,False
3107,False,False,False,False,False,False,,,False,False
3108,False,False,False,False,False,False,,,False,False
3109,False,False,False,False,False,False,,,False,False
3110,False,False,False,False,False,False,,,False,False
3111,False,False,False,False,False,False,,,False,False
3148,False,False,False,False,False,False,,,False,False
3150,False,False,False,False,False,False,,,False,False
3199,False,False,False,False,False,False,,,False,False
3200,False,False,False,False,False,False,,,False,False
3201,False,False,False,False,False,False,,,False,False
3202,False,False,False,False,False,False,,,False,False
3203,False,False,False,False,False,False,,,False,False
3204,False,False,False,False,False,False,,,False,False
3205,False,False,False,False,False,False,,,False,False
3206,False,False,False,False,False,False,,,False,False
3207,False,False,False,False,False,False,,,False,False
3208,False,False,False,False,False,False,,,False,False
3209,False,False,False,False,False,False,,,False,False
3211,False,False,False,False,False,False,,,False,False
3212,False,False,False,False,False,False,,,False,False
3213,False,False,False,False,False,False,,,False,False
3214,False,False,False,False,False,False,,,False,False
3215,False,False,False,False,False,False,,,False,False
3216,False,False,False,False,False,False,,,False,False
3257,False,False,False,False,False,False,,,False,False
3258,False,False,False,False,False,False,,,False,False
3260,False,False,False,False,False,False,,,False,False
3262,False,False,False,False,False,False,,,False,False
3263,False,False,False,False,False,False,,,False,False
3264,False,False,False,False,False,False,,,False,False
3266,False,False,False,False,False,False,,,False,False
3296,False,False,False,False,False,False,,,False,False
3297,False,False,False,False,False,False,,,False,False
3326,False,False,False,False,False,False,,,False,False
3328,False,False,False,False,False,False,,,False,False
3330,False,False,False,False,False,False,,,False,False
3331,False,False,True,True,True,True,,,False,True
3332,False,False,False,False,False,False,,,False,False
3334,False,False,False,False,False,False,,,False,False
3383,False,False,False,False,False,False,,,False,False
3384,False,False,False,False,False,False,,,False,False
3385,False,False,False,False,False,False,,,False,False
3386,False,False,False,False,False,False,,,False,False
3387,False,False,False,False,False,False,,,False,False
3388,False,False,False,False,False,False,,,False,False
3389,False,False,False,False,False,False,,,False,False
3390,False,False,False,False,False,False,,,False,False
3391,False,False,False,False,False,False,,,False,False
3392,False,False,False,False,False,False,,,False,False
3393,False,False,False,False,False,False,,,False,False
3394,False,False,False,False,False,False,,,False,False
3395,False,False,False,False,False,False,,,False,False
3396,False,False,False,False,False,False,,,False,False
3397,False,False,False,False,False,False,,,False,False
3398,False,False,False,False,False,False,,,False,False
3399,False,False,False,False,False,False,,,False,False
3400,False,False,False,False,False,False,,,False,False
3442,False,False,False,False,False,False,,,False,False
3444,False,False,False,False,False,False,,,False,False
3446,False,False,False,False,False,False,,,False,False
3448,False,False,False,False,False,False,,,False,False
3450,False,False,False,False,False,False,,,False,False
3498,False,False,False,False,False,False,,,False,False
3554,False,False,False,False,False,False,,,False,False
3556,False,False,False,False,False,False,,,False,False
3558,False,False,False,False,False,False,,,False,False
3560,False,False,False,False,False,False,,,False,False
3562,False,False,False,False,False,False,,,False,False
3611,False,False,False,False,False,False,,,False,False
3612,False,False,False,False,False,False,,,False,False
3613,False,False,False,False,False,False,,,False,False
3614,False,False,False,False,False,False,,,False,False
3615,False,False,False,False,False,False,,,False,False
3616,False,False,False,False,False,False,,,False,False
3617,False,False,False,False,False,False,,,False,False
3618,False,False,False,False,False,False,,,False,False
3619,False,False,False,False,False,False,,,False,False
3620,False,False,False,False,False,False,,,False,False
3621,False,False,False,False,False,False,,,False,False
3622,False,False,False,False,False,False,,,False,False
3623,False,False,False,False,False,False,,,False,False
3624,False,False,False,False,False,False,,,False,False
3625,False,False,False,False,False,False,,,False,False
3626,False,False,False,False,False,False,,,False,False
3627,False,False,False,False,False,False,,,False,False
3628,False,False,False,False,False,False,,,False,False
3667,False,False,False,False,False,False,,,False,False
3668,False,False,False,False,False,False,,,False,False
3669,False,False,False,False,False,False,,,False,False
3670,False,False,False,False,False,False,,,False,False
3671,False,False,False,False,False,False,,,False,False
3672,False,False,False,False,False,False,,,False,False
3673,False,False,False,False,False,False,,,False,False
3674,False,False,False,False,False,False,,,False,False
3705,False,False,False,False,False,False,,,False,False
3706,False,False,False,False,False,False,,,False,False
3707,False,False,False,False,False,False,,,False,False
3708,False,False,False,False,False,False,,,False,False
3709,False,False,False,False,False,False,,,False,False
3710,False,False,False,False,False,False,,,False,False
3711,False,False,False,False,False,False,,,False,False
3712,False,False,False,False,False,False,,,False,False
3713,False,False,False,False,False,False,,,False,False
3714,False,False,False,False,False,False,,,False,False
3728,False,False,False,False,False,False,,,False,False
4327,False,False,False,False,False,False,,,False,False
5317,False,False,False,False,False,False,False,False,,
5318,False,False,False,False,False,False,False,False,,
5332,False,False,False,False,False,False,False,False,,
5333,False,False,False,False,False,False,False,False,,
5365,False,False,False,False,False,False,False,False,,
5366,False,False,False,False,False,False,False,False,,
5367,False,False,False,False,False,False,False,False,,
5368,False,False,False,False,False,False,False,False,,
5371,False,False,False,False,False,False,False,False,,
5372,False,False,False,False,False,False,False,False,,
5373,False,False,False,False,False,False,False,False,,
5376,False,False,False,False,False,False,False,False,,
5377,False,False,False,False,False,False,False,False,,
5380,False,False,False,False,False,False,False,False,,
5384,False,False,False,False,False,False,False,False,,
5449,False,False,False,False,False,False,False,False,,
5451,False,False,False,False,False,False,False,False,,
5454,False,False,False,False,False,False,False,False,,
5455,False,False,False,False,False,False,False,False,,
5457,False,False,False,False,False,False,False,False,,
5458,False,False,False,False,False,False,False,False,,
5459,False,False,False,False,False,False,False,False,,
5460,False,False,False,False,False,False,False,False,,
5461,False,False,False,False,False,False,False,False,,
5463,False,False,False,False,False,False,False,False,,
5464,False,False,False,False,False,False,False,False,,
5468,False,False,False,False,False,False,False,False,,
5516,False,False,False,False,False,False,False,False,,
5518,False,False,False,False,False,False,False,False,,
5528,False,False,False,False,False,False,False,False,,
5529,False,False,False,False,False,False,False,False,,
5531,False,False,False,False,False,False,False,False,,
5549,False,False,False,False,False,False,False,False,,
5552,False,False,False,False,False,False,False,False,,
5617,False,False,False,False,False,False,False,False,,
5620,False,False,False,False,False,False,False,False,,
5623,False,False,False,False,False,False,False,False,,
5625,False,False,False,False,False,False,False,False,,
5626,False,False,False,False,False,False,False,False,,
5627,False,False,False,False,False,False,False,False,,
5630,False,False,False,False,False,False,False,False,,
5631,False,False,False,False,False,False,False,False,,
5632,False,False,False,False,False,False,False,False,,
5635,False,False,False,False,False,False,False,False,,
5636,False,False,False,False,False,False,False,False,,
5640,False,False,False,False,False,False,False,False,,
5642,False,False,False,False,False,False,False,False,,
5643,False,True,False,False,False,False,False,False,,
5644,False,False,False,False,False,False,False,False,,
5651,False,False,False,False,False,False,False,False,,
5652,False,False,False,False,False,False,False,False,,
5653,False,False,False,False,False,False,False,False,,
5655,False,False,False,False,False,False,False,False,,
5656,False,False,False,False,False,False,False,False,,
5658,False,False,False,False,False,False,False,False,,
5660,False,False,False,False,False,False,False,False,,
5661,False,False,False,False,False,False,False,False,,
5662,False,False,False,False,False,False,False,False,,
5663,False,False,False,False,False,False,False,False,,
5664,False,False,False,False,False,False,False,False,,
5665,False,False,False,False,False,False,False,False,,
5666,False,False,False,False,False,False,False,False,,
5669,False,False,False,False,False,False,False,False,,
5675,False,False,False,False,False,False,False,False,,
5677,False,False,False,False,False,False,False,False,,
5687,False,False,False,False,False,False,False,False,,
5767,False,False,False,False,False,False,False,False,,
5768,False,False,False,False,False,False,False,False,,
5773,False,False,False,False,False,False,False,False,,
5949,False,False,False,False,False,False,,,False,False
5953,False,False,False,False,False,False,,,False,False
5958,False,False,False,False,False,False,,,False,False
5959,False,False,False,False,False,False,,,False,False
5963,False,False,False,False,False,False,,,False,False
5964,False,False,False,False,False,False,,,False,False
5965,False,False,False,False,False,False,,,False,False
5966,False,False,False,False,False,False,,,False,False
5969,False,False,False,False,False,False,,,False,False
5970,False,False,False,False,False,False,,,False,False
5971,False,False,False,False,False,False,,,False,False
5973,False,False,False,False,False,False,,,False,False
6055,False,False,False,False,False,False,,,False,False
6056,False,False,False,False,False,False,,,False,False
6059,False,False,False,False,False,False,,,False,False
6061,False,False,False,False,False,False,,,False,False
6064,False,False,False,False,False,False,,,False,False
6067,False,False,False,False,False,False,,,False,False
6069,False,False,False,False,False,False,,,False,False
6071,False,False,False,False,False,False,,,False,False
6145,False,False,False,False,False,False,,,False,False
6146,False,False,False,False,False,False,,,False,False
6153,False,False,False,False,False,False,,,False,False
6156,False,False,False,False,False,False,,,False,False
6233,False,False,False,False,False,False,,,False,False
6235,False,False,False,False,False,False,,,False,False
6237,False,False,False,False,False,False,,,False,False
6242,False,False,False,False,False,False,,,False,False
6250,False,False,False,False,False,False,,,False,False
6308,False,False,False,False,False,False,,,False,False
6317,False,False,False,False,False,False,,,False,False
6319,False,False,False,False,False,False,,,False,False
6395,False,False,False,False,False,False,,,False,False
6397,False,False,False,False,False,False,,,False,False
6398,False,False,False,False,False,False,,,False,False
6399,False,False,False,False,False,False,,,False,False
6403,False,False,False,False,False,False,,,False,False
6405,False,False,False,False,False,False,,,False,False
6410,False,True,True,False,False,False,,,False,False
6413,False,False,True,False,False,False,,,True,False
6414,False,False,False,False,False,False,,,False,False
6415,False,False,False,False,False,False,,,False,False
6416,False,False,False,False,False,False,,,False,False
6418,False,False,False,False,False,False,,,False,False
6419,False,False,False,False,False,False,,,False,False
6420,False,False,False,False,False,False,,,True,False
6422,False,False,False,False,False,False,,,False,False
6423,False,False,False,False,False,False,,,True,False
6518,False,False,False,False,False,False,,,False,False
6520,False,False,False,False,False,False,,,False,False
6522,False,False,False,False,False,False,,,False,False
6526,False,False,False,False,False,False,,,False,False
6527,False,False,True,False,False,False,,,False,False
6533,False,False,False,False,False,False,,,False,False
6603,False,False,False,False,False,False,,,False,False
6605,False,False,False,False,False,False,,,False,False
6607,False,False,False,False,False,False,,,False,False
6611,False,False,False,False,False,False,,,False,False
6613,False,False,False,False,False,False,,,False,False
6614,False,False,False,False,False,False,,,False,False
6616,False,False,False,False,False,False,,,False,False
6617,False,False,False,False,False,False,,,False,False
6618,False,False,False,False,False,False,,,False,False
6619,False,False,False,False,False,False,,,False,False
6714,False,False,False,False,False,False,,,False,False
6718,False,False,False,False,False,False,,,False,False
6723,False,True,True,False,False,False,,,False,False
6728,False,False,False,False,False,False,,,False,False
6738,False,False,False,False,False,False,,,False,False
6865,False,False,False,False,False,False,,,False,False
6867,False,False,False,False,False,False,,,False,False
6869,False,False,False,False,False,False,,,False,False
6879,False,False,False,False,False,False,,,False,False
6883,False,False,False,False,False,False,,,False,False
6884,False,False,False,False,False,False,,,False,False
6885,False,False,False,False,False,False,,,False,False
6887,False,False,False,False,False,False,,,False,False
6888,False,False,False,False,False,False,,,False,False
6889,False,False,False,False,False,False,,,False,False
6890,False,False,False,False,False,False,,,False,False
6893,False,False,False,False,False,False,,,False,False
7014,False,False,False,False,False,False,,,False,False
7018,False,True,True,False,False,False,,,False,False
7165,False,False,False,False,False,False,,,False,False
7167,False,False,False,False,False,False,,,False,False
7168,False,False,False,False,False,False,,,False,False
7169,False,False,False,False,False,False,,,False,False
7177,False,False,False,False,False,False,,,False,False
7179,False,False,False,False,False,False,,,False,False
7181,False,False,False,False,False,False,,,False,False
7183,False,False,False,False,False,False,,,False,False
7184,False,False,False,False,False,False,,,False,False
7185,False,False,False,False,False,False,,,False,False
7187,False,False,False,False,False,False,,,False,False
7188,False,False,False,False,False,False,,,False,False
7189,False,False,False,False,False,False,,,False,False
7190,False,False,False,False,False,False,,,False,False
7193,False,False,False,False,False,False,,,False,False
7259,False,False,False,False,False,False,,,False,False
7271,False,False,False,False,False,False,,,False,False
7346,False,False,False,False,False,False,,,False,False
7347,False,False,False,False,False,False,,,False,False
7349,False,False,False,False,False,False,,,False,False
7350,False,False,False,False,False,False,,,True,False
7356,False,False,False,False,False,False,,,False,False
7359,False,False,False,False,False,False,,,False,False
7361,False,False,False,False,False,False,,,False,False
7363,False,False,False,False,False,False,,,False,False
7364,False,False,False,False,False,False,,,True,False
7366,False,False,False,False,False,False,,,False,False
7367,False,False,False,False,False,False,,,False,False
7369,False,False,False,False,False,False,,,False,False
7370,False,False,False,False,False,False,,,False,False
7371,False,False,False,False,False,False,,,False,False
7373,False,False,False,False,False,False,,,False,False
7514,False,False,False,False,False,False,,,False,False
7515,False,False,False,False,False,False,,,False,False
7517,False,False,False,False,False,False,,,False,False
7518,False,False,False,False,False,False,,,False,False
7524,False,False,False,False,False,False,,,False,False
7527,False,False,False,False,False,False,,,False,False
7529,False,False,False,False,False,False,,,False,False
7531,False,False,False,False,False,False,,,False,False
7532,False,False,False,False,False,False,,,False,False
7535,False,False,False,False,False,False,,,False,False
7537,False,False,False,False,False,False,,,False,False
7538,False,False,False,False,False,False,,,False,False
7539,False,False,False,False,False,False,,,False,False
7540,False,False,False,False,False,False,,,False,False
7541,False,False,False,False,False,False,,,False,False
7683,False,False,False,False,False,False,,,False,False
7689,False,False,False,False,False,False,,,False,False
7693,False,False,False,False,False,False,,,False,False
7705,False,False,True,False,False,False,,,False,False
7706,False,False,False,False,False,False,,,False,False
7795,False,False,False,False,False,False,False,False,,
7798,False,False,False,False,False,False,False,False,,
7801,False,False,False,False,False,False,False,False,,
7812,False,False,False,False,False,False,,,False,False
7825,False,False,False,False,False,False,,,False,False
8054,False,False,False,False,False,False,,,False,False
8070,False,False,True,False,False,False,,,True,False
8381,False,False,False,False,False,False,,,False,False
8605,False,False,False,False,False,False,,,False,False
9085,False,False,False,False,False,False,,,False,False
9094,False,False,False,False,False,False,,,False,False
9099,True,False,False,False,False,False,,,False,False
9103,False,False,False,False,False,False,,,False,False
9109,False,False,True,False,False,False,,,True,False
9110,False,False,False,False,False,False,,,False,False
9113,False,False,False,False,False,False,,,False,False
9176,True,False,False,True,False,False,,,False,False
9178,True,False,True,False,False,False,,,False,True
9180,False,False,False,False,False,False,False,False,,
9213,False,False,False,False,False,False,,,False,False
9215,False,False,False,False,False,False,,,True,False
9218,False,False,False,False,False,False,,,False,False
9221,False,False,False,False,False,False,,,False,False
9225,False,False,False,False,False,False,,,False,False
9228,False,False,False,False,False,False,,,False,False
9229,False,False,False,False,False,False,,,False,False
9231,False,False,False,False,False,False,,,False,False
9234,False,False,True,False,False,False,,,False,False
9288,False,False,False,False,False,False,,,False,False
9289,False,False,False,False,False,False,,,False,False
9290,False,False,False,False,False,False,,,False,False
9291,False,False,False,False,False,False,,,False,False
9292,False,False,False,False,False,False,,,False,False
9294,False,False,False,False,False,False,,,False,False
9295,False,False,True,False,False,False,,,True,False
9296,False,False,False,False,False,False,,,False,False
9297,False,False,False,False,False,False,,,False,False
9298,False,False,False,False,False,False,,,False,False
9299,False,False,False,False,False,False,,,False,False
9301,False,False,False,False,False,False,,,False,False
9302,False,False,False,False,False,False,,,False,False
9303,False,False,False,False,False,False,,,False,False
9305,False,False,False,False,False,False,,,False,False
9306,False,False,False,False,False,False,,,False,False
9307,False,False,False,False,False,False,,,False,False
9309,False,False,False,False,False,True,,,False,False
9310,False,False,False,False,False,False,,,False,False
9366,False,False,True,False,False,False,,,True,False
9367,False,False,False,False,False,False,,,False,False
9369,False,False,True,False,False,False,,,True,False
9370,False,False,False,False,False,False,,,False,False
9373,False,False,False,False,False,False,,,False,False
9374,False,False,False,False,False,False,,,False,False
9375,False,False,False,False,False,False,,,False,False
9376,False,False,False,False,False,False,,,False,False
9379,False,False,False,False,False,False,,,False,False
9380,False,False,False,False,False,False,,,False,False
9382,False,False,False,False,False,False,,,False,False
9383,False,False,False,False,False,False,,,False,False
9384,False,False,False,False,False,False,,,False,False
9385,False,False,False,False,False,False,,,False,False
9388,False,False,False,False,False,False,,,False,False
9390,False,False,False,False,False,False,,,False,False
9424,False,False,False,False,False,False,,,False,False
9426,False,False,False,False,False,False,,,False,False
9428,False,False,False,False,False,False,,,False,False
9429,False,False,False,False,False,False,,,False,False
9439,False,False,False,False,False,False,,,False,False
9467,False,False,False,False,False,False,,,False,False
9475,False,False,False,False,False,False,,,False,False
9482,False,False,False,False,False,False,,,False,False
9484,False,False,False,False,False,False,,,False,False
9547,False,False,True,False,False,False,,,True,False
9555,False,False,False,False,False,False,,,False,False
9565,False,False,False,False,False,False,,,False,False
9617,False,False,False,False,False,False,,,False,False
9618,False,False,False,False,False,False,,,False,False
9619,False,False,False,False,False,False,,,False,False
9620,False,False,False,False,False,False,,,False,False
9622,False,False,False,False,False,False,,,False,False
9623,False,False,False,False,False,False,,,False,False
9624,False,False,False,False,False,False,,,False,False
9625,False,False,False,False,False,False,,,False,False
9626,False,False,False,False,False,False,,,False,False
9628,False,True,False,False,False,False,,,False,False
9630,False,False,False,False,False,False,,,False,False
9633,False,False,False,False,False,False,,,False,False
9635,False,False,False,False,False,False,,,False,False
9636,False,False,False,False,False,False,,,False,False
9638,False,False,False,False,False,False,,,False,False
9640,False,False,False,False,False,False,,,False,False
9691,False,False,False,False,False,False,,,False,False
9692,False,False,False,False,False,False,,,False,False
9694,False,False,False,False,False,False,,,False,False
9695,False,False,False,False,False,False,,,False,False
9696,False,False,False,False,False,False,,,False,False
9699,False,False,False,False,False,False,,,False,False
9702,False,False,False,False,False,False,,,False,False
9703,False,False,False,False,False,False,,,False,False
9704,False,False,False,False,False,False,,,False,False
9705,False,False,False,False,False,False,,,False,False
9706,False,True,False,False,False,False,,,False,False
9709,False,False,False,False,False,False,,,False,False
9710,False,False,False,False,False,False,,,False,False
9712,False,False,False,False,False,False,,,False,False
9713,False,False,False,False,False,False,,,False,False
9714,False,False,False,False,False,False,,,False,False
9715,False,False,False,False,False,False,,,False,False
9749,True,False,False,True,False,False,False,False,,
9754,False,False,True,False,False,True,,,False,False
9762,False,False,False,False,False,False,False,False,,
9766,False,False,False,False,False,False,False,False,,
9769,False,False,False,False,False,False,False,False,,
9772,False,False,False,False,False,False,False,False,,
9783,False,False,False,False,False,False,False,False,,
9788,False,False,False,False,False,False,False,False,,
9867,False,False,False,False,False,False,False,False,,
9878,False,False,False,False,False,False,False,False,,
9905,False,False,False,False,False,False,False,False,,
9909,False,False,False,False,False,False,False,False,,
9911,False,False,False,False,False,False,False,False,,
9921,False,False,False,False,False,False,False,False,,
9929,False,False,False,False,False,False,False,False,,
9932,False,False,False,False,False,False,False,False,,
9933,False,False,False,False,False,False,False,False,,
9934,False,False,False,False,False,False,False,False,,
9936,False,False,False,False,False,False,False,False,,
9938,False,False,False,False,False,False,False,False,,
9939,False,False,False,False,False,False,False,False,,
9941,False,False,False,False,False,False,False,False,,
9942,False,False,False,False,False,False,False,False,,
9944,False,False,False,False,False,False,False,False,,
9946,False,False,False,False,False,False,False,False,,
9948,False,False,False,False,False,False,False,False,,
9949,False,False,False,False,False,False,False,False,,
9950,False,False,False,False,False,False,False,False,,
9951,False,False,False,False,False,False,False,False,,
9953,False,False,False,False,False,False,False,False,,
9993,False,False,False,False,False,False,False,False,,
9995,False,False,False,False,False,False,False,False,,
10001,False,False,False,False,False,False,False,False,,
10002,False,False,False,False,False,False,False,False,,
10004,False,False,False,False,False,False,False,False,,
10012,False,False,False,False,False,False,False,False,,
10013,False,False,False,False,False,False,False,False,,
10014,False,False,False,False,False,False,False,False,,
10017,False,False,False,False,False,False,False,False,,
10025,False,False,False,False,False,False,False,False,,
10041,False,False,False,False,False,False,False,False,,
10045,False,False,False,False,False,False,False,False,,
10069,False,False,False,False,False,False,False,False,,
10070,False,False,False,False,False,False,False,False,,
10072,False,False,False,False,False,False,False,False,,
10075,False,False,False,False,False,False,False,False,,
10076,False,False,False,False,False,False,False,False,,
10077,False,False,False,False,False,False,False,False,,
10078,False,False,False,False,False,False,False,False,,
10079,False,False,False,False,False,False,False,False,,
10080,False,False,False,False,False,False,False,False,,
10082,False,False,False,False,False,False,False,False,,
10083,False,False,False,False,False,False,False,False,,
10084,False,False,False,False,False,False,False,False,,
10101,False,False,False,False,False,False,False,False,,
10111,False,False,False,False,False,False,False,False,,
10155,False,False,False,False,False,True,False,False,,
10156,False,False,False,False,False,False,False,False,,
10158,False,False,False,False,False,False,False,False,,
10160,False,False,False,False,False,False,False,False,,
10161,False,False,False,False,False,False,False,False,,
10162,False,False,False,False,False,False,False,False,,
10173,False,False,False,False,False,False,False,False,,
10179,False,False,False,False,False,False,False,False,,
10201,False,False,False,False,False,False,False,False,,
10207,False,False,False,False,False,False,False,False,,
10208,False,False,False,False,False,False,False,False,,
10221,False,False,False,False,False,False,False,False,,
10223,False,False,False,False,False,False,False,False,,
10230,False,False,False,False,False,False,False,False,,
10242,False,False,False,False,False,False,False,False,,
10247,False,False,False,False,False,False,False,False,,
10264,False,False,False,False,False,False,False,False,,
10271,False,False,False,False,False,False,False,False,,
10275,False,False,False,False,False,False,False,False,,
10276,False,False,False,False,False,False,False,False,,
10279,False,False,False,False,False,False,False,False,,
10325,False,False,False,False,False,False,False,False,,
10371,False,False,False,False,False,False,False,False,,
10384,False,False,False,False,False,False,False,False,,
10385,False,False,False,False,False,False,False,False,,
10408,False,False,False,False,False,False,False,False,,
10419,False,False,False,False,False,False,False,False,,
10447,False,False,False,False,False,False,False,False,,
10465,False,False,False,False,False,False,,,False,False
10479,False,False,False,False,False,False,,,False,False
10484,False,False,False,False,False,False,,,False,False
10488,False,False,False,False,False,False,,,False,False
10490,False,False,False,False,False,False,,,False,False
10492,False,False,False,False,False,False,,,False,False
10493,False,False,False,False,False,False,,,False,False
10542,False,False,False,False,False,False,,,False,False
10548,False,False,False,False,False,False,,,False,False
10578,False,False,False,False,False,False,,,False,False
10583,False,False,False,False,False,False,,,False,False
10585,False,False,False,False,False,False,,,False,False
10587,False,False,False,False,False,False,,,False,False
10588,False,False,False,False,False,False,,,False,False
10592,False,False,False,False,False,False,,,False,False
10593,False,False,False,False,False,False,,,False,False
10600,False,False,False,False,False,False,,,False,False
10617,False,False,False,False,False,False,,,False,False
10621,False,False,False,False,False,False,,,False,False
10626,False,False,False,False,False,False,,,False,False
10631,False,False,False,False,False,False,,,False,False
10632,False,False,False,False,False,False,,,False,False
10665,False,False,False,False,False,False,,,False,False
10671,False,False,False,False,False,False,,,False,False
10684,False,False,False,False,False,False,,,False,False
10687,False,False,False,False,False,False,,,False,False
10736,False,False,False,False,False,False,,,False,False
10737,False,False,False,False,False,False,,,False,False
10738,False,False,False,False,False,False,,,False,False
10739,False,False,False,False,False,False,,,False,False
10741,False,False,False,False,False,False,,,False,False
10742,False,False,False,False,False,False,,,False,False
10744,False,False,False,False,False,False,,,False,False
10762,False,False,False,False,False,False,,,False,False
10764,False,False,False,False,False,False,,,False,False
10766,False,False,False,False,False,False,,,False,False
10769,False,False,False,False,False,False,,,False,False
10770,False,False,False,False,False,False,,,False,False
10774,False,False,False,False,False,False,,,False,False
10780,False,False,False,False,False,False,,,False,False
10805,False,False,False,False,False,False,,,False,False
10824,False,False,False,False,False,False,,,False,False
10825,False,False,False,False,False,False,,,False,False
10826,False,False,False,False,False,False,,,False,False
10831,False,False,False,False,False,False,,,False,False
10832,False,False,False,False,False,False,,,False,False
10834,False,False,False,False,False,False,,,False,False
10835,False,False,False,False,False,False,,,False,False
10838,False,False,False,False,False,False,,,False,False
10845,False,False,False,False,False,False,,,False,False
10846,False,False,False,False,False,False,,,False,False
10855,False,False,False,False,False,False,,,False,False
10856,False,False,False,False,False,False,,,False,False
10862,False,False,False,False,False,False,,,False,False
10871,False,False,False,False,False,False,,,False,False
10887,False,False,False,False,False,False,,,False,False
10898,False,False,False,False,False,False,,,False,False
10911,False,False,False,False,False,False,,,False,False
10931,False,False,False,False,False,False,,,False,False
10933,False,False,False,False,False,False,,,False,False
10969,False,False,False,False,False,False,,,False,False
10973,False,False,False,False,False,False,,,False,True
10974,False,False,False,False,False,False,,,False,False
10976,False,False,False,False,False,False,,,False,False
10977,False,False,False,False,False,False,,,False,False
10978,False,False,True,False,False,False,,,True,False
10979,False,False,False,False,False,False,,,False,False
10989,False,False,False,False,False,False,,,False,False
10990,False,False,True,False,False,False,,,True,False
10992,False,False,False,False,False,False,,,False,False
10995,False,False,True,False,False,False,,,False,False
11001,False,False,False,False,False,False,,,False,False
11006,False,False,False,False,False,False,,,False,False
11011,False,False,False,False,False,False,,,False,False
11047,False,False,False,False,False,False,,,False,False
11049,False,False,False,False,False,False,,,False,False
11055,False,False,False,False,False,False,,,False,False
11059,False,False,False,False,False,False,,,False,False
11061,False,False,False,False,False,False,,,False,False
11070,False,False,False,False,False,False,,,False,False
11074,False,False,False,False,False,False,,,False,False
11075,False,False,False,False,False,False,,,False,False
11084,False,False,False,False,True,False,,,False,False
11085,False,False,False,False,False,False,,,False,False
11087,False,False,False,False,False,False,,,False,False
11147,False,False,False,False,False,False,,,False,False
11150,False,False,False,False,False,False,,,False,False
11165,False,False,False,False,False,False,,,False,False
11171,False,False,False,False,False,False,,,False,False
11179,False,False,False,False,False,False,,,False,False
11181,False,False,False,False,False,False,,,False,False
11184,False,False,False,False,False,False,,,False,False
11185,False,False,False,False,False,False,,,False,False
11186,False,False,False,False,False,False,,,False,False
11190,False,False,False,False,False,False,,,False,False
11191,False,False,False,False,False,False,,,False,False
11192,False,False,False,False,False,False,,,False,False
11195,False,False,False,False,False,False,,,False,False
11196,False,True,False,False,False,False,,,False,False
11197,False,False,False,False,False,False,,,False,False
11198,False,False,False,False,False,True,,,False,False
11199,False,False,False,False,False,False,,,False,False
11200,False,False,False,False,False,False,,,False,False
11211,False,False,False,False,False,False,,,False,False
11213,False,False,False,False,False,False,,,False,False
11217,False,False,False,False,False,False,,,False,False
11237,False,False,False,False,False,False,,,False,False
11326,False,False,False,False,False,False,,,False,False
11327,False,False,False,False,False,False,,,False,False
11331,False,False,False,False,False,False,,,False,False
11332,False,False,False,False,False,False,,,False,False
11335,False,False,False,False,False,False,,,False,False
11336,False,False,False,False,False,False,,,False,False
11341,False,False,False,False,False,False,,,False,False
11346,False,False,False,False,False,False,,,True,False
11350,False,False,False,False,False,False,,,False,False
11351,False,False,False,False,False,False,,,False,False
11356,False,False,False,False,False,False,,,False,False
11358,False,False,False,False,False,True,,,False,False
11359,False,False,False,False,False,False,,,False,False
11360,False,False,False,False,False,False,,,False,False
11361,False,False,False,False,False,True,,,False,False
11363,False,False,False,False,False,False,,,False,False
11365,False,False,False,False,False,False,,,False,False
11371,False,False,False,False,False,False,,,False,False
11395,False,False,False,False,False,False,,,False,False
11398,False,False,False,False,False,True,,,False,False
11401,False,False,False,False,False,False,,,False,False
11410,False,False,False,False,False,False,,,False,False
11417,False,False,False,False,False,False,,,False,False
11426,False,False,False,False,False,False,,,False,False
11474,False,False,True,False,False,False,,,False,False
11479,False,False,False,False,False,False,,,False,False
11485,False,False,False,False,False,False,,,False,False
11490,False,False,False,False,False,False,,,False,False
11491,False,False,False,False,False,False,,,False,False
11495,False,False,False,False,False,False,,,False,False
11497,False,False,False,False,False,False,,,False,False
11500,False,False,False,False,False,False,,,False,False
11501,False,False,False,False,False,False,,,False,False
11502,False,False,False,False,False,False,,,False,False
11503,False,False,False,False,False,False,,,False,False
11504,False,False,False,False,False,False,,,False,False
11508,False,False,True,True,False,False,,,False,False
11513,False,False,True,False,False,False,,,False,False
11515,False,False,False,False,False,False,,,False,False
11518,False,False,False,False,False,False,,,False,False
11519,False,False,False,False,False,False,,,False,False
11520,False,False,False,False,False,False,,,False,False
11526,False,False,False,False,False,False,,,False,False
11528,False,False,True,False,False,False,,,False,False
11529,False,False,True,False,False,False,,,False,False
11531,False,False,False,False,False,False,,,False,False
11532,False,False,False,False,False,False,,,False,False
11537,False,False,True,False,False,False,,,False,False
11540,False,False,False,False,False,False,,,False,False
11559,False,False,False,False,False,False,,,False,False
11560,False,False,False,False,False,False,,,False,False
11579,False,False,False,False,False,False,,,False,False
11582,False,False,False,False,False,False,,,False,False
11590,False,False,False,False,False,False,,,False,False
11646,False,False,False,False,False,False,,,False,False
11648,False,False,False,False,False,False,,,False,False
11651,False,False,False,False,False,False,,,False,False
11656,False,False,False,False,False,False,,,False,False
11657,False,False,False,False,False,False,,,False,False
11659,False,False,False,False,False,False,,,False,False
11662,False,False,False,False,False,False,,,False,False
11663,False,False,False,False,False,False,,,False,False
11665,False,False,False,False,False,False,,,False,False
11671,False,False,False,False,False,False,,,False,False
11676,False,False,False,False,False,False,,,False,False
11679,False,False,False,False,False,False,,,False,False
11683,False,False,False,False,False,False,,,False,False
11685,False,False,False,False,False,False,,,False,False
11689,False,False,False,False,False,False,,,False,False
11691,False,False,False,False,False,False,,,False,False
11692,False,False,False,False,False,False,,,False,False
11701,False,False,False,False,False,False,,,False,False
11704,False,False,False,False,False,False,,,False,False
11705,False,False,False,False,False,False,,,False,False
11712,False,False,False,False,False,False,,,False,False
11716,False,False,False,False,False,False,,,False,False
11717,False,False,False,False,False,False,,,False,False
11719,False,False,False,False,False,False,,,False,False
11722,False,False,False,False,False,False,,,False,False
11724,False,False,False,False,False,False,,,False,False
11726,False,False,False,False,False,False,,,False,False
11733,False,False,False,False,False,False,,,False,False
11734,False,False,False,False,False,False,,,False,False
11741,False,False,False,False,False,False,,,False,False
11743,False,False,False,False,False,False,,,False,False
11746,False,False,False,False,False,False,,,False,False
11754,False,False,False,False,False,False,,,False,False
11755,False,False,False,False,False,False,,,False,False
11756,False,False,False,False,False,False,,,False,False
11766,False,False,False,False,False,False,,,False,False
11771,False,False,False,False,False,False,,,False,False
11772,False,False,False,False,False,False,,,False,False
11775,False,False,False,False,False,False,,,False,False
11777,False,False,False,False,False,False,,,False,False
11783,False,False,False,False,False,False,,,False,False
11785,False,False,False,False,False,False,,,False,False
11786,False,False,False,False,False,False,,,False,False
11788,False,False,False,False,False,False,,,False,False
11790,False,False,False,False,False,False,,,False,False
11791,False,False,False,False,False,False,,,False,False
11792,False,False,False,False,False,False,,,False,False
11798,False,False,False,False,False,False,,,False,False
11800,False,False,False,False,False,False,,,False,False
11802,False,False,False,False,False,False,,,False,False
11804,False,False,False,False,False,False,,,False,False
11805,False,False,False,False,False,False,,,False,False
11821,False,False,False,False,False,False,,,False,False
11824,False,False,False,False,False,False,,,False,False
11825,False,False,True,False,False,False,,,True,False
11831,False,False,False,False,False,False,,,False,False
11836,False,False,False,False,False,False,,,False,False
11839,False,False,False,False,False,False,,,False,False
11842,False,False,False,False,False,False,,,False,False
11845,False,False,False,False,False,False,,,False,False
11846,False,False,False,False,False,False,,,False,False
11847,False,False,False,False,False,False,,,False,False
11848,False,False,False,False,False,False,,,False,False
11849,False,False,False,False,False,False,,,False,False
11850,False,False,False,False,False,False,,,False,False
11851,False,False,False,False,False,False,,,False,False
11854,False,False,False,False,False,False,,,False,False
11855,False,False,False,False,False,False,,,False,False
11858,False,False,False,False,False,False,,,False,False
11859,False,False,False,False,False,False,,,False,False
11861,False,False,False,False,False,False,,,False,False
11865,False,False,True,False,False,False,,,True,False
11868,False,False,False,False,False,False,,,False,False
11878,False,False,False,False,False,False,,,False,False
11884,False,False,False,False,False,False,,,False,False
11895,False,False,False,False,False,False,,,False,False
11900,False,False,False,False,False,False,,,False,False
11908,False,False,False,False,False,False,,,False,False
11912,False,False,False,False,False,False,,,False,False
11914,False,False,False,False,False,False,,,False,False
11916,False,False,False,False,False,False,,,True,False
11922,False,False,False,False,False,False,,,False,False
11924,False,False,True,False,False,False,,,False,False
11939,False,False,False,False,False,False,,,False,False
11940,False,False,False,False,False,False,,,False,False
11941,False,False,False,False,False,False,,,False,False
11942,False,False,False,False,False,False,,,False,False
11945,False,False,True,False,False,False,,,False,False
11946,False,False,False,False,False,False,,,False,False
11947,False,False,False,False,False,False,,,False,False
11949,False,False,False,False,False,False,,,False,False
11952,False,False,False,False,False,False,,,False,False
11972,False,False,False,False,False,False,,,False,False
11974,False,False,False,False,False,False,,,False,False
11976,False,False,False,False,False,False,,,False,False
11977,False,False,True,False,False,False,,,True,False
11978,False,False,False,False,False,False,,,False,False
11979,False,False,False,False,False,False,,,False,False
11980,False,False,True,False,False,False,,,True,False
11982,False,False,True,False,False,False,,,True,False
11984,False,False,False,False,False,False,,,False,False
11986,False,False,False,False,False,False,,,False,False
11988,False,False,True,False,False,False,,,True,False
11990,False,False,False,False,False,False,,,False,False
11991,False,False,False,False,False,False,,,False,False
11992,False,False,True,False,False,False,,,False,False
11995,False,True,True,False,False,False,,,False,True
11998,False,False,True,False,False,False,,,True,False
12006,False,False,True,False,False,False,,,False,False
12010,False,False,False,False,False,False,,,False,False
12012,False,False,False,False,False,False,,,False,False
12013,False,False,False,False,False,False,,,False,False
12015,False,False,False,False,False,False,,,False,False
12016,False,False,True,False,False,False,,,False,False
12018,False,False,False,False,False,False,,,False,False
12019,False,False,False,False,False,False,,,False,False
12026,False,False,False,False,False,False,,,False,False
12036,False,False,False,False,False,False,,,False,False
12038,False,False,False,False,False,False,,,False,False
12042,False,False,True,False,False,False,,,True,False
12043,False,False,True,False,False,False,,,False,False
12044,False,False,False,False,False,False,,,False,False
12045,False,False,False,False,False,False,,,False,False
12047,False,False,False,False,False,False,,,False,False
12048,False,False,False,False,False,False,,,False,False
12049,False,False,True,False,False,False,,,False,False
12058,False,False,True,False,False,False,,,True,False
12064,False,False,False,False,False,False,,,False,False
12065,False,False,False,False,False,False,,,False,False
12069,False,True,False,False,False,False,,,False,False
12075,False,False,True,False,False,False,,,False,False
12083,False,False,False,False,False,False,,,False,False
12085,False,False,False,False,False,False,,,False,False
12086,False,False,False,False,False,False,,,False,False
12087,False,False,False,False,False,False,,,False,False
12089,False,False,False,False,False,False,,,False,False
12094,False,False,False,False,False,False,,,False,False
12096,False,False,False,False,False,False,,,False,False
12097,False,False,False,False,False,False,,,False,False
12103,False,False,False,False,False,False,,,False,False
12104,False,False,False,False,False,False,,,False,False
12109,False,False,False,False,False,False,,,False,False
12111,False,False,False,False,False,False,,,False,False
12112,False,False,False,False,False,False,,,False,False
12113,False,False,False,False,False,False,,,False,False
12115,False,False,False,False,False,False,,,False,False
12116,False,False,False,False,False,False,,,False,False
12117,False,False,False,False,False,False,,,False,False
12121,False,False,False,False,False,False,,,False,False
12122,False,False,False,False,False,False,,,False,False
12124,False,False,False,False,False,False,,,False,False
12125,False,False,False,False,False,False,,,False,False
12127,False,False,False,False,False,False,,,False,False
12128,False,False,False,False,False,False,,,False,False
12132,False,False,False,False,False,False,,,False,False
12136,False,False,False,False,False,False,,,False,False
12161,False,False,False,False,False,False,False,False,,
12171,False,False,False,False,False,False,,,False,False
12180,False,False,False,False,False,False,,,False,False
12232,False,False,False,False,False,False,,,False,False
12241,False,False,False,False,False,False,,,False,False
12244,False,False,False,False,False,False,,,False,False
12245,False,True,True,False,False,False,,,False,False
12246,False,False,False,False,False,False,,,False,False
12255,False,True,True,False,False,False,,,False,False
12264,False,False,False,False,False,False,,,False,False
12267,False,False,False,False,False,False,,,False,False
12268,False,False,False,False,False,False,,,False,False
12269,False,False,False,False,False,False,,,False,False
12274,False,False,False,False,False,False,,,False,False
12279,False,False,False,False,False,True,,,False,False
12287,False,True,True,False,False,False,,,True,False
12290,False,False,False,False,False,False,,,False,False
12291,False,True,True,False,False,False,,,True,False
12296,False,False,False,False,False,False,,,False,False
12299,False,False,False,False,False,False,,,False,False
12307,False,False,False,False,False,False,,,False,False
12349,False,False,False,False,False,False,,,False,False
12350,False,False,False,False,False,False,,,False,False
12352,False,False,False,False,False,False,,,False,False
12360,False,False,False,False,False,False,,,False,False
12361,False,False,True,False,False,False,,,False,False
12365,False,False,True,False,False,False,,,False,False
12372,False,False,False,False,False,False,,,False,False
12394,False,False,False,False,False,False,,,False,False
12398,False,False,False,False,False,False,,,False,False
12424,False,True,False,False,False,False,,,False,False
12427,False,True,True,False,False,False,,,False,False
12430,False,False,False,False,False,False,,,False,False
12436,False,False,False,False,False,False,,,False,False
12437,False,False,False,False,False,False,,,False,False
12439,False,False,False,False,False,False,,,False,False
12441,False,False,False,False,False,False,,,False,False
12443,False,False,False,False,False,False,,,False,False
12444,False,True,False,False,False,False,,,False,False
12447,False,True,True,False,False,False,,,False,False
12450,False,False,True,False,False,False,,,False,False
12451,False,False,False,False,False,False,,,False,False
12455,False,True,True,False,False,False,,,False,False
12459,False,False,False,False,False,False,,,False,False
12490,False,False,False,False,False,False,,,False,False
12523,False,False,False,False,False,False,,,False,False
12535,False,False,False,False,False,False,,,False,False
12547,False,False,False,False,False,False,,,False,False
12552,False,False,False,False,False,False,,,False,False
12567,False,False,False,False,False,False,,,False,False
12569,False,False,False,False,False,False,,,False,False
12570,False,False,False,False,False,False,,,False,False
12571,False,False,False,False,False,False,,,False,False
12573,False,False,False,False,False,False,,,False,False
12576,False,False,False,False,False,False,,,False,False
12578,False,False,False,False,False,False,,,False,False
12579,False,False,False,False,False,False,,,False,False
12580,False,False,False,True,False,False,,,False,False
12581,False,False,False,False,False,False,,,False,False
12583,False,False,False,False,False,False,,,False,False
12585,False,False,False,False,False,False,,,False,False
12587,False,False,False,False,False,False,,,False,False
12588,False,False,False,False,False,False,,,False,False
12589,False,False,False,False,False,False,,,False,False
12591,False,False,False,False,False,False,,,False,False
12595,False,False,False,False,False,False,,,False,False
12599,False,False,False,False,False,False,,,False,False
12600,False,False,False,False,False,False,,,False,False
12602,False,False,False,False,False,False,,,False,False
12605,False,False,False,False,False,False,,,False,False
12611,False,False,False,False,False,False,,,False,False
12613,False,False,False,False,False,False,,,False,False
12651,False,False,False,False,False,False,,,False,False
12655,False,False,False,False,False,False,,,False,False
12679,False,False,False,False,False,False,,,False,False
12692,False,False,False,False,False,False,,,False,False
12694,False,False,False,False,False,False,,,False,False
12702,False,False,False,False,False,False,,,False,False
12711,False,False,False,False,False,False,,,False,False
12717,False,False,False,False,False,False,,,False,False
12718,False,False,False,False,False,False,,,False,False
12719,False,False,False,False,False,False,,,False,False
12720,False,False,True,False,False,False,,,True,False
12723,False,False,False,False,False,False,,,False,False
12724,False,False,True,False,False,False,,,False,False
12727,False,False,False,False,False,False,,,False,False
12730,False,False,False,False,False,False,,,False,False
12732,False,False,True,False,False,False,,,False,False
12733,False,False,True,False,False,False,,,True,False
12734,False,False,True,False,False,False,,,False,False
12735,False,False,False,False,False,False,,,False,False
12736,False,False,False,False,False,False,,,False,False
12742,False,False,False,False,False,False,,,False,False
12746,False,False,False,False,False,False,,,False,False
12754,False,False,False,False,False,False,,,False,False
12756,False,False,False,False,False,False,,,False,False
12757,False,False,False,False,False,False,,,False,False
12798,False,False,False,False,False,False,,,False,False
12840,False,False,False,False,False,False,,,False,False
12843,False,False,False,False,False,False,,,False,False
12845,False,True,False,False,False,False,,,False,False
12850,False,False,False,False,False,False,,,False,False
12852,False,False,False,False,False,False,,,False,False
12857,False,False,False,False,False,False,,,False,False
12858,False,False,False,False,False,False,,,False,False
12860,False,False,False,False,False,False,,,False,False
12863,False,False,False,True,False,False,,,False,False
12866,False,False,False,False,False,False,,,False,False
12869,False,False,False,False,False,False,,,False,False
12872,False,False,False,False,False,False,,,False,False
12873,False,False,False,False,False,False,,,False,False
12874,False,False,False,False,False,False,,,False,False
12875,False,False,False,False,False,False,,,False,False
12881,False,False,False,False,False,False,,,False,False
12882,False,False,False,False,False,False,,,False,False
12887,False,False,False,False,False,False,,,False,False
12890,False,False,False,False,False,False,,,False,False
12892,False,False,False,False,False,False,,,False,False
12893,False,False,False,False,False,False,,,False,False
12896,False,False,False,False,False,False,,,False,False
12898,False,False,False,False,False,False,,,False,False
12901,False,False,False,False,False,False,,,False,False
12905,False,False,False,False,False,False,,,False,False
12910,False,False,False,False,False,False,,,False,False
12918,False,False,False,False,False,False,,,False,False
12970,False,False,False,False,False,False,,,False,False
12994,False,False,False,False,False,False,,,False,False
13003,False,False,False,False,False,False,,,False,False
13004,False,False,False,False,False,False,,,False,False
13005,False,False,False,False,False,False,,,False,False
13008,False,False,False,False,False,False,,,False,False
13010,False,False,False,False,False,False,,,False,False
13018,False,False,False,False,False,False,,,False,False
13022,False,False,False,False,False,False,,,False,False
13026,False,False,False,False,False,False,,,False,False
13027,False,False,False,False,False,False,,,False,False
13030,False,False,False,False,False,False,,,False,False
13031,False,False,False,False,False,False,,,False,False
13037,False,False,False,False,False,False,,,False,False
13041,False,False,False,False,False,True,,,False,False
13045,False,False,False,False,False,False,,,False,False
13049,False,False,False,False,False,False,False,False,,
13055,False,False,False,False,False,False,False,False,,
13057,False,False,False,False,False,False,False,False,,
13060,False,False,False,False,False,False,False,False,,
13064,False,False,False,False,False,False,False,False,,
13082,False,False,False,False,False,False,False,False,,
13085,False,False,False,False,False,False,False,False,,
13098,False,False,False,False,False,False,False,False,,
13100,False,False,False,False,False,False,False,False,,
13110,False,False,False,False,False,False,False,False,,
13114,False,False,False,False,False,False,False,False,,
13116,False,False,False,False,False,False,False,False,,
13122,False,False,False,False,False,False,,,False,False
13155,False,False,False,False,False,False,False,False,,
13158,False,False,False,False,False,False,False,False,,
13161,False,False,False,False,False,False,False,False,,
13172,False,False,False,False,False,False,,,False,False
13175,False,False,False,False,False,False,False,False,,
13178,False,False,False,False,False,False,False,False,,
13181,False,False,False,False,False,False,False,False,,
13209,False,False,False,False,False,False,False,False,,
13234,False,False,False,False,False,False,,,False,False
13241,False,False,False,False,False,False,False,False,,
13245,False,False,False,False,False,False,False,False,,
13249,False,False,False,False,False,False,False,False,,
13257,False,False,False,False,False,False,False,False,,
13308,False,False,False,False,False,False,False,False,,
13376,False,False,False,False,False,False,False,False,,
13432,False,False,False,False,False,False,False,False,,
13452,False,False,False,False,False,False,False,False,,
13483,False,False,False,False,False,False,False,False,,
13488,False,False,False,False,False,False,False,False,,
13510,False,False,False,False,False,False,False,False,,
13536,False,False,False,False,False,False,False,False,,
13580,False,False,False,False,False,False,False,False,,
13818,False,False,False,False,False,False,,,False,False
13823,False,False,False,False,False,False,,,False,False
14178,False,False,False,False,False,False,,,False,False
14183,False,False,False,False,False,False,,,False,False
14358,False,False,False,False,False,True,,,False,False
14363,False,False,True,False,False,False,,,False,False
15159,False,False,False,False,False,False,,,False,False
15165,False,False,False,False,False,False,,,False,False
15166,False,False,False,False,False,False,,,False,False
15170,False,False,False,False,False,False,,,False,False
15174,False,False,False,False,False,False,,,False,False
15175,False,False,False,False,False,False,,,False,False
15180,False,False,False,False,False,False,,,False,False
15186,False,False,False,False,False,False,,,False,False
15187,False,False,False,False,False,False,,,False,False
15574,False,False,False,False,False,False,,,False,False
15625,False,False,False,False,False,False,False,False,,
15643,False,False,False,False,False,False,False,False,,
15647,False,False,False,False,False,False,False,False,,
15661,False,False,False,False,False,False,,,False,False
15666,False,False,False,False,False,False,,,False,False
15671,False,False,False,False,False,False,,,False,False
15676,False,False,False,False,False,False,,,False,False
15681,False,False,False,False,False,False,,,False,False
15695,False,False,False,False,False,False,,,False,False
15720,False,False,False,False,False,False,,,False,False
15771,False,False,False,False,False,False,,,False,False
15821,False,False,False,False,False,False,,,False,False
15835,False,False,False,False,False,False,False,False,,
15838,False,False,False,False,False,False,False,False,,