id,no_correlativo,origen,destino,equipaje_priority,equipaje_turista,carga,otros,bin
9,3039,GUA,MIA,9,56,,,BIN 1
10,3039,,,,86,,"12 PRIORITY ",BIN 2
11,3297,GUA,DFW,,3,78,"09 PRIORITY ",BIN 3
12,3448,,,,,,,BIN 1
13,3560,,,,,,,BIN 1
14,1755,GUA,PTY,,,,,BIN 1
15,1755,GUA,PTY,,,,,BIN 2
17,629,GUA,JFK,,77,,,BIN 1
18,629,GUA,JFK,,30,,,BIN 2
34,6153,Gua,Frs,,20,,,BIN 1
35,6153,,,,,,,BIN 3
36,9099,GUA,JFK,,39,,,BIN 2
37,9099,GUA,JFK,,71,,,BIN 3
38,9099,GUA,JFK,,19,,,BIN 4
40,8605,Gua,MIA,,75,,,BIN 2
41,8605,Gua,MIA,,89,16,,BIN 3
42,8605,,,,,,,BIN 4
43,68,Gua,Pty,3,,,,BIN 1
44,68,Gua,Pty,,108,,,BIN 2
45,68,Gua,Pty,,,168,,BIN 3
46,9619,Gua,Mia,,96,,,BIN 2
47,9619,Gua,Mia,,57,97,,BIN 3
48,9369,Gua,Dfw,,107,,,BIN 2
49,9369,Gua,Dfw,,53,75,,BIN 3
50,7366,Gua,Mex,14,,,,BIN 1
51,7366,Gua,Mex,,,24,,BIN 3
52,9291,Gua,Mia,,122,,,BIN 2
53,9291,Gua,Mia,,35,5,,BIN 3
54,5966,Gua,Frs,,,,Manto,BIN 1
55,5966,Gua,Frs,,12,,,BIN 2
56,5966,Gua,Frs,,,,,BIN 3
57,5966,Gua,Frs,,8,,,BIN 4
58,6416,Gua,Pty,,38,0,12 priotitys,BIN 2
59,6416,Gua,Pty,,42,0,0,BIN 3
60,9213,Gua,Mia,6,10,,,BIN 1
61,9213,Gua,Mia,,125,,,BIN 2
62,9213,,,,,188,,BIN 3
63,9694,,,,83,,18,BIN 2
64,9694,,,,37,,3,BIN 3
65,6616,Gua,Pty,,109,,,BIN 2
69,5970,Gua,Frs,,21,,,BIN 2
71,9373,Gua,Dfw,,97,,,BIN 2
72,9373,Gua,Dfw,,47,,,BIN 3
73,9295,Gua,Mia,,89,,,BIN 2
74,9295,Gua,Mia,,70,,,BIN 3
75,7370,,,,76,,,BIN 3
76,6420,Gua,Pty,,,6,,BIN 1
77,6420,Gua,Pty,,44,55,6 equipaje prioridad,BIN 2
78,6420,Gua,Pty,,65,,48 prioridades,BIN 3
79,6420,,,,,,,BIN 4
80,6420,,,,,,,BIN 5
81,6865,Gua,Sjo,,53,,,BIN 2
82,6865,Gua,Sjo,,9,190,,BIN 3
83,7165,,,,,8,,BIN 1
85,7514,Gua,Mex,9,64,5,,BIN 1
86,7514,Gua,Mex,,,22,,BIN 2
87,6395,Gua,Pty,7,10,,,BIN 1
88,6395,Gua,Pty,,122,,,BIN 2
89,6395,,,,,165,,BIN 3
90,9627,,,,37,,11 prioridades,BIN 3
103,9221,Gua,DFW,,28,135,17,BIN 3
104,9221,Gua,Dfw,,,,,BIN 4
105,9702,,,,70,,18,BIN 2
106,9702,,,,36,,8,BIN 3
107,9706,Gua,Dfw,,92,,"25 prioridades ",BIN 2
114,9381,Gua,Dfw,,100,,,BIN 2
115,9381,Gua,Dfw,,60,103,,BIN 3
116,9303,Gua,Mia,8,,,,BIN 1
117,9303,Gua,Mia,,102,,,BIN 2
118,9303,Gua,Mia,,43,117,,BIN 3
119,7350,Gua,Mex,,95,,,BIN 2
120,7350,Gua,Mex,,,179,,BIN 3
121,7350,Gua,Mex,,,5,,BIN 4
122,9428,Guq,Ord,,99,,2 prioridades,BIN 2
125,7518,0,0,,0,0,0,BIN 3
126,7518,0,0,,0,0,0,BIN 4
127,9225,Gua,Mia,,90,,,BIN 2
128,9225,Gua,Mia,,18,,,BIN 3
129,6056,,,,,,,BIN 5
132,9710,Gua,Dfw,,90,,"12 prioridades ",BIN 2
133,9710,Gua,Dfw,,33,,"20 prioridades ",BIN 3
134,9385,Gua,Dfw,,78,,"12 prioridades ",BIN 2
135,9385,Gua,Dfw,,40,5,"3 prioridades ",BIN 3
145,6405,GUA,PTY,0,30,0,0,BIN 1
146,6405,GUA,PTY,,45,60,0,BIN 2
147,6405,GUA,PTY,,72,0,0,BIN 3
148,9635,GUA,MIA,,68,75,0,BIN 2
149,9635,GUA,MIA,,81,0,0,BIN 3
150,9229,Gua,Dfw,,75,,28 equipaje priority,BIN 2
151,9229,Gua,Dfw,,15,99,,BIN 3
154,9713,,,,88,,10,BIN 2
155,9713,,,,17,,2,BIN 3
157,5959,GUA,FRS,,12,,,BIN 2
158,5959,GUA,FRS,,17,,,BIN 4
159,9638,Gua,Mia,,103,,,BIN 2
160,9638,Gua,Mia,,17,20,,BIN 3
163,9388,,,,88,,9,BIN 2
164,9388,,,,29,88,9,BIN 3
165,6609,Gua,Pty,,30,,,BIN 1
166,6609,Gua,Pty,,46,,24 Maletas Priority,BIN 2
167,6609,Gua,Pty,,,216,,BIN 3
168,7179,Gua,Pty,,30,,,BIN 1
169,7179,Gua,Pty,,49,,21 Maletas Priority,BIN 2
170,7179,Gua,Pty,,31,100,,BIN 3
171,7359,Gua,Mex,5,,,,BIN 1
172,7359,Gua,Mex,,57,,,BIN 2
173,7359,Gua,mex,,1,,,BIN 3
174,7527,Gua,Mex,19,50,,,BIN 1
175,7527,Gua,Mex,,,,,BIN 2
176,7527,Gua,mex,,,,,BIN 3
177,7527,,,,,,,BIN 4
181,6879,GUA,SJO,30,,,,BIN 1
182,6879,GUA,SJO,,28,,,BIN 2
183,6879,GUA,SJO,,3,274,,BIN 3
199,9366,,,,121,,18,BIN 2
200,9366,,,,,160,,BIN 3
201,9691,Gua,Dfw,12,,,,BIN 1
202,9691,Gua,Dfw,,106,,,BIN 2
203,9691,,,,,80,,BIN 3
204,7363,GUA,MEX,13,9,,,BIN 1
205,7363,GUA,MEX,,52,,,BIN 2
206,7363,GUA,MEX,,15,,,BIN 3
208,6613,Gua,Pty,,,10,,BIN 1
209,6613,Gua,Pty,,80,17,15 equipaje priority,BIN 2
210,6613,Gua,Pty,,,102,,BIN 3
211,7183,Gua,Pty,,,2,,BIN 1
212,7183,Gua,Pty,,65,,20 equipaje priority,BIN 2
213,7183,Gua,Pty,,24,100,,BIN 3
214,6413,Gua,Pty,,12,1,,BIN 1
215,6413,Gua,Pty,,39,93,35 equipaje priority,BIN 2
216,6413,Gua,Pty,,50,85,,BIN 3
217,9754,Gua,Fls,,15,,,BIN 1
218,9754,Gua,Fls,,10,,,BIN 2
219,9754,,,,,,,BIN 3
220,9754,Guq,Fls,,20,,5 comat,BIN 4
221,9288,Gua,Mia,,65,155,,BIN 2
222,9288,Gua,Mia,,116,,,BIN 3
223,6883,GUA,SJO,,30,,,BIN 1
224,6883,GIA,SJO,,37,,,BIN 2
225,6883,GUA,SJO,,14,,,BIN 3
228,5963,GUA,FRS,,10,,,BIN 1
229,5963,GUA,FRS,,19,,,BIN 2
230,5963,GUA,FRS,,10,,,BIN 4
231,7531,GUA,MEX,4,,,,BIN 1
232,7531,GUA,MEX,,23,,,BIN 2
233,9695,Gua,Dfw,,64,,"19 prioridades ",BIN 2
234,9695,Gua,Dfw,,,142,,BIN 3
235,6887,Gua,Sjo,,30,,,BIN 1
236,6887,Gua,Sjo,,27,,,BIN 2
237,7187,Gua,Pty,,,5,,BIN 1
238,7187,Gua,Pty,,45,94,,BIN 2
239,7187,Gua,Pty,,80,101,,BIN 3
240,7367,Gua,Mex,,,33,,BIN 3
241,9370,Gua,Dfw,,64,,,BIN 2
242,9292,Gua,Mia,,90,,,BIN 2
243,9292,Gua,Mia,,26,20,,BIN 3
244,9624,Gua,Mia,,13,306,"9 prioridades ",BIN 2
245,7371,Gua,Mex,,23,33,4 priority,BIN 2
246,7539,,,,,19,,BIN 3
247,9374,,,,39,,11,BIN 2
248,9374,,,,16,104,3,BIN 3
249,6617,,,,19,89,2,BIN 2
250,6617,,,,68,,8,BIN 3
251,9699,,,,43,,10,BIN 2
252,9699,,,,,176,,BIN 3
253,9296,,,,69,,16,BIN 2
254,9296,,,,23,40,9,BIN 3
255,9218,Gua,Dfw,,22,,"1 prioridad ",BIN 3
256,9703,Gua,Dfw,,41,,,BIN 2
257,9703,,,,,87,,BIN 3
261,7683,GUA,MEX,,,30,,BIN 1
262,7683,GUA,MEX,,,109,,BIN 2
263,7683,GUA,MEX,,57,,,BIN 3
264,9382,Gua,Dfw,,98,,"22 prioridades ",BIN 2
265,9429,Gua,Ord,,94,,"6 prioridades ",BIN 2
266,9429,Gua,Ord,,16,,"1 prioridad ",BIN 3
267,9636,,,7,2,,,BIN 1
268,9636,,,,88,,1,BIN 2
269,9636,,,,8,50,3,BIN 3
270,7356,,,,65,,10,BIN 2
271,7524,Gua,Mex,7,40,,,BIN 1
272,7524,Gua,Mex,,,,,BIN 2
273,9714,Gua,Mia,,97,,,BIN 2
274,9714,Gua,Mia,,46,,,BIN 3
277,6410,,,,,1,,BIN 1
278,6410,Gua,Pty,,80,,,BIN 3
280,9617,Gua,Mia,,84,,"4 prioridades ",BIN 2
281,7364,Gua,Mex,,109,,,BIN 2
282,9692,,,1,4,,,BIN 1
283,9692,,,,74,,16,BIN 2
284,9692,,,,38,76,8,BIN 3
285,9367,,,,10,,,BIN 1
286,9367,,,,70,,11,BIN 2
287,9367,,,,72,1,12,BIN 3
288,9289,,,6,2,,,BIN 1
289,9289,,,,65,,7,BIN 2
290,9289,,,,67,123,13,BIN 3
291,9289,,,,12,,1,BIN 4
292,6614,Gua,Pty,,,3,,BIN 1
293,6614,Gua,Pty,,55,4,,BIN 2
294,6614,Gua,Pty,,50,,,BIN 3
295,7184,Gua,Pty,,,3,,BIN 1
296,7184,Gua,Pty,,65,,,BIN 2
297,7184,Gua,Pty,,78,,,BIN 3
298,6888,Gua,Sjo,,20,,,BIN 1
299,6888,Gua,Sjo,,17,51,,BIN 2
300,6888,Gua,Sjo,,15,,,BIN 3
301,6888,Gua,Sjo,,20,,,BIN 4
302,7188,Gua,Pty,,,48,,BIN 1
303,7188,Gua,Pty,,30,6,"10 prioridades ",BIN 2
304,7188,Gua,Pty,,55,,"19 prioridades ",BIN 3
305,9696,,,,84,,13,BIN 2
306,9696,,,,71,,3,BIN 3
307,5968,Gua,Frs,,9,,,BIN 5
308,9426,Gua,Ord,,32,,,BIN 2
309,9426,Gua,Ord,,96,,,BIN 3
310,6159,Gua,Frs,,6,,,BIN 3
311,9109,Gua,Jfk,,84,,,BIN 2
312,9109,Gua,Jfk,,54,,"3 priority ",BIN 3
313,5972,Gua,FRS,,8,,,BIN 1
314,6618,Gua,Pty,,30,,,BIN 1
315,6618,Gua,Pty,,69,,"4 prioridades ",BIN 2
316,6618,Gua,Pty,,,12,,BIN 3
317,7372,Gua,Mex,,30,,,BIN 1
318,7372,Gua,Mex,,15,32,,BIN 2
319,7372,Gua,Mex,,43,34,,BIN 3
320,7372,Gua,Mex,,9,,,BIN 4
321,9375,Gua,Dfw,,123,,"7 prioridades ",BIN 3
322,9375,Gua,Dfw,,,11,,BIN 4
323,7540,Gua,Mex,10,74,,,BIN 1
325,6146,Gua,Frs,,5,,,BIN 2
326,9113,Gua,Jfk,,75,,,BIN 2
327,9113,Gua,Jfk,,72,,,BIN 3
328,6867,Gua,Sjo,14,16,,,BIN 1
329,7167,,,,,6,,BIN 1
330,7167,Gua,Pty,,29,27,"21 prioridades ",BIN 2
331,7167,Gua,Pty,,52,,"1 ",BIN 3
332,6397,Gua,Pty,,35,73,35,BIN 2
337,7177,Gua,Pty,,,,2 avis,BIN 1
338,7177,Gua,Pty,,102,,,BIN 2
339,7177,Gua,Pty,,24,130,,BIN 3
340,7177,Gua,PTY,,0,0,0,BIN 4
341,9712,Gua,Dfw,,100,,,BIN 2
342,9712,Gua,Dfw,,50,78,,BIN 3
344,9309,Gua,Mia,,23,,,BIN 3
345,9231,Gua,Mia,,100,,,BIN 2
346,9231,Gua,Mia,,28,79,,BIN 3
347,9633,Gua,Mia,,99,,,BIN 2
348,9633,Gua,Mia,,27,266,,BIN 3
350,9383,Gua,Dfw,,96,,,BIN 2
351,9640,Gua,Mia,,82,,"18 prioridades ",BIN 2
352,9390,Gua,Dfw,,66,,"20 prioridades ",BIN 2
353,9390,Gua,Dfw,,63,,"5 prioridades ",BIN 3
354,6156,GUA,FRS,,2,,"1 comant ",BIN 2
355,6156,GUA,FRS,,5,,,BIN 3
356,9234,Gua,Dfw,,71,3,"15 prioridades ",BIN 2
357,6885,Gua,Sjo,,30,,,BIN 1
358,6885,Gua,Sjo,,10,2,,BIN 2
359,6885,Gua,Pty,,1,100,,BIN 3
360,7185,Gua,Pty,,,22,,BIN 1
361,7185,Gua,Pty,,71,2,,BIN 2
362,7185,Gua,Pty,,22,488,,BIN 3
363,6889,,,,52,2,5,BIN 2
364,7189,Gua,Pty,,30,,,BIN 1
365,7189,Gua,Pty,,54,,Priority 15,BIN 2
366,7189,Gua,Pty,,,50,,BIN 3
367,7369,Gua,Mex,,,,12 Priority,BIN 2
368,7369,Gua,Mex,,59,,,BIN 3
369,7369,Gua,Mex,,,3,,BIN 4
370,7537,Gua,Mex,8,,,,BIN 1
371,7537,Gua,Mex,,,,48 equipaje regular,BIN 2
372,7537,,,,,,,BIN 4
373,7705,Gua,Mex,,,110,,BIN 2
374,7705,Gua,Mex,,35,,9 p,BIN 3
377,9110,Gus,Jfk,,5,,,BIN 4
378,9701,Gua,DFW,,101,,,BIN 2
379,9701,GUA,DFW,,65,5,,BIN 3
380,9626,Gua,Mia,12,,,,BIN 1
381,9626,Gua,Mia,,84,,8 maletas priority,BIN 2
382,9626,Gua,Mia,,70,27,,BIN 3
383,9626,Gua,Mia,,,10,,BIN 4
384,9376,GUA,MIA,,110,,,BIN 2
385,9376,GUA,MIA,,45,,,BIN 3
386,9298,Gua,Mia,,67,7,20 maletas Priority,BIN 2
387,9298,Gua,Mia,,67,,,BIN 3
388,7541,,,,,,,BIN 5
389,6423,Gua,Pty,,30,,"35 prioridades ",BIN 2
390,9220,GUA,DFW,,107,,,BIN 2
391,9220,GUA,DFW,,31,200,,BIN 3
392,9705,Gua,Dfw,,71,,,BIN 2
393,9705,Gua,Dfw,,74,,,BIN 3
394,9630,,,,82,,13,BIN 2
395,9630,,,,42,7,,BIN 3
396,7168,GUA,PTY,,,1,,BIN 1
397,7168,GUA,PTY,,50,14,,BIN 2
398,7168,GUA,PTY,,71,165,,BIN 3
399,6611,Gua,Pty,,20,25,,BIN 1
400,6611,Gua,Pty,,55,47,,BIN 2
401,6611,Gua,Pty,,,145,,BIN 3
402,12171,GUA,PTY,,30,,,BIN 1
403,12171,GUA,PTY,,40,,,BIN 2
404,12171,GUA,PTY,,,169,,BIN 3
405,12171,GUA,PTY,,20,,,BIN 4
408,7349,Gua,Mex,,,,1,BIN 1
409,7349,Gua,Mex,,65,20,,BIN 2
410,7349,Gua,Mex,,,46,,BIN 3
411,7349,Gua,Mex,,,,17,BIN 4
412,9302,Gua,Mia,,71,,,BIN 2
413,9302,Gua,Mia,,70,,,BIN 3
414,6415,Gua,Pty,,80,,,BIN 2
415,6415,Gua,Pty,,35,,,BIN 3
416,7517,Gua,Mex,,,16,,BIN 2
417,6398,GUA,PTY,,70,,,BIN 2
418,6398,GUA,PTY,,68,,,BIN 3
424,9709,Gua,Dfw,16,,,,BIN 1
425,9709,Gua,Dfw,,92,,,BIN 2
426,9709,Gua,Dfw,,42,,,BIN 3
427,6607,GUA,PTY,,30,,,BIN 1
428,6607,GUA,PTY,,70,,,BIN 2
429,6607,GUA,PTY,,,255,,BIN 3
430,5953,GUA,FLR,,37,,,BIN 1
431,7181,Gua,Pty,,,16,,BIN 1
432,7181,Gua,Pty,,13,106,,BIN 2
433,7181,Gua,Pty,,124,73,,BIN 3
434,9384,Gua,Dfw,,97,,6,BIN 2
435,9384,Gua,Dfw,,66,52,10,BIN 3
436,7361,Gua,Mex,,70,,,BIN 2
437,7361,Gua,Mex,,10,,,BIN 3
438,7361,Gua,Mex,,7,,,BIN 4
439,9623,Gua,Mia,,76,,14,BIN 2
440,9623,Gua,Mia,,31,168,,BIN 3
441,6403,GUA,PTY,,,1,,BIN 1
442,6403,GUA,PTY,,60,6,,BIN 2
443,6403,GUA,PTY,,90,,,BIN 3
444,9306,Gua,Mia,,98,,,BIN 2
445,9306,Gua,Mia,,68,,,BIN 3
446,9439,Gua,Ord,,77,,13,BIN 2
447,9439,,,,58,138,6,BIN 3
448,9228,Gua,Mia,,80,,21,BIN 3
449,7706,GUA,MEX,,,58,,BIN 2
450,7706,GUA,MEX,,45,106,,BIN 3
451,7706,GUA,MEX,,,,,BIN 4
452,7689,GUA,MEX,,,58,,BIN 2
453,7689,GUA,MEX,,45,106,,BIN 3
454,7689,GUA,MEX,,,,,BIN 4
455,12602,Gua,Sjo,8,21,,,BIN 1
456,12602,Gua,Pty,,14,129,,BIN 2
457,12602,Gua,Sjo,,19,,,BIN 3
458,11716,Gua,Mia,10,,,,BIN 1
459,11716,Gua,Mia,,78,,3,BIN 2
460,11716,Gua,Mia,,10,198,,BIN 3
461,12843,Gua,Pty,,5,16,,BIN 1
462,12843,Gua,Pty,,35,51,,BIN 2
463,12843,Gua,Pty,,102,29,,BIN 3
464,11150,,,,,,14 PRIO,BIN 4
465,11648,Gua,Dfw,,83,,17,BIN 2
466,11648,Gua,Dfw,,61,,5,BIN 3
467,11665,Gua,Mia,,81,,20,BIN 2
468,11665,Gua,Mia,,37,81,4,BIN 3
469,11685,Gua,Mia,,64,,"26 prioridades ",BIN 2
470,11685,Gua,Mia,,,164,,BIN 3
471,11503,GUA,MEX,,50,,18 PRIORITY,BIN 2
472,6414,Gua,Pty,,25,,,BIN 1
473,6414,Gua,Pty,,90,,,BIN 2
474,6414,Gua,Pty,,27,2,,BIN 3
475,7529,Gua,Mex,11,35,,,BIN 1
476,11084,Gua,JFK,,32,,,BIN 2
477,11084,Gua,JFK,,66,,,BIN 3
478,11084,Gua,Jfk,,20,,,BIN 4
479,13008,Gua,Pty,,65,,,BIN 2
480,13008,Gua,Pty,,38,,,BIN 3
481,11724,Gua,Dfw,,72,,"8 prioridades ",BIN 2
482,11724,Gua,Dfw,,44,,9,BIN 3
483,12874,Gua,Pty,,75,,,BIN 2
484,12874,Gua,Pty,,55,,,BIN 3
487,11531,Gua,Mex,,16,,2 p,BIN 3
488,11059,Gua,Jfk,,8,,,BIN 2
489,11059,Gua,Jfk,,74,,,BIN 3
490,11059,Gua,Jfk,,25,,,BIN 4
491,11719,GUA,MIA,,109,,,BIN 2
492,11719,GUA,MIA,,41,198,,BIN 3
499,11191,Gua,Mex,22,,,,BIN 1
500,11191,Gua,Mex,,,74,,BIN 3
501,11332,Gua,Mex,7,47,,,BIN 1
502,11332,,,,,,,BIN 3
503,11332,,,,,,,BIN 4
504,11676,Gua,Mia,,18,194,,BIN 3
505,11656,GUA,MIA,,89,,,BIN 2
506,11656,GUA,MIA,,82,63,,BIN 3
509,11479,Gua,Mex,,62,,8 pri,BIN 3
510,11733,,,,,,,BIN 1
511,11733,Gua,Dwf,,22,96,,BIN 3
512,11712,GUA,MIA,,172,,,BIN 2
513,11712,GUA,MiA,,,142,,BIN 3
514,11657,GUA,DFW,,95,,,BIN 2
515,11657,GUA,DFW,,65,,,BIN 3
516,11662,GUA,MIA,,97,,,BIN 2
517,11662,GUA,MIA,,67,,,BIN 3
518,11179,Gua,Mex,,75,2,,BIN 2
520,11671,,,7,3,,,BIN 1
521,11671,,,,90,23,,BIN 2
522,11671,,,,48,,,BIN 3
525,10737,,,,7,,,BIN 4
526,11515,Gua,Mex,,68,,11 p,BIN 2
527,10979,Gua,Mex,,38,,,BIN 2
528,10979,Gua,Mex,,75,,,BIN 3
529,10979,Gua,Mex,,25,,2 P,BIN 4
530,11743,Gua,Dfw,,77,,5,BIN 2
531,11743,Gua,Dfw,,21,7,,BIN 3
532,11746,Gua,Mia,,98,,,BIN 2
533,11746,Gua,Mia,,26,60,,BIN 3
534,13027,GUA,PTY,,,35,,BIN 1
535,13027,GUA,PTY,,30,82,,BIN 2
536,13027,GUA,PTY,,30,,,BIN 3
537,12547,Gua,Sjo,,30,,,BIN 1
538,12547,Gua,Sjo,,12,,10 maletas priority,BIN 2
539,12547,Gua,Sjo,,5,100,,BIN 3
540,10585,Gua,Fls,,3,,,BIN 1
541,12267,Gua,Pty,,53,,22,BIN 2
542,12267,Gua,Pty,,66,,5,BIN 3
543,11646,Gua,Dfw,,108,,,BIN 2
544,11646,Gua,Dfw,,48,4,,BIN 3
545,12887,GUA,PTY,,,15,,BIN 1
546,12887,GUA,PTY,,60,11,,BIN 2
547,12887,GUA,PTY,,56,,,BIN 3
552,11410,GUA,MEX,3,51,,,BIN 1
553,11410,GUA,MEX,,,27,,BIN 2
554,11410,,,,,,,BIN 3
555,11410,,,,,,,BIN 4
556,11734,Gua,Mia,,90,,,BIN 2
557,11734,Gua,Mia,,54,,,BIN 3
558,12307,Gua,Pty,,,1,,BIN 1
559,12307,Gua,Pty,,55,,,BIN 2
560,12307,Gua,Pty,,85,,,BIN 3
561,11651,Gua,Dfw,,72,,,BIN 2
562,11651,Gua,Dfw,,81,,,BIN 3
563,11491,GUA,MEX,,21,,5 equipaje priority,BIN 2
564,11491,GUA,MEX,,,58,,BIN 3
565,10764,,,,7,,,BIN 4
566,12089,Gua,Mia,,31,171,,BIN 3
567,12567,GUA,SJO,,30,,,BIN 1
568,12567,GUA,SJO,,36,,,BIN 2
569,12567,GUA,SJO,,12,1,,BIN 3
570,10992,Gua,Jfk,,63,,,BIN 2
571,10992,Gua,Jfk,,68,,,BIN 3
572,12840,GUA,PTY,,30,,,BIN 1
573,12840,GUA,PTY,,58,,,BIN 2
574,11192,GUA,MEX,,,45,,BIN 2
575,11192,GUA,MEX,,105,22,,BIN 3
576,11395,GUA,MEX,5,30,10,,BIN 1
577,11395,GUA,MEX,,2,19,,BIN 2
578,11395,,,,,,,BIN 3
579,11395,,,,,,,BIN 4
580,11395,,,,,,,BIN 5
584,12398,,,,,,,BIN 1
585,12398,,,,,,,BIN 2
586,12398,,,,,,,BIN 3
587,12398,,,,,,,BIN 4
592,12047,,,,,,,BIN 1
593,12047,,,,,,,BIN 2
594,12047,,,,,,,BIN 3
595,12047,,,,,,,BIN 4
596,11949,Gua,Mia,,66,,10 p,BIN 2
597,11949,Gua,Mia,,29,166,,BIN 3
598,11805,Gua,Dfw,,80,5,,BIN 2
599,11805,Gua,Dfw,,99,,,BIN 3
600,12970,Gua,Pty,,,37,,BIN 1
601,12970,Gua,Pty,,,38,,BIN 2
602,12970,Gua,Pty,,28,,,BIN 3
603,12970,Gua,Pty,,15,,,BIN 4
604,12866,Gua,Pty,,,9,,BIN 1
605,12866,Gua,Pty,,15,123,,BIN 2
606,12866,Gua,Pty,,70,,,BIN 3
607,10995,Gua,Jfk,,46,,1 p,BIN 2
608,10995,Gua,Jfk,,74,,,BIN 3
609,10995,Gua,Jfk,,29,,,BIN 4
616,11502,GUA,MEX,,25,,,BIN 2
617,11502,GUA,MEX,,,40,,BIN 3
618,11502,,,,,,11 equipajes premier,BIN 4
619,11895,Gua,Mia,6,9,,,BIN 1
620,11895,Gua,Mia,,103,,,BIN 2
621,11895,Gua,Mia,,59,,,BIN 3
622,11371,Gua,Mex,,,51,,BIN 1
623,11371,,,,35,,14,BIN 2
624,12111,Gua,Mia,,94,,,BIN 2
625,12111,Gua,Mia,,31,115,,BIN 3
626,11518,GUA,MEX,,,9,,BIN 1
627,11518,GUA,MEX,,59,,"13 Premier ",BIN 2
628,11518,GUA,MEX,,,73,,BIN 3
629,11518,GUA,MEX,,,6,,BIN 4
630,11978,GUA,MIA,,50,,9 equipajes priority,BIN 2
631,11978,GUA,MIA,,,55,,BIN 3
632,10780,,,,,,,BIN 1
633,10780,,,,,,,BIN 3
634,10780,,,,,,,BIN 4
635,11047,,,,,,,BIN 1
636,11047,Gua,Jfk,,74,,,BIN 2
637,11047,Gua,Jfk,,39,,,BIN 3
638,12299,Gua,Pty,,35,,"25 prioridades ",BIN 2
639,12299,Gua,Pty,,48,,,BIN 3
643,12892,GUA,PTY,,60,,,BIN 2
644,12892,GuA,PTY,,51,,,BIN 3
645,12264,GUA,PTY,,20,,,BIN 1
646,12264,GUA,PTY,,85,,,BIN 2
647,12264,GUA,PTY,,,1,,BIN 3
648,11560,GUA,MEX,,49,,"3 Priority y 1 Transferencia ",BIN 2
649,11061,Gua,Jfk,,23,,,BIN 2
650,11061,Gua,Jfk,,57,,,BIN 3
651,11061,Gua,Jfk,,29,,,BIN 4
652,13022,GUA,PTY,,15,,,BIN 1
653,13022,GUA,PTY,,20,93,,BIN 2
654,13022,GUA,PTY,,6,50,,BIN 3
655,10542,GUA,FLR,,6,,,BIN 1
656,11754,,,,,,,BIN 1
657,11754,GUA,DFW,,79,,,BIN 2
658,11754,GUA,DFW,,70,,,BIN 3
659,11831,GUA,MIA,,85,,,BIN 2
660,11831,GUA,MIA,,65,,,BIN 3
661,11659,Gua,Mia,,51,,,BIN 2
662,11659,Gua,Mia,,112,,,BIN 3
663,11804,Gua,Dfw,,79,10,,BIN 2
664,11804,Gua,Dfw,,93,,,BIN 3
665,11858,Gua,Mia,,94,,,BIN 2
666,11858,Gua,Mia,,45,,,BIN 3
667,11579,Gus,Mex,,37,,15 P,BIN 3
668,10969,,,,57,,,BIN 3
669,12117,Gua,Mia,,94,,,BIN 2
670,12117,Gus,Mia,,21,102,,BIN 3
671,11528,GUA,MEX,,52,,"8 PRIORITY ",BIN 3
672,11980,Gua,Mia,,43,,14p,BIN 2
673,11980,Gua,Mia,,,168,,BIN 3
674,10977,Gua,Jfk,,67,,4 P,BIN 3
675,10977,Gua,Jfk,,17,,,BIN 4
676,10744,Gua,Frs,,10,,,BIN 1
677,12552,Guq,Sjo,,28,,6,BIN 2
678,11991,GUA,MIA,,42,,"9 PRIORITY ",BIN 2
679,11991,GUA,MIA,,,125,,BIN 3
680,10769,,,,14,,1 ARPEL,BIN 1
681,10769,,,,,,,BIN 2
682,12291,Gua,Pty,4,11,,,BIN 1
683,12291,Gua,Pty,,54,,,BIN 2
684,12291,Gua,Pty,,39,4,,BIN 3
686,12115,Gua,Mia,,85,,,BIN 2
687,12115,Gua,Mia,,49,82,,BIN 3
690,11508,Gua,Mex,,,,2 avi,BIN 1
691,11508,Gua,Mex,,26,,14P,BIN 2
692,10989,Gua,Jfk,,40,,,BIN 2
693,10989,Gua,Jfk,,66,,,BIN 3
694,12094,Gua,Mia,,9,,,BIN 1
695,12094,Gua,Mia,,94,,,BIN 2
696,12094,Gua,Mia,,5,133,,BIN 3
697,11821,Gua,Dfw,,100,,,BIN 2
698,11821,Gua,Dfw,,50,12,,BIN 3
699,11199,Gua,Mex,,53,52,,BIN 3
700,11485,GUA,MEX,20,,,1AVI,BIN 1
701,11485,GUA,MEX,,46,,,BIN 2
702,11485,GUA,MEX,,,83,,BIN 3
703,11979,Gua,Mia,,39,,17p,BIN 2
704,11979,Gua,Mia,,,183,,BIN 3
705,10990,Gua,Jfk,,18,,,BIN 2
706,12103,Gua,Mia,3,6,,,BIN 1
707,12103,Gua,Mia,,96,,,BIN 2
708,12103,Gua,Mia,,25,85,,BIN 3
709,11824,Gua,Dfw,,105,,,BIN 2
710,11824,Gua,Dfw,,31,14,,BIN 3
711,11401,GUA,MEX,4,54,,,BIN 1
714,11946,Gua,Dfw,,59,,8 maletas priority,BIN 2
715,11490,Gua,Mex,,,105,,BIN 2
719,12578,GUA,SJO,,10,,,BIN 1
720,12578,GUA,SJO,,67,102,,BIN 2
721,11147,GUA,MEX,,106,,,BIN 2
722,11147,GUA,MEX,,,101,,BIN 3
723,11147,GUA,MEX,,9,,,BIN 4
724,12113,Gua,Mia,,91,,,BIN 2
725,12113,Gua,Mia,,26,170,,BIN 3
726,12113,Gua,Mia,,,20,,BIN 4
728,11792,Gua,Dfw,,107,,,BIN 2
729,11792,Gua,Dfw,,45,84,,BIN 3
730,11878,Gua,Mia,,90,,,BIN 2
731,11878,Gua,Mia,,49,,,BIN 3
732,11836,Gua,Mia,,88,,,BIN 2
733,11836,Gua,Mia,,45,,,BIN 3
734,11766,Gua,Dfw,,100,,,BIN 2
735,11766,Gua,Dfw,,45,7,,BIN 3
736,11849,Gua,Mia,,99,,,BIN 2
737,11849,Gua,Mia,,19,,,BIN 3
738,11755,Gua,Dfw,,10,,,BIN 1
739,11755,Gua,Dfw,,90,,,BIN 2
740,11755,Gua,Dfw,,56,,,BIN 3
741,11526,Gua,Mex,,37,,15 maletas priority,BIN 3
742,11940,GUA,DFW,,16,,,BIN 1
743,11940,GUA,DFW,,87,,18 equipajes priority,BIN 2
744,11940,GUA,DFW,,11,149,,BIN 3
745,12013,,,,,,,BIN 1
746,12013,,,,,,,BIN 2
747,12013,,,,,,,BIN 3
748,11074,GUA,JFK,,73,,,BIN 3
749,11074,GUA,JFK,,58,,,BIN 4
750,12097,Gua,Mia,,74,,,BIN 2
751,12097,Gua,Mia,,60,,,BIN 3
752,12611,GUA,SJO,,30,,,BIN 1
753,12611,GUA,SJO,,62,,,BIN 2
754,11995,GUA,MEX,,50,,,BIN 2
755,11995,GUA,MIA,,52,,,BIN 3
756,11495,Gua,Mex,18,,,,BIN 1
757,11495,Gua,Mex,,63,,,BIN 2
758,10739,GUA,FRS,,10,,,BIN 1
759,11070,Gua,Jfk,,43,,,BIN 2
760,11070,Gua,Jfk,,62,,,BIN 3
761,11070,Guq,Jfk,,16,,,BIN 4
762,13026,GUA,PTY,,30,,,BIN 1
763,13026,GUA,PTY,,37,,,BIN 2
764,13026,GUA,PTY,,,95,,BIN 3
768,12879,GUA,PTY,,10,,,BIN 1
769,12879,GUA,PTY,,72,22,,BIN 2
770,12879,GUA,PTY,,16,,,BIN 3
774,11359,GUA,MEX,11,31,,,BIN 1
777,11474,GUA,MEX,,48,,14 PRIORITY,BIN 3
778,10973,Gua,Jfk,,61,,,BIN 3
779,12579,GUA,SJO,,15,,,BIN 1
780,12579,GUA,SJO,,59,,,BIN 2
781,12579,GUA,SJO,,,5,,BIN 3
782,12579,GUA,SJO,,6,,,BIN 4
783,12083,Gua,Mia,,10,128,,BIN 3
784,11855,Gua,Mia,,48,,,BIN 2
785,11855,Gua,Mia,,98,,,BIN 3
786,11800,Gua,Dfw,,91,,,BIN 2
787,11800,Gua,Mia,,72,,,BIN 3
788,11851,Gua,Mia,,89,,,BIN 2
789,11851,Gua,Mia,,89,,,BIN 3
790,11785,Gua,Dfw,3,7,,,BIN 1
791,11785,Gua,Dfw,,90,,,BIN 2
792,11785,Gua,Dfw,,53,15,,BIN 3
793,11859,Gua,Mia,,84,,,BIN 2
794,11859,Gua,Mia,,72,,,BIN 3
795,11854,,,,,,,BIN 1
796,11854,GUA,MIA,,90,,,BIN 2
797,11854,GUA,MIA,,47,,,BIN 3
798,11217,,,,,,,BIN 1
799,11217,GUA,MEX,,,2,,BIN 2
800,11217,GUA,MEX,,55,,,BIN 3
801,11217,GUA,MEX,,21,,,BIN 4
804,11513,GUA,MEX,,,34,,BIN 2
805,11513,GUA,MEX,,92,,"5 PRIORITY ",BIN 3
807,11972,Gua,Dfw,,,,2 Avi,BIN 1
808,11972,Gua,Dfw,,53,,17 p,BIN 2
809,11972,Gua,Dfw,,,170,,BIN 3
811,12085,Gua,Mia,,88,,,BIN 2
812,12085,Gua,Mia,,31,162,,BIN 3
813,11952,GUA,DFW,,,104,,BIN 2
814,11952,GUA,DFW,,49,6,19 equipajes prioridades,BIN 3
815,11537,GUA,MEX,,,7,,BIN 1
816,11537,GUA,MEX,,,54,,BIN 2
817,11537,GUA,MEX,,75,5,9 priority,BIN 3
818,10738,GUA,FRS,,23,,,BIN 1
819,11001,GUA,JFK,,14,,,BIN 2
820,11001,GUA,JFK,,67,,,BIN 3
821,11001,GUA,JFK,,20,,,BIN 4
822,12109,Gua,Mia,,14,101,"7 prioridades ",BIN 3
823,11519,GUA,Mex,,,15,---------------------------,BIN 1
824,11519,GUA,MEX,,,36,--------------------------------------------,BIN 2
825,11519,GUA,MEX,,53,10,---------------------------------------------,BIN 3
826,11519,GUA,MEX,,,,17 Premier,BIN 4
832,10493,,,,,,,BIN 2
833,12325,GUA,PTY,,80,,,BIN 2
834,12325,GUA,PTY,,71,,,BIN 3
835,13172,Gua,Dfw,,78,15,"15 prioridades ",BIN 3
836,11990,GUA,DFW,,10,,109,BIN 2
837,11990,GUA,DFW,,8,83,,BIN 3
838,10770,GUA,FRS,,14,,,BIN 1
839,11011,GUA,JFK,,65,,,BIN 2
840,11011,GUA,JFK,,71,,,BIN 3
841,11011,GUA,JFK,,2,,,BIN 4
842,12882,GUA,PTY,,54,49,,BIN 2
843,12882,GUA,PTY,,71,,,BIN 3
844,12087,GUA,MIA,,70,,,BIN 2
845,12087,GUA,MIA,,31,,,BIN 3
846,11197,GUA,MEX,,77,33,,BIN 2
847,11197,GUA,MEX,,,131,,BIN 3
848,11197,GUA,MEX,,19,,,BIN 4
849,11417,GUA,MEX,66,,,,BIN 1
853,11786,GUA,DFW,,95,,,BIN 2
854,11786,GUA,DFW,,59,,,BIN 3
855,12852,Gua,Pty,,,17,,BIN 1
856,12852,Gua,Pty,,75,,,BIN 2
857,12852,Gua,Pty,,50,,,BIN 3
858,12245,GUA,PTY,,23,,,BIN 1
859,12245,GUA,PTY,,17,12,,BIN 2
860,12245,GUA,PTY,,73,,,BIN 3
861,11884,GUA,MIA,,79,,,BIN 2
862,11884,GUA,MIA,,72,,,BIN 3
863,12183,GUA,PTY,,90,,,BIN 2
864,12183,GUA,PTY,,38,8,,BIN 3
865,11984,Gua,Dfw,,80,,10 maletas priority,BIN 2
866,11984,Gua,Dfw,,,182,,BIN 3
867,11992,Gua,Mia,,88,,11 p,BIN 2
868,11992,Gua,Mia,,,145,,BIN 3
869,11916,Gua,Ord,,91,,9p,BIN 2
870,11916,Gua,Ord,,73,,9p,BIN 3
871,11529,Gua,Mex,,43,,10p,BIN 3
872,11559,GUA,MEX,,,1,,BIN 2
873,11559,GUA,MEX,,46,,12 equipajes premier,BIN 3
877,12124,Gua,Mia,,75,,,BIN 2
878,12124,Gua,Mia,,43,79,,BIN 3
879,12573,GUA,SJO,,30,,,BIN 1
880,12573,GUA,PTY,,25,,,BIN 2
881,12573,GUA,PTY,,3,,,BIN 4
882,12901,GUA,PTY,,94,,,BIN 2
883,12901,GUA,PTY,,,91,,BIN 3
884,12901,,,,,,,BIN 4
885,12901,,,,,,,BIN 5
886,11784,GUA,DFW,,10,,,BIN 1
887,11784,GUA,DFW,,90,,,BIN 2
888,11784,GUA,DFW,,81,,,BIN 3
889,11837,,,,,,,BIN 1
890,11837,GUA,MIA,,97,,,BIN 2
891,11837,GUA,MIA,,60,,,BIN 3
892,11837,,,,,,,BIN 4
893,11360,,,,,,,BIN 4
896,12269,Gua,Pty,,65,,,BIN 2
897,12269,Gua,Pty,,37,,,BIN 3
898,11976,GUA,DFW,,87,5,15 equipaje priority,BIN 2
899,12873,Gua,Pty,,30,,,BIN 1
900,12873,Gua,Pty,,61,,,BIN 2
901,12873,Gua,Pty,,,190,,BIN 3
902,12241,Gua,Pty,2,13,,,BIN 1
903,12241,Gua,Pty,,31,147,,BIN 2
904,12241,Gua,Pty,,76,,,BIN 3
905,10736,GUA,FRS,,5,,,BIN 1
906,10736,GUA,FRS,,,,1 ARPEL,BIN 2
907,10736,,,,,,,BIN 3
908,10736,GUA,FRS,,10,,,BIN 4
909,10736,,,,,,,BIN 5
910,12576,Gua,Sjo,,79,,,BIN 2
911,12576,,,,,,,BIN 3
912,12576,Gua,Pty,,9,,,BIN 4
913,11520,Gua,Mex,6,,,,BIN 1
914,11520,Gua,Mex,,62,,,BIN 2
915,11085,GUA,JFK,,75,,,BIN 2
916,11085,GUA,JFK,,53,,,BIN 3
917,11085,GUA,JFK,,18,,,BIN 4
918,13037,Gua,Pty,,5,51,,BIN 2
919,13037,Gua,Pty,,52,,,BIN 3
920,10600,Gua,Frs,,9,,,BIN 2
921,10600,Gua,Frs,,10,,,BIN 4
922,12863,GUA,PTY,,55,9,,BIN 2
923,12863,GUA,PTY,,67,,,BIN 3
924,12580,GUA,SJO,,30,,,BIN 1
925,12580,GUA,SJO,,45,,,BIN 2
926,12580,GUA,SJI,,,4,,BIN 3
927,11783,Gua,Dfw,,79,,,BIN 2
928,11783,Gua,Dfw,,70,28,,BIN 3
929,11847,Gua,Mia,,89,,,BIN 2
930,11847,Gua,Mia,,68,,,BIN 3
931,11363,Gua,MEX,5,45,,,BIN 1
932,11195,Gua,MEX,5,,,,BIN 1
933,11195,GUA,MEX,,80,,,BIN 2
934,11195,GUA,MEX,,3,12,,BIN 3
935,11532,GUA,MEX,11,,,,BIN 1
936,11532,GUA,MEX,,68,,,BIN 2
937,11532,GUA,MEX,,,134,,BIN 3
938,10976,GUA,JFK,,36,,,BIN 2
939,10976,GUA,JFK,,56,,,BIN 3
940,11184,GUA,MEX,20,,,,BIN 1
941,11184,GUA,MEX,,80,,,BIN 2
942,11184,GUA,MEX,,12,50,,BIN 3
943,11369,GUA,MEX,12,54,,,BIN 1
944,12898,GUA,PTY,,,4,,BIN 1
945,12898,GUA,PTY,,35,,,BIN 2
946,12898,GUA,PTY,,61,,,BIN 3
947,12570,GUA,SJO,14,,,,BIN 1
948,12570,GUA,SJO,,80,5,,BIN 2
949,12570,,,,,,,BIN 3
950,12570,,,,,,,BIN 4
951,11540,Gua,Mex,5,,,,BIN 1
952,11540,Gua,Mex,,20,,,BIN 2
953,11540,Gua,Mex,,34,,,BIN 3
954,11941,GUA,MIA,,91,,,BIN 2
955,11941,GUA,MIA,,,101,,BIN 3
956,10741,GUA,FRS,,9,,,BIN 1
957,10741,GUA,FRS,,9,,,BIN 2
958,10741,GUA,FRS,,8,,,BIN 4
965,13045,GUA,PTY,,15,,,BIN 1
966,13045,GUA,PTY,,45,39,,BIN 2
967,13045,GUA,PTY,,,134,,BIN 3
968,10601,GUA,FLR,,12,,,BIN 1
972,11356,GUA,MEX,7,56,,,BIN 1
973,11356,,,,,,,BIN 2
974,11356,,,,,,,BIN 3
975,11356,,,,,,,BIN 4
976,11590,Gua,Mex,7,,,,BIN 1
977,11590,Gau,Mex,,51,,,BIN 2
978,11982,GUA,MIA,,4,,,BIN 1
979,11982,GUA,MIA,,77,,,BIN 2
980,11982,GUA,MIA,,,136,,BIN 3
981,10766,Gua,Fls,,8,,,BIN 1
982,12121,Gua,Mia,,73,,,BIN 2
983,12121,Gua,Mia,,43,72,,BIN 3
984,11771,Gua,Dfw,,85,,"15 prioridades ",BIN 2
985,11771,Gua,Dfw,,15,28,"7 prioridades ",BIN 3
986,11861,Gua,Mia,,87,,"4 prioridades ",BIN 2
987,11998,GUA,MIA,,74,265,,BIN 2
988,11998,GUA,MIA,,,265,,BIN 3
989,11497,Gua,Mex,13,,,,BIN 1
990,11497,Gua,Mex,,64,,,BIN 2
991,11497,Gua,Mex,,,60,,BIN 3
992,11924,GUA,ORD,,76,,,BIN 2
993,11924,GUA,ORD,,74,,,BIN 3
994,11947,GUA,MIA,,89,,,BIN 2
995,11947,GUA,MIA,,,112,,BIN 3
998,11500,GUA,MEX,,29,63,,BIN 2
999,11500,GUA,MEX,,70,,,BIN 3
1000,11500,GUA,MEX,,,,15 equipajes PREMIER,BIN 4
1001,10774,GUA,FRS,,16,,1 comat,BIN 1
1002,10774,GUA,FRS,,20,,,BIN 2
1003,10774,,,,,,,BIN 3
1004,10774,GUA,FRS,,12,,,BIN 4
1005,12727,,,,,,,BIN 1
1006,12727,,,,,,,BIN 2
1007,12727,,,,,,,BIN 3
1008,12727,,,,,,,BIN 4
1009,10578,Gua,Frs,,10,,,BIN 1
1010,10578,Gua,Frs,,9,,,BIN 2
1014,12112,GUA,MIA,,100,,,BIN 2
1015,12112,GUA,MIA,,56,53,,BIN 3
1016,11802,Gua,Dfw,,83,,,BIN 2
1017,11802,Gua,Dfw,,72,38,,BIN 3
1018,11842,Gua,Mia,,91,,,BIN 2
1019,11842,Gua,Mia,,87,,,BIN 3
1020,12295,GUA,PTY,,60,,,BIN 2
1021,12295,GUA,PTY,,37,,,BIN 3
1022,11501,GUA,MEX,17,,,,BIN 1
1023,11501,GUA,MEX,,70,,,BIN 2
1024,11501,GUA,MEX,,29,,,BIN 3
1025,11939,Gay,Mia,,89,,18p,BIN 2
1026,12122,Gua,Mia,,90,,,BIN 2
1027,12122,Gua,Mia,,7,47,,BIN 3
1028,12599,GUA,SJO,5,20,,,BIN 1
1029,12599,GUA,SJO,,,19,,BIN 2
1030,12599,GUA,SJO,,23,,,BIN 3
1031,11788,GUA,DFW,,76,,24 equipaje priority,BIN 2
1032,11788,GUA,DFW,,37,,,BIN 3
1033,11839,Gua,Mia,,71,,,BIN 2
1034,11839,Gua,Mia,,50,1,,BIN 3
1035,12232,GUA,PTY,,60,,,BIN 2
1036,12232,GUA,PTY,,63,,,BIN 3
1037,11945,Gua,Dfw,,37,,10 maletas priority,BIN 2
1038,11945,Gua,Dfw,,14,27,,BIN 3
1042,12459,,,,,,,BIN 1
1043,12459,,,,,,,BIN 2
1044,13003,Gua,Pty,,34,75,,BIN 2
1045,13003,Gua,Pty,,33,,,BIN 3
1046,12587,GUA,SJO,,20,2,,BIN 1
1047,12587,GUS,SJO,,35,,,BIN 2
1048,12587,GUA,SJO,,6,,,BIN 3
1049,11194,GUA,MEX,10,,,,BIN 1
1050,11194,GUA,MEX,,51,,,BIN 2
1051,11194,GUA,MEX,,,82,,BIN 3
1052,11400,,,,,,,BIN 2
1053,11582,GUA,MEX,,39,,,BIN 3
1054,11582,GUA,MEX,,,,3 Premier,BIN 4
1055,10974,GUA,JFK,,9,,,BIN 2
1056,10974,GUA,JFK,,66,,,BIN 3
1057,10974,GUA,JFK,,11,,,BIN 4
1060,15159,Gua,Dfw,,100,,,BIN 2
1061,15159,Gua,Dfw,,45,40,,BIN 3
1065,13818,GUA,MEX,18,,,N,BIN 1
1066,13818,GUA,MEX,,47,,N,BIN 2
1067,13818,GUA,MEX,,,1,N,BIN 3
1068,13818,N,N,,,,N,BIN 4
1069,13818,N,N,,,,N,BIN 5
1070,14178,N,N,,,,N,BIN 1
1071,14178,GUA,MEX,,21,,N,BIN 2
1072,14178,GUA,MEX,,38,,N,BIN 3
1073,14178,GUA,MEX,,16,,N,BIN 4
1074,14178,N,N,,,,N,BIN 5
1075,14358,GUA,MEX,2,34,,,BIN 1
1076,15174,GUA,MIA,,51,,21 equipaje priority,BIN 2
1077,15174,GUA,MIA,,7,16,,BIN 3
1078,15671,GUA,PTY,,15,,,BIN 1
1079,15671,GUA,PTY,,14,,,BIN 2
1080,15671,GUA,PTY,,10,59,,BIN 3
1081,15170,GUA,ORD,,98,,05,BIN 2
1082,15170,GUA,ORD,,43,30,,BIN 3
1083,15166,,,,74,,14,BIN 2
1084,15166,,,,73,,5,BIN 3
1085,13823,GUA,MEX,,37,,,BIN 2
1086,13823,GUA,MEX,,,651,,BIN 3
1087,15175,GUA,DFW,,84,,10 maletas priority,BIN 2
1088,15175,GUA,DfW,,,4,,BIN 3
1089,14363,GUA,MEX,9,51,,N/A,BIN 1
1090,15771,GUA,SJO,,10,,,BIN 1
1091,15771,GUA,SJO,,85,,,BIN 2
1092,15771,GUA,SJO,,,2,,BIN 3
1093,15574,Gua,Mia,,75,,15,BIN 2
1094,15574,Gua,Mia,,18,54,10,BIN 3
1095,15406,GUA,MIA,,51,,N/A,BIN 2
1096,15406,GUA,MIA,,,255," M/A",BIN 3
1097,15406,GUA,MIA,,,20,N/A,BIN 4
1098,14368,Gua,Mex,,47,23,,BIN 1
1099,14368,Gua,Mex,,,,10 p,BIN 2
1100,15853,Gua,Jfk,,60,,,BIN 2
1101,15853,Gua,Jfk,,58,,1 P,BIN 3
1102,15853,Gua,Jfk,,4,,,BIN 4
1103,15854,GUA,JFK,,50,,,BIN 2
1104,15854,GUA,JFK,,55,,,BIN 3
1105,15854,GUA,JFK,,28,,,BIN 4
1106,13828,GUA,MEX,10,,,,BIN 1
1107,13828,GUA,MEX,,50,34,,BIN 2
1108,13828,MEX,GUA,,66,40,,BIN 3
1109,14188,GUA,MEX,15,,,,BIN 1
1110,14188,GUA,MEX,,77,,,BIN 2
1111,14188,GUA,MEX,,,83,,BIN 3
1112,13832,,,,20,,,BIN 1
1113,13832,,,,52,17,,BIN 2
1114,13832,,,,,178,,BIN 3
1115,13832,,,,,,11,BIN 4
1116,14192,,,12,,,,BIN 1
1117,14192,,,,,22,,BIN 2
1118,14192,,,,58,41,,BIN 3
1119,14192,,,,,,,BIN 4
1120,14192,,,,,,,BIN 5
1121,15855,GUA,JFK,,32,,,BIN 2
1122,15855,GUA,JFK,,74,,,BIN 3
1123,15855,GUA,JFK,,20,,,BIN 4
1124,15582,Gua,Mia,,10,,,BIN 1
1125,15582,Gua,Mia,,90,,,BIN 2
1126,15582,Gua,Mia,,66,,,BIN 3
1127,14372,GUA,MEX,5,27,,,BIN 1
1128,15234,Gua,Dfw,,100,,,BIN 2
1129,15234,Gua,Dfw,,75,,,BIN 3
1130,13836,,,20,,,,BIN 1
1131,13836,,,,29,14,,BIN 2
1132,13836,,,,,59,,BIN 3
1133,13836,,,,,,21,BIN 4
1134,15318,Gua,Mia,,99,,,BIN 2
1135,15318,Gua,Mia,,44,,,BIN 3
1136,15414,GUA,MIA,,82,,09,BIN 2
1137,15414,GUA,MIA,,,193,,BIN 3
1138,14376,GUA,MEX,4,47,,,BIN 1
1139,15856,Gua,Jfk,,12,,,BIN 2
1140,15856,Gua,Jfk,,69,,,BIN 3
1141,16012,Gua,Pty,,,150,,BIN 3
1142,15586,GUA,MIA,,88,,,BIN 2
1143,15586,GUA,MIA,,31,40,,BIN 3
1144,16007,Gua,Sjo,,30,,,BIN 1
1145,16007,Gua,Sjo,,34,,,BIN 2
1146,16007,Gua,Pty,,1,,,BIN 3
1147,16017,,,,,,,BIN 2
1148,15238,Gua,Dfw,,111,,,BIN 2
1149,15238,Gua,Dfw,,88,1,,BIN 3
1150,14380,GUA,MEX,11,74,6,,BIN 1
1151,15418,Gua,Mia,,72,,26,BIN 2
1152,15418,Gua,Mia,,,35,,BIN 3
1153,15322,GUA,MIA,,73,,9,BIN 2
1154,15322,GUA,MIA,,88,,10,BIN 3
1155,15857,Gua,Jfk,,54,,,BIN 2
1156,15857,Gua,Jfk,,55,,3 Priority,BIN 3
1157,16582,Gua,Sjo,,39,,,BIN 2
1158,15590,GUA,MIA,,96,,,BIN 2
1159,15590,GUA,MIA,,57,107,,BIN 3
1160,16203,GUA,PTY,,50,,,BIN 2
1161,16203,GUA,PTY,,82,,,BIN 3
1163,14204,,,,,,,BIN 1
1164,14384,GUA,MEX,8,19,,,BIN 1
1165,14384,GUA,MEX,,15,,,BIN 2
1170,15858,,,,,,,BIN 2
1171,15858,,,,,,,BIN 3
1172,15858,,,,,,,BIN 4
1173,15422,Gua,Mia,,54,,22 P,BIN 2
1174,16586,Gua,Sjo,,30,,,BIN 1
1175,16586,Gua,Sjo,,12,,,BIN 2
1176,16586,Gua,Pty,,8,14,,BIN 3
1177,15566,GUA,MIA,,99,,,BIN 2
1178,15566,GUA,MIA,,16,256,,BIN 3
1179,15242,GUA,DFW,,103,,,BIN 2
1180,15242,GUA,DFW,,74,,,BIN 3
1181,16207,GUA,PTY,,70,,,BIN 2
1182,16207,GUA,PTY,,55,,,BIN 3
1183,15218,GUA,DFW,,97,,,BIN 2
1184,15218,GUA,DFW,,65,35,,BIN 3
1185,13819,Gua,Mex,,43,,,BIN 2
1186,13819,Gua,Mex,,42,162,,BIN 3
1187,13819,Gua,Mex,,12,,,BIN 4
1188,15302,GUA,MIA,,97,,,BIN 2
1189,15302,GUA,MIA,,46,,,BIN 3
1190,15326,GUA,MIA,,69,,16,BIN 2
1191,15326,GUA,MIA,,60,,,BIN 3
1192,15398,GUA,MIA,,62,,22 equipaje priority,BIN 2
1193,15398,GUA,MIA,,,72,,BIN 3
1194,14359,Gua,Mex,,40,50,,BIN 1
1195,14359,Gua,Mex,,22,22,6 maletas Priority,BIN 2
1196,16211,,,,,,,BIN 1
1197,16211,,,,10,,15,BIN 2
1198,16211,,,,60,,4,BIN 3
1199,16211,,,,,,,BIN 4
1200,16211,,,,,,,BIN 5
1201,14179,Gua,Mex,9,,,,BIN 1
1202,14179,Gua,Mex,,40,,,BIN 2
1203,14179,Gua,Mex,,9,,,BIN 3
1204,15852,GUA,JFK,,21,,,BIN 2
1205,15852,GUA,JFK,,68,,,BIN 3
1206,15852,GUA,JFK,,1,,,BIN 4
1207,16819,Gua,Pty,1,9,,,BIN 1
1208,16819,Gua,Pty,,44,106,,BIN 2
1209,16819,Gua,Pty,,33,,,BIN 3
1210,16590,GUA,SJO,,30,,,BIN 1
1211,16590,GUA,SJO,,33,,,BIN 2
1212,16590,GUA,SJO,,,172,,BIN 3
1213,16590,GUA,SJO,,2,,,BIN 4
1214,16715,Gua,Pty,23,7,,,BIN 1
1215,16715,Gua,Pty,,80,,,BIN 2
1216,16715,Gua,Pty,,13,109,,BIN 3
1217,13824,Gua,Mex,18,,,,BIN 1
1218,13824,Gua,Mex,,58,,,BIN 2
1219,13824,Gua,Mex,,,52,,BIN 3
1220,15222,,,,,,,BIN 1
1221,15222,GUA,DFW,,59,26,,BIN 2
1222,15222,GUA,DFW,,106,,,BIN 3
1223,14184,Gua,Mex,,,,,BIN 1
1224,14184,Gua,Mex,,69,,,BIN 2
1225,14184,Gua,Mex,,,84,,BIN 3
1226,14184,Gua,Mex,,10,,,BIN 4
1227,15306,GUA,MIA,,79,,,BIN 2
1228,15306,GUA,MIA,,95,,,BIN 3
1229,14364,Gua,Mex,,47,,,BIN 1
1230,14364,Gua,Mex,,,3,6 maletas priority,BIN 2
1231,16215,,,,52,,5,BIN 3
1232,15900,GUA,JFK,,65,,,BIN 3
1233,15900,GUA,JFK,,41,,,BIN 4
1234,16594,GUA,SJO,17,,,,BIN 1
1235,16594,GUA,SJO,,42,,,BIN 2
1236,16594,GUA,SJO,,,2,,BIN 3
1237,13829,GUA,MEX,28,,,,BIN 1
1238,13829,GUA,MEX,,32,41,,BIN 2
1239,13829,GUA,MEX,,70,25,,BIN 3
1240,14189,GUA,MEX,18,,,,BIN 1
1241,14189,GUA,MEX,,60,,,BIN 2
1242,14189,GUA,MEX,,,53,,BIN 3
1243,15407,,,9,1,,,BIN 1
1244,15407,,,,83,,2,BIN 2
1245,15407,,,,32,,12,BIN 3
1246,16219,,,,35,59,12,BIN 2
1247,16219,,,,74,,22,BIN 3
1248,14369,GUA,MEX,14,44,,,BIN 1
1249,14369,GUA,MEX,,,14,,BIN 2
1254,15904,,,,,,,BIN 1
1255,15904,,,,,,,BIN 3
1256,15904,,,,,,,BIN 4
1257,15904,Gua,Jfk,,24,,,BIN 5
1258,16722,GUA,PTY,,,115,,BIN 2
1259,16722,GUA,PTY,,111,,,BIN 3
1260,16722,GUA,PTY,,10,,,BIN 4
1261,16823,GUA,PTY,15,,,,BIN 1
1262,16823,GUA,PTY,,45,14,,BIN 2
1263,16823,GUA,PTY,,,142,,BIN 3
1264,16597,,,4,25,,,BIN 1
1265,16597,,,,,1,,BIN 2
1266,16597,,,,5,,1,BIN 3
1267,13833,,,12,,,,BIN 1
1268,13833,,,,81,,,BIN 2
1269,13833,,,,,67,,BIN 3
1270,14193,,,13,,,,BIN 1
1271,14193,,,,62,,,BIN 2
1272,14193,,,,,218,,BIN 3
1273,15231,Gua,DFW,,101,,,BIN 2
1274,15231,GUA,DFW,,71,28,,BIN 3
1275,15315,GUA,MIA,,102,,,BIN 2
1276,15315,GUA,MIA,,74,,,BIN 3
1277,15411,Gua,Mia,,,160,,BIN 2
1278,15411,Gua,Mia,,74,,13p,BIN 3
1279,14373,GUA,MEX,12,44,,,BIN 1
1280,14373,GUA,MEX,,,31,,BIN 2
1281,15907,Gua,Jfk,,33,,,BIN 2
1282,15907,Gua,Jfk,,70,,,BIN 3
1283,15907,Gua,Jfk,,20,,,BIN 4
1284,15583,Gua,Mia,7,3,,,BIN 1
1285,15583,Gua,Mia,,90,,,BIN 2
1286,15583,Gua,Mia,,33,140,,BIN 3
1287,16826,,,,70,,24,BIN 2
1288,16826,,,,,76,,BIN 3
1289,13837,,,16,4,,,BIN 1
1290,13837,,,,68,,,BIN 2
1291,13837,,,,,205,,BIN 3
1292,16225,Gua,Pty,,65,,,BIN 2
1293,16225,Gua,Pty,,78,,,BIN 3
1294,14197,,,24,,,,BIN 1
1295,14197,,,,70,,,BIN 2
1296,14377,GUA,MEX,7,46,,,BIN 1
1297,15415,GUA,MIA,,86,,16,BIN 2
1298,15415,GUA,MIA,,,130,,BIN 3
1299,15499,,,,,,,BIN 2
1300,15910,Gua,Jfk,,28,,,BIN 4
1301,15587,Gua,Mia,,108,,,BIN 2
1302,15587,Gua,Mia,,7,80,,BIN 3
1303,15239,Gua,Dfw,,100,,,BIN 2
1304,15239,Gua,Dfw,,94,,,BIN 3
1305,15323,Gua,Mia,,96,,,BIN 2
1306,15323,Gua,Mia,,71,,,BIN 3
1307,16812,,,,48,38,17,BIN 2
1308,16812,,,,50,,4,BIN 3
1309,15419,GUA,MIA,,71,,18 equipaje priority,BIN 2
1310,15419,GUA,MIA,,,176,,BIN 3
1311,14201,Gua,Mex,,,,20,BIN 4
1312,15913,GUA,JFK,,52,,,BIN 2
1313,15913,GUA,JFK,,51,,,BIN 3
1314,14381,Gua,Mex,,45,,5 p,BIN 2
1315,15591,GUA,Mia,,95,,,BIN 2
1316,15591,Gua,Mía,,53,35,,BIN 3
1317,16583,Gua,Sjo,,30,,,BIN 1
1318,16583,Gua,Sjo,,10,8,,BIN 2
1319,16583,Gua,Pty,,27,211,,BIN 3
1320,15243,Gua,Dfw,,114,,,BIN 2
1321,15243,Gua,Dfw,,63,7,,BIN 3
1322,14385,GUA,MEX,,59,,,BIN 1
1323,14385,GUA,MEX,,,,18 equipaje premier,BIN 2
1324,13841,,,9,1,,,BIN 1
1325,13841,,,,80,,,BIN 2
1326,14205,Gua,Mex,22,,,,BIN 1
1327,15916,GUA,JFK,,28,,,BIN 2
1328,15916,GUA,JFK,,45,,,BIN 3
1329,15423,Gua,Mia,,77,,21 p,BIN 2
1330,15423,Gua,Mia,,,210,,BIN 3
1331,16712,GUA,PTY,,16,201,,BIN 2
1332,16712,GUA,PTY,,87,,,BIN 3
1335,15399,GUA,MIA,,85,,23 equipaje priority,BIN 2
1336,15399,GUA,MIA,,18,259,,BIN 3
1337,15219,Gua,DFW,,114,,,BIN 2
1338,15219,Gua,DFW,,63,7,,BIN 3
1339,16820,GUA,PTY,30,,,,BIN 1
1340,16820,GUA,PTY,,67,,,BIN 2
1341,16820,GUA,PTY,,,74,,BIN 3
1345,16591,,,,,,,BIN 1
1346,16591,,,,,,,BIN 2
1347,16591,,,,,,,BIN 3
1348,16591,,,,,,,BIN 4
1349,16208,GUA,PTY,,,2,,BIN 1
1350,16208,GUA,PTY,,77,,18,BIN 2
1351,16212,GUA,PTY,,39,,11,BIN 2
1352,16212,GUA,PTY,,59,,5,BIN 3
1353,15223,Gua,Dfw,,73,63,,BIN 2
1354,15223,Gua,Dfw,,100,,,BIN 3
1355,15307,Gua,Mia,,117,,,BIN 2
1356,15307,Gua,Mia,,64,,,BIN 3
1357,16716,,,,28,10,31,BIN 2
1358,16716,,,,54,,,BIN 3
1359,16216,,,,44,,16,BIN 2
1360,16216,,,,46,,,BIN 3
1361,14360,Gua,Mex,12,58,,,BIN 1
1362,14360,Gua,Mex,,8,11,,BIN 2
1363,15897,Gua,Jfk,,70,,,BIN 3
1364,15897,Gua,Jfk,,22,,1 P,BIN 4
1365,13825,GUA,MEX,20,,,,BIN 1
1366,13825,GUA,MEX,,77,,,BIN 2
1367,13825,GUA,MEX,,,56,,BIN 3
1368,13825,GUA,MEX,,12,,,BIN 4
1369,14185,GUA,Mex,27,,,,BIN 1
1370,14185,GUA,MEX,,31,24,,BIN 2
1371,14185,GUA,MEX,,63,36,,BIN 3
1372,14365,GUA,MEX,11,15,,,BIN 1
1373,14365,GUA,MEX,,17,14,,BIN 2
1374,15403,Gua,Dfw,,64,,26 maletas priority,BIN 2
1375,15403,Gua,Dfw,,36,11,,BIN 3
1376,15901,GUA,JFK,,6,,,BIN 2
1377,15901,GUA,JFK,,71,,,BIN 3
1378,15901,GUA,JFK,,44,,,BIN 4
1379,15576,GUA,MIA,,70,,,BIN 2
1380,15576,GUA,MÍA,,40,112,,BIN 3
1381,15228,GUA,DFW,,95,,,BIN 2
1382,15228,GUA,DFW,,66,67,,BIN 3
1383,15312,GUA,Mía,15,,,,BIN 1
1384,15312,GUA,Mía,,103,,,BIN 2
1385,15312,GUA,MIA,,37,,,BIN 3
1386,15327,Gua,Mia,,100,,,BIN 2
1387,15327,Gua,Mia,,61,,,BIN 3
1388,16595,,,10,20,,,BIN 1
1389,16595,,,,55,3,20,BIN 2
1390,16595,,,,,190,,BIN 3
1391,13830,,,8,12,,,BIN 1
1392,13830,,,,64,,,BIN 2
1393,13830,,,,,70,,BIN 3
1394,14190,,,18,,,,BIN 1
1395,14190,,,,49,37,,BIN 2
1396,14190,,,,5,46,,BIN 3
1397,15408,Gua,Dfw,,78,,18 maletas priority,BIN 2
1398,15408,Gua,Dfw,,38,110,,BIN 3
1399,14370,GUA,MEX,4,47,5,,BIN 1
1400,14370,GUA,MEX,,,26,,BIN 2
1401,16220,GUA,PTY,,49,,21,BIN 2
1402,16220,GUA,PTY,,35,,,BIN 3
1403,15905,GUA,JFK,,45,,,BIN 2
1404,15905,GUA,JFK,,70,,,BIN 3
1405,15905,GUA,JFK,,39,,,BIN 4
1406,12277,Gua,Pty,,30,,,BIN 1
1407,12277,Gua,Pty,,81,3,,BIN 2
1408,12277,Gua,Pty,,30,300,,BIN 3
1409,12851,Gua,Pty,,,7,,BIN 1
1410,12851,Gua,Pty,,65,,,BIN 2
1411,12851,Gua,Pty,,61,,,BIN 3
1412,12266,Gua,Pty,,56,,,BIN 2
1413,12266,Gua,Pty,,61,,,BIN 3
1414,15567,Gua,Mia,,94,,,BIN 2
1415,15567,Gua,Mia,,30,105,,BIN 3
1416,16598,,,12,18,,,BIN 1
1417,16598,,,,,23,,BIN 2
1418,16598,,,,32,,,BIN 3
1419,16598,,,,10,,,BIN 4
1420,15232,,,,84,,17,BIN 2
1421,15232,,,,48,,32,BIN 3
1422,15316,,,,81,,16,BIN 2
1423,15316,,,,74,,11,BIN 3
1424,15316,,,,,,,BIN 4
1425,15316,,,,,,,BIN 5
1426,16995,GUA,ORD,,73,,12,BIN 2
1427,16995,GUA,ORD,,70,,,BIN 3
1428,16824,GUA,PTY,15,,,,BIN 1
1429,16824,GUA,PTY,,91,10,,BIN 2
1430,16824,GUA,PTY,,,290,,BIN 3
1431,16723,GUA,PTY,30,,,,BIN 1
1432,16723,GUA,PTY,,20,233,,BIN 2
1433,16723,GUA,PTY,,86,,,BIN 3
1434,13834,GUA,MEX,20,,,,BIN 1
1435,13834,GUA,MEX,,61,,,BIN 2
1436,13834,GUA,MEX,,,68,,BIN 3
1437,14194,GUA,MEX,,,75,,BIN 2
1438,14194,GUA,MEX,,46,,,BIN 3
1439,14194,GUA,MEX,,14,,,BIN 4
1440,15412,GUA,MIA,,114,,,BIN 2
1441,15412,GUA,MIA,,44,84,,BIN 3
1442,16726,GUA,PTY,,80,,,BIN 2
1443,16726,GUA,PTY,,,38,,BIN 3
1444,16827,GUA,PTY,,70,58,,BIN 2
1445,16827,GUA,PTY,,5,,,BIN 3
1446,16601,,,,30,,,BIN 1
1447,16601,,,,14,2,13,BIN 2
1448,16601,,,,4,,1,BIN 3
1449,16601,,,,15,,,BIN 4
1450,14374,Gua,Mex,8,31,,,BIN 1
1451,14374,Gua,Mex,,,10,,BIN 2
1452,13838,GUA,MEX,,40,,,BIN 2
1453,13838,GUA,MEX,,11,,,BIN 3
1454,13838,GUA,MEX,,14,,,BIN 4
1455,15236,,,,92,,5,BIN 2
1456,15236,,,,61,,26,BIN 3
1457,15320,,,,,,,BIN 1
1458,15320,,,,79,,19,BIN 2
1459,15320,,,,36,,4,BIN 3
1460,15320,,,,,,,BIN 4
1461,14198,GUA,MEX,10,,,,BIN 1
1462,14198,GUA,MEX,,28,,,BIN 2
1463,14198,GUA,MEX,,29,,,BIN 3
1464,14378,GUA,MEX,5,27,,,BIN 1
1465,15416,GUA,MIA,,9,,,BIN 1
1466,15416,GUA,MEX,,23,111,,BIN 3
1467,15303,Gua,Mia,,105,,,BIN 2
1468,15303,Gua,Mia,,75,,,BIN 3
1469,15911,Gua,Dfw,,62,,,BIN 3
1470,15911,Gua,Dfw,,5,,,BIN 4
1471,16580,Gua,Sjo,,30,,,BIN 1
1472,15588,Gua,Mia,,82,,,BIN 2
1473,15588,Gua,Mia,,48,,,BIN 3
1474,16813,,,,30,,,BIN 1
1475,16813,,,,55,,7,BIN 2
1476,16813,,,,,111,,BIN 3
1477,16705,,,,,,,BIN 1
1478,16705,,,,46,,19,BIN 2
1479,16705,,,,63,,7,BIN 3
1480,16705,,,,,,,BIN 4
1481,15420,GUA,MIA,,80,,,BIN 2
1482,15420,GUA,MIA,,41,5,,BIN 3
1483,14382,GUA,MEX,3,53,,,BIN 1
1484,15914,GUA,JFK,,67,,,BIN 3
1485,15914,GUA,JFK,,2,,,BIN 4
1486,15592,Gua,Mia,,100,,,BIN 2
1487,15592,Gua,Mia,,47,56,,BIN 3
1488,16817,,,,30,,,BIN 1
1489,16817,,,,52,1,1,BIN 2
1490,16817,,,,,152,,BIN 3
1491,16205,Gua,Pty,,45,,,BIN 2
1492,16205,Gua,Pty,,83,,,BIN 3
1493,13842,,,,29,,,BIN 2
1494,13842,,,,26,35,,BIN 3
1495,13842,,,,,,14 premier,BIN 4
1496,14202,,,17,,,,BIN 1
1497,14202,,,,75,,,BIN 2
1498,14202,,,,,3,,BIN 3
1499,14206,,,15,,,,BIN 1
1500,14206,,,,54,,,BIN 2
1501,14206,,,,63,,,BIN 3
1502,16209,GUA,PTY,,75,,,BIN 2
1503,16209,GUA,PTY,,55,,,BIN 3
1504,15424,GUA,MIA,,51,125,,BIN 3
1505,14386,GUA,MEX,11,65,,,BIN 1
1506,15917,GUA,JFK,,23,,,BIN 3
1507,15917,GUA,JFK,,56,,,BIN 4
1508,15917,GUA,JFK,,26,,,BIN 5
1509,16713,,,,,,,BIN 1
1510,15304,GUA,MIA,,101,,11,BIN 2
1511,15568,Gua,Mia,,118,,,BIN 2
1512,15568,Gua,Mia,,15,228,,BIN 3
1513,15400,GUA,MIA,,108,,"8 equipaje priority ",BIN 2
1514,15400,GUA,MIA,,7,75,,BIN 3
1515,15220,Gua,Dfw,7,15,,,BIN 1
1516,15220,Gua,Dfw,,108,,,BIN 2
1517,15220,Gua,Dfw,,66,,,BIN 3
1524,15898,GUA,JFK,,54,,,BIN 3
1525,15898,GUA,JFK,,34,,,BIN 4
1526,15898,GUA,JFK,,35,,,BIN 5
1527,16592,Gua,Pty,6,3,,,BIN 1
1528,16592,Gua,Sjo,,33,,,BIN 2
1529,15224,Gua,Dfw,,88,,,BIN 2
1530,15224,Gua,Dfw,,66,,,BIN 3
1531,15308,Gua,Mia,,76,19,,BIN 2
1532,15308,Gua,Mia,,80,,,BIN 3
1533,14186,Gua,Mex,,25,,,BIN 1
1534,15404,Gua,Dfw,,8,,,BIN 1
1535,15404,Gua,Dfw,,100,,28 maletas priority,BIN 2
1536,15404,Gua,Dfw,,,160,,BIN 3
1537,15902,Gua,Jfk,,50,,Equipaje priority 1,BIN 2
1538,15902,Gua,Jfk,,67,,,BIN 3
1539,15902,Gua,Jfk,,1,,,BIN 4
1542,16596,,,,,,,BIN 1
1543,16596,,,,,,,BIN 2
1544,16596,,,,,,,BIN 3
1545,13831,Gua,Mex,23,,,,BIN 1
1546,13831,Gua,Mex,,80,10,,BIN 2
1547,13831,Gua,Mex,,9,56,,BIN 3
1548,14191,Gua,Mex,13,,,,BIN 1
1549,14191,Gua,Mex,,69,,,BIN 2
1550,14191,Gua,Mex,,,49,,BIN 3
1551,16721,,,,10,,5 FAK,BIN 1
1552,16721,,,,48,40,28,BIN 2
1553,16721,,,,26,,,BIN 3
1554,16221,,,,,3,,BIN 1
1555,16221,,,,13,,47,BIN 2
1556,16221,,,,67,,4,BIN 3
1557,14371,Gua,Mex,,,15,,BIN 2
1558,15409,GUA,MIA,,88,,12 Equipaje priority,BIN 2
1559,15409,GUA,MIA,,21,59,,BIN 3
1560,15906,GUA,JFK,,70,,,BIN 3
1561,15906,GUA,JFK,,19,,,BIN 4
1562,15906,GUA,JFK,,25,,,BIN 5
1563,15581,,,,89,,12,BIN 2
1564,15581,,,,64,9,11,BIN 3
1565,16825,Gua,Pty,,102,,,BIN 2
1566,16825,Gua,Mex,,,308,,BIN 3
1567,13835,Gua,Mex,15,,,,BIN 1
1568,13835,Gua,Mex,,79,,,BIN 2
1569,13835,Gua,Mex,,,106,,BIN 3
1570,16224,,,,48,,22,BIN 2
1571,16224,,,,39,,13,BIN 3
1572,14375,Gua,Mex,10,36,,,BIN 1
1573,14375,,,,,,,BIN 2
1574,15413,GUA,MIA,,78,25,,BIN 2
1575,15413,GUA,MIA,,71,,,BIN 3
1576,14195,GUA,MEX,10,,,,BIN 1
1577,14195,GUA,MEX,,62,,,BIN 2
1578,14195,GUA,MEX,,,135,,BIN 3
1579,16996,GUA,ORD,,78,,17 Equipajes priority,BIN 2
1580,16996,GUA,ORD,,61,,,BIN 3
1581,16602,,,,24,,,BIN 1
1582,16602,,,,45,,9,BIN 2
1583,16727,,,,,,,BIN 1
1584,16727,,,,74,,6,BIN 2
1585,16727,,,,25,6,9,BIN 3
1586,16727,,,,,,,BIN 4
1587,15237,,,,,,,BIN 1
1588,15237,,,,81,,10,BIN 2
1589,15237,,,,41,15,7,BIN 3
1590,15321,,,5,10,,,BIN 1
1591,15321,,,,105,,6,BIN 2
1592,15321,,,,45,,3,BIN 3
1593,15909,Gua,JFK,,53,,,BIN 2
1594,15909,Gua,Jfk,,60,,,BIN 3
1595,15909,Gua,Jfk,,1,,,BIN 4
1596,14379,Gua,Mex,10,63,,,BIN 1
1597,15417,Gua,Dfw,,66,,,BIN 2
1598,15417,Gua,Dfw,,60,32,20 maletas priority,BIN 3
1599,15912,GUA,JFK,,38,,,BIN 2
1600,15912,GUA,JFK,,65,,,BIN 3
1601,16352,,,,,,,BIN 1
1602,16352,,,,,,,BIN 2
1603,16706,GUA,PTY,,49,,,BIN 3
1604,16581,,,,11,,,BIN 1
1605,16581,,,,46,,1,BIN 2
1606,15241,,,,9,,,BIN 1
1607,15241,,,,88,,15,BIN 2
1608,15241,,,,56,3,5,BIN 3
1609,15325,,,,59,,15,BIN 2
1610,15325,,,,76,,10,BIN 3
1611,16206,Gua,Pty,,65,,20,BIN 2
1612,14383,Gua,Mex,,58,,8,BIN 2
1613,15421,GUA,MIA,,1,,,BIN 1
1614,15421,GUA,MIA,,28,97,,BIN 2
1615,15421,GUA,MIA,,,,,BIN 3
1616,17129,Gua,Bog,,20,,,BIN 1
1617,17129,Gua,Bog,,65,48,,BIN 2
1618,17129,Gua,Bog,,37,83,,BIN 3
1619,17129,Gua,Bog,,15,,,BIN 4
1620,15915,GUA,JFK,,10,,,BIN 2
1621,15915,GUA,JFK,,70,,,BIN 3
1622,15915,GUA,JFK,,20,,,BIN 4
1623,15593,Gua,Mia,,113,,,BIN 2
1624,15593,Gua,Mia,,31,84,,BIN 3
1625,16818,,,,30,,,BIN 1
1626,16818,,,,21,97,2,BIN 2
1627,16818,,,,24,,,BIN 3
1628,16710,,,,61,,14,BIN 2
1629,16710,,,,,,24,BIN 3
1630,13847,,,16,,,1 avi,BIN 1
1631,13847,,,,69,,,BIN 2
1632,13847,,,,10,9,,BIN 3
1633,14207,,,,80,,,BIN 2
1634,14207,,,,8,,,BIN 3
1635,14207,,,,,,,BIN 4
1636,16210,Gua,Pty,,40,77,,BIN 2
1637,16210,Gua,Pty,,118,,,BIN 3
1638,15425,GUA,MIA,,94,,8,BIN 2
1639,15425,GUA,MIA,,,232,,BIN 3
1640,14387,GUA,MEX,9,46,,,BIN 1
1641,14387,GUA,MEX,,15,4,,BIN 2
1642,15918,GUA,JFK,,73,,,BIN 3
1643,15918,GUA,JFK,,36,,,BIN 4
1644,16589,,,,5,,,BIN 1
1645,16589,,,,15,47,5,BIN 2
1646,16589,,,,13,,5,BIN 3
1647,16589,,,,20,,,BIN 4
1648,15221,Gua,Dfw,,69,59,8,BIN 3
1649,14182,,,13,,,,BIN 1
1650,14182,,,,90,,,BIN 2
1651,14182,,,,11,87,,BIN 3
1652,16714,Gua,Pty,,2,,,BIN 1
1653,16714,Gua,Pty,,95,,,BIN 2
1654,16714,Gua,Pty,,10,97,,BIN 3
1655,16214,Gua,Pty,,70,27,,BIN 2
1656,16214,Gua,Pty,,55,,,BIN 3
1657,15401,GUA,MIA,,93,,17  equipajes priority,BIN 2
1658,15401,GUA,MIA,,20,60,,BIN 3
1659,14362,GUA,MEX,,65,,,BIN 1
1660,14362,GUA,MEX,,10,,,BIN 2
1661,15899,GUA,JFK,,57,,,BIN 3
1662,15899,GUA,JFK,,9,,,BIN 4
1663,16593,Gua,Pty,1,24,,,BIN 1
1664,16593,Gua,Sjo,,,5,,BIN 3
1665,16718,Gua,Pty,,35,46,20,BIN 2
1666,15225,Gua,Dfw,14,1,,,BIN 1
1667,15225,Gua,Dfw,,104,,,BIN 2
1668,15225,Gua,Dfw,,59,,,BIN 3
1669,15309,Gua,Mia,,131,,,BIN 2
1670,15309,Gua,Mia,,35,,,BIN 3
1671,15405,GUA,MIA,,98,,19 equipaje priority,BIN 2
1672,15405,GUA,MIA,,,97,,BIN 3
1673,14187,Gua,Mex,,80,,,BIN 2
1674,15903,GUA,JFK,,2,,,BIN 2
1675,15903,GUA,JFK,,63,,1 equipaje priority,BIN 3
1676,15903,GUA,JFK,,33,,,BIN 4
1677,15903,GUA,JFK,,26,,,BIN 5
1678,19323,Gua,Sjo,,27,2,11,BIN 2
1679,19633,Gua,Pty,,,1,,BIN 1
1680,19633,Gua,Pty,,10,123,,BIN 2
1681,19633,Gua,Pty,,81,,,BIN 3
1682,18060,Gua,Dfw,,94,,,BIN 2
1683,18060,Gua,Dfw,,79,1,,BIN 3
1684,18183,Gua,Mia,,97,,,BIN 2
1685,18183,Gua,Mia,,73,,,BIN 3
1686,18290,Gua,Dfw,,22,,11 Priority,BIN 2
1687,18290,Gua,Dfw,,58,58,,BIN 3
1688,18853,GUA,PTY,,66,,,BIN 3
1689,17935,GUA,MEX,7,64,,,BIN 1
1690,17935,,,,,25,,BIN 2
1691,17569,GUA,JFK,,28,,,BIN 2
1692,17569,GUA,JFK,,74,,,BIN 3
1693,17569,GUA,JFK,,22,,,BIN 4
1694,19745,Gua,Pty,6,24,,,BIN 1
1695,19745,Gua,Pty,,29,3,,BIN 2
1696,19745,,,,,,,BIN 3
1697,19745,Gua,Pty,,,195,,BIN 4
1698,18479,Gua,Mia,,89,,,BIN 2
1699,17754,Gua,Mex,25,,,,BIN 1
1700,17754,Gua,Mex,,50,,,BIN 2
1701,17754,Gua,Mex,,55,76,,BIN 3
1702,17754,,,,,,,BIN 4
1703,18188,Gua,Mia,,1,,,BIN 1
1704,18188,Gua,Mia,,70,,33 priority,BIN 2
1705,18188,Gua,Mia,,77,,,BIN 3
1706,18188,,,,,,,BIN 4
1707,18295,Gua,Dfw,,13,,,BIN 1
1708,18295,Gua,Dfw,,,189,,BIN 2
1709,18295,Gua,Dfw,,78,,23 Priority,BIN 3
1710,17940,GUA,MEX,10,70,,,BIN 1
1711,17940,GUA,MEX,,3,,,BIN 2
1712,17570,GUA,JFK,,68,,,BIN 2
1713,17570,GUA,JFK,,62,,,BIN 3
1714,19775,Gua,Pty,,43,120,,BIN 2
1715,19775,Gua,Pty,,34,,,BIN 3
1716,18484,Gua,Mia,,100,,,BIN 2
1717,18484,Gua,Mia,,65,66,,BIN 3
1718,18101,Gua,Dfw,,117,,,BIN 2
1719,18101,Gua,Dfw,,88,,,BIN 3
1720,19638,,,5,,,,BIN 1
1721,19638,,,,22,65,20,BIN 2
1722,19638,,,,54,,,BIN 3
1723,19765,,,9,9,,,BIN 1
1724,18858,,,,57,,23,BIN 2
1725,18858,,,,33,,,BIN 3
1726,18193,Gua,Mia,,3,,,BIN 1
1727,18193,Gua,Mia,,100,,,BIN 2
1728,18193,Gua,Mia,,51,,,BIN 3
1732,19783,,,,25,,,BIN 1
1733,19783,,,,11,,2,BIN 2
1734,19783,,,,,,,BIN 3
1735,19643,,,,13,,7,BIN 2
1736,19643,,,,64,,17,BIN 3
1737,18863,,,,16,,24,BIN 2
1738,18863,,,,42,,11,BIN 3
1739,18300,GUA,MIA,,94,,,BIN 2
1740,18300,GUA,MIA,,44,,,BIN 3
1741,17945,GUA,MEX,,62,,,BIN 1
1742,17945,GUA,MEX,,,,18 equipajes premier,BIN 2
1743,17571,Gua,Jfk,,3,,,BIN 2
1744,17571,Gua,Jfk,,74,,,BIN 3
1745,17571,Gua,Jfk,,63,,1 priority,BIN 4
1746,19338,,,,25,,,BIN 1
1747,19338,,,,2,,5,BIN 2
1748,19338,,,,,9,,BIN 3
1749,19338,,,,2,,,BIN 4
1750,18106,,,,83,,8,BIN 2
1751,18106,,,,81,,7,BIN 3
1752,17950,Gua,Mex,10,83,13,,BIN 1
1753,19905,Gua,Mia,,76,,24 mletas priority,BIN 2
1754,19905,Gua,Mia,,34,,,BIN 3
1755,19342,,,1,8,,,BIN 1
1756,19342,,,,46,,4,BIN 2
1757,19342,,,,5,,,BIN 3
1758,19652,Gua,Pty,,23,,,BIN 3
1759,17572,GUA,JFK,,23,,,BIN 2
1760,17572,GUA,JFK,,60,,,BIN 3
1761,17572,GUA,JFK,,18,,,BIN 4
1762,18305,GUA,MIA,,77,,,BIN 2
1763,18305,GUA,MIA,,42,,,BIN 3
1764,18110,,,,96,,4,BIN 2
1765,18110,,,,99,,23,BIN 3
1766,18202,,,,,2,,BIN 1
1767,18202,,,,61,,5,BIN 2
1768,18202,,,,74,,13,BIN 3
1769,18309,GUA,MIA,,34,43,,BIN 3
1770,17954,GUA,MEX,8,67,,,BIN 1
1771,17954,GUA,MEx,,22,,,BIN 2
1772,17573,GUA,JFK,,40,,,BIN 2
1773,17573,GUA,JFK,,68,,,BIN 3
1774,17573,GUA,JFK,,9,,,BIN 4
1775,17768,,,,,,,BIN 1
1776,19656,Gua,Pty,,,3,,BIN 1
1777,19346,,,,27,,8,BIN 2
1778,19346,,,,7,,1,BIN 3
1779,17772,,,,,,27,BIN 2
1780,17772,,,,58,,,BIN 3
1781,17772,,,,5,,15,BIN 4
1782,18114,Gua,Dfw,,3,,,BIN 1
1783,18114,Gua,Dfw,,104,,,BIN 2
1784,18114,Gua,Dfw,,83,,,BIN 3
1785,19918,Gua,Mia,,,163,,BIN 2
1786,19918,Gua,Mia,,,164,,BIN 3
1787,18876,Gua,Pty,,50,,,BIN 2
1788,18876,Gua,Pty,,56,,,BIN 3
1789,17958,GUA,MEX,6,67,,,BIN 1
1790,17574,GUA,JFK,,34,,,BIN 2
1791,17574,GUA,JFK,,71,,,BIN 3
1792,17574,GUA,JFK,,8,,,BIN 4
1793,18313,GUA,MIA,,101,,14,BIN 2
1794,18313,GUA,MIA,,16,132,,BIN 3
1795,19844,,,,30,,,BIN 1
1796,19844,,,,25,39,2,BIN 2
1797,19844,,,,,167,,BIN 3
1798,18501,Gua,Mia,,107,,,BIN 2
1799,18501,Gua,Mia,,32,248,,BIN 3
1800,17776,,,18,,,,BIN 1
1801,17776,,,,36,20,,BIN 2
1802,17776,,,,66,59,,BIN 3
1803,18880,Gua,Pty,,35,38,,BIN 2
1804,18880,Gua,Pty,,71,,,BIN 3
1805,17962,GUA,MEX,6,52,48,,BIN 1
1806,17962,GUA,MEX,,,21,,BIN 2
1807,18316,GUA,MIA,,97,,,BIN 2
1808,18316,GUA,MIA,,25,,,BIN 3
1809,19660,Gua,Pty,,5,375,,BIN 2
1810,19660,Gua,Pty,,102,,29,BIN 3
1811,17633,GUA,JFK,,66,,4 EQUIPAJES PRIORITY,BIN 3
1812,17633,GUA,JFK,,40,,,BIN 4
1813,18475,Gua,Mia,,98,,,BIN 2
1814,18475,Gua,Mia,,34,239,,BIN 3
1815,18092,Gua,Dfw,,115,,,BIN 2
1816,18092,Gua,Dfw,,67,9,,BIN 3
1817,18184,Gua,Mia,,85,,,BIN 2
1818,18184,Gua,Mia,,64,,,BIN 3
1819,18854,Gua,PTY,,65,92,,BIN 2
1820,17936,Gua,Mex,4,54,65,,BIN 1
1821,17936,Gua,Mex,,,11,,BIN 2
1822,18291,GUA,MIA,,77,,14 EQUIPAJE PRIORITY,BIN 2
1823,18291,GUA,MIA,,,99,,BIN 3
1824,17612,GUA,JFK,,31,,,BIN 2
1825,17612,GUA,JFK,,39,,,BIN 3
1826,17612,GUA,JFK,,50,,,BIN 4
1827,17612,GUA,JFK,,25,,,BIN 5
1828,19329,Gua,Sjo,,26,14,,BIN 2
1829,19329,Gua,Pty,,8,,,BIN 3
1830,19639,Gua,Pty,,42,,23,BIN 2
1831,18097,Gua,Dfw,,5,,,BIN 1
1832,18097,Gua,Dfw,,96,9,,BIN 2
1833,18097,Gua,Dfw,,77,,,BIN 3
1834,18189,Gua,Mia,,76,,,BIN 3
1835,16998,,,,6,,,BIN 1
1836,16998,,,,,,68,BIN 2
1837,16998,,,,,,82,BIN 3
1838,16998,,,,,,,BIN 4
1839,18859,Gua,Pty,,16,241,5,BIN 3
1841,18296,Gua,Dfw,,103,,22 priority,BIN 2
1842,18296,Gua,Dfw,,14,91,,BIN 3
1843,17755,,,,,,,BIN 2
1844,17941,GUA,JFK,,69,,08,BIN 2
1845,17616,GUA,JFK,,97,,,BIN 2
1846,17616,Gua,JFK,,47,,,BIN 3
1847,17616,GUA,JFK,,3,,,BIN 4
1848,19334,,,,2,,,BIN 4
1849,18485,GUA,MIA,,10,,,BIN 1
1850,18485,GUA,MIA,,66,,24 PRIO,BIN 2
1851,18485,GUA,MIA,,19,58,35 PRIO,BIN 3
1852,19644,Gua,PTY,,70,,,BIN 2
1853,19854,Gua,Pty,,25,,,BIN 1
1854,19854,Gua,Pty,,58,32,,BIN 2
1855,19854,Gua,Pty,,,166,,BIN 3
1856,18102,Gua,Dfw,,14,,,BIN 1
1857,18102,Gua,Dfw,,97,,,BIN 2
1858,18102,Gua,Dfw,,66,5,,BIN 3
1859,17760,GUA,MEX,,80,,,BIN 2
1860,17760,GUA,MEX,,1,176,,BIN 3
1861,17760,,,,,,21 PREMIER,BIN 4
1862,18194,Gua,Mia,,101,,,BIN 2
1863,18194,Gua,Mia,,71,,,BIN 3
1864,18301,Gua,Dfw,,96,,14 priority,BIN 2
1865,18301,Gua,Dfw,,34,40,,BIN 3
1866,17946,Gua,Mex,,60,,,BIN 1
1867,17946,Gua,Mex,,9,,"8 priority ",BIN 2
1868,17620,,,,,,,BIN 1
1869,17620,Gua,Jfk,,25,,"1 priority ",BIN 4
1871,19339,,,,,,,BIN 1
1872,19339,,,,,,,BIN 2
1873,19339,,,,,,,BIN 3
1874,18490,GUA,MIA,,78,,16 EQUIPAJES PRIORITY,BIN 2
1875,18490,GUA,MIA,,35,94,,BIN 3
1876,18107,Gua,Dfw,,98,,,BIN 2
1877,18107,Gua,Dfw,,69,,,BIN 3
1878,19836,Gua,Pty,,60,14,,BIN 2
1879,19836,Gua,Pty,,13,,,BIN 3
1880,18199,Gua,Mia,,103,,,BIN 2
1881,18199,Gua,Mia,,75,,,BIN 3
1886,18869,GUA,PTY,,48,3,2 EQUIPAJE PRIORITY,BIN 2
1887,18869,GUA,PTY,,52,,12 EQUIPAJES PRIORITY,BIN 3
1888,17951,Gua,Mex,11,64,,,BIN 1
1889,17951,Gua,Mex,,,,,BIN 2
1890,17765,Gua,Mex,25,,,,BIN 1
1891,18306,GUA,MIA,,92,,,BIN 2
1892,18306,GUA,MIA,,29,55,,BIN 3
1893,17624,GUA,JFK,,6,,,BIN 3
1894,17624,GUA,JFK,,60,,,BIN 4
1895,17624,GUA,JFK,,35,,,BIN 5
1896,18494,GUA,MIA,,73,,24 EQUIPAJES PRIORITY,BIN 2
1897,18494,GUA,MIA,,47,67,,BIN 3
1898,18111,GUA,DFW,,76,,"26 equipajes PRIORITY ",BIN 2
1899,18111,GUA,DFW,,74,,,BIN 3
1900,18203,GUA,MIA,,74,,25 EQUIPAJES PRIORIY,BIN 2
1901,18203,GUA,MIA,,75,,,BIN 3
1902,17955,GUA,MEX,10,70,,,BIN 1
1903,17955,GUA,MEX,,9,,,BIN 2
1904,18310,GUA,MIA,,109,,,BIN 2
1905,18310,GUA,MIA,,,287,,BIN 3
1906,17627,Gua,Jfk,,58,,,BIN 3
1907,17627,Gua,Jfk,,47,,,BIN 4
1908,18207,GUA,MIA,,81,,12 EQUIPAJES PRIORITY,BIN 2
1909,18207,GUA,MIA,,73,,,BIN 3
1910,17773,GUA,MEX,,70,,,BIN 2
1911,17773,GUA,MEX,,10,,18 EQUIPAJES PREMIER,BIN 3
1912,17773,GUA,MEX,,,7,,BIN 4
1913,18498,GUA,MIA,,98,,12 EQUIPAJES PRIORITY,BIN 2
1914,18498,GUA,MIA,,34,,,BIN 3
1915,18314,GUA,MIA,,60,100,10,BIN 2
1916,18314,GUA,MIA,,40,,,BIN 3
1917,17959,GUA,MEX,10,70,,,BIN 1
1918,17630,GUA,JFK,,53,,,BIN 2
1919,17630,GUA,JFK,,34,,,BIN 3
1920,17630,GUA,JFK,,26,,,BIN 4
1921,19351,Gua,Sjo,1,3,1,,BIN 1
1922,19351,Gua,Sjo,,13,,34,BIN 2
1923,18502,Gua,Mia,,15,,,BIN 1
1924,18502,Gua,Mia,,101,,,BIN 2
1925,18502,Gua,Mia,,45,108,,BIN 3
1926,19845,GUA,PTY,,30,,,BIN 1
1927,19845,GUA,PTY,,41,2,1 EQUIPAJE PRIORITY,BIN 2
1928,19845,GUA,PTY,,,130,,BIN 3
1929,19661,GUA,PTY,,44,,06 EQUIPAJE PRIORITY,BIN 2
1930,19661,GUA,PTY,,33,,22 EQUIPAJES PRIORITY,BIN 3
1931,17777,GUA,MEX,17,,,,BIN 1
1932,17777,GUA,MEX,,116,,,BIN 2
1933,17777,GUA,MEX,,,51,,BIN 3
1934,17963,GUA,MEX,,58,,,BIN 1
1935,17963,,,,,,12,BIN 2
1936,18317,,,,,,,BIN 1
1937,18317,GUA,DFW,,37,126,,BIN 2
1938,18317,GUA,DFW,,98,14,,BIN 3
1939,19967,GUA,PTY,,3,,,BIN 3
1940,18881,Gua,Pty,,45,25,,BIN 2
1941,18881,Gua,Pty,,24,,,BIN 3
1942,17634,Gua,Jfk,,31,,,BIN 2
1943,17634,Gua,Jfk,,25,,,BIN 4
1944,19325,GUA,SJO,6,24,,,BIN 1
1945,19325,GUA,SJO,,16,,9 EQUIPAJE PRIORITY,BIN 2
1946,19325,GUA,SJO,,,207,,BIN 3
1947,19635,Gua,Pty,,75,,,BIN 3
1948,17751,GUA,MEX,18,,,,BIN 1
1949,17751,GUA,MEX,,72,,,BIN 2
1950,17751,GUA,MEX,,,65,,BIN 3
1951,17937,GUA,MEX,,,55,,BIN 1
1952,17937,GUA,MEX,,37,,08 prioritys,BIN 2
1953,18292,GUA,MIA,,29,,,BIN 1
1954,18292,GUA,MIA,,102,,,BIN 2
1955,18292,GUA,MIA,,15,60,,BIN 3
1956,18855,Gua,Pty,,85,,,BIN 2
1957,18855,Gua,Pty,,39,,,BIN 3
1958,17613,Gua,Jfk,,68,,2,BIN 2
1959,17613,Gua,Jfk,,63,,,BIN 3
1960,17613,Gua,Jfk,,1,,,BIN 4
1961,19851,Gua,Pty,,5,107,,BIN 2
1962,19330,Gua,Pty,,9,,,BIN 1
1963,19330,Gua,Sjo,,60,,,BIN 2
1964,19330,Gua,Sjo,,,1,,BIN 3
1965,19640,Gua,Pty,,10,13,15,BIN 2
1966,19640,Gua,Pty,,66,,3,BIN 3
1967,17756,Gua,Mex,,23,,8,BIN 3
1968,18860,Gua,Pty,,53,,,BIN 3
1969,18098,Gua,Dfw,,104,,,BIN 2
1970,18098,Gua,Dfw,,75,,,BIN 3
1971,16999,Gua,Ord,,90,,,BIN 2
1972,16999,Gua,Ord,,89,,,BIN 3
1973,17942,GUA,MEX,19,69,,,BIN 1
1974,18297,Gua,Dfw,,102,,10 priority,BIN 2
1975,18297,Gua,Dfw,,47,238,,BIN 3
1976,19005,,,,,,,BIN 2
1977,17617,Gua,Jfk,,5,,,BIN 1
1978,19855,Gua,Pty,,1,55,9,BIN 2
1979,19335,Gua,Sjo,,30,,,BIN 1
1980,19335,Gua,Pty,,2,3,,BIN 3
1981,18486,Gua,Mia,,110,,,BIN 2
1982,18103,Gua,Dfw,,100,,,BIN 2
1983,18103,Gua,Dfw,,79,26,,BIN 3
1984,18195,Gua,Mia,,117,,,BIN 2
1985,18195,Gua,Mia,,50,,,BIN 3
1986,17947,Gua,Mex,16,67,,,BIN 1
1987,17947,,,,,20,,BIN 2
1988,18302,Gua,Dfw,,46,,3,BIN 2
1989,18302,Gua,Dfw,,84,,"14 priority ",BIN 3
1990,17621,Gua,Jfk,,31,,,BIN 2
1991,17621,Gua,Jfk,,71,,,BIN 3
1992,17621,Gua,Jfk,,24,,,BIN 4
1993,19340,,,,,,,BIN 4
1994,19837,Gua,Pty,,25,,,BIN 2
1995,19837,Gua,Pty,,27,,,BIN 3
1996,19650,Gua,Pty,,65,,,BIN 2
1997,19650,Gua,Pty,,46,,,BIN 3
1998,18491,GUA,MIA,,53,,29 EQUIPAJES PRIORITY,BIN 2
1999,18491,GUA,MIA,,70,84,,BIN 3
2000,18870,GUA,PTY,,16,,24 EQUIPAJES PRIORITY,BIN 2
2001,18870,GUA,PTY,,62,,,BIN 3
2002,17952,GUA,MEX,10,73,,,BIN 1
2003,18610,Gua,Pty,,21,,8 Priority,BIN 2
2004,18108,Gua,Dfw,,85,23,,BIN 2
2005,18108,Gua,Dfw,,84,,,BIN 3
2006,18200,Gua,Mia,,100,,,BIN 2
2007,18200,Gua,Mia,,71,,,BIN 3
2008,18307,Gua,Jfk,,103,,"7 priority ",BIN 2
2009,18307,Gua,Jfk,,33,7,"9 priority ",BIN 3
2010,17625,Gua,JFK,,35,,,BIN 2
2011,17625,Gua,Jfk,,69,,,BIN 3
2012,19840,Gua,Pty,,45,4,,BIN 2
2013,19840,Gua,Pty,,,335,,BIN 3
2014,18495,GUA,MIA,,55,,30 EQUIPAJES PRIORITYS,BIN 2
2015,18495,GUA,MIA,,82,244,3 EQUIPAJES PRIORITY,BIN 3
2016,19654,Gua,Pty,,50,35,,BIN 2
2017,19654,Gua,Pty,,53,,,BIN 3
2018,18112,Gua,Dfw,,108,,,BIN 2
2019,18112,Gua,Dfw,,75,10,,BIN 3
2020,18874,GUA,PTY,,53,,27 EQUIPAJES PRIORITY,BIN 2
2021,18874,GUA,PTY,,52,,,BIN 3
2022,17956,Gua,Mex,,62,,,BIN 1
2023,17956,Gua,Mex,,,,12 priority,BIN 2
2024,18311,Gu,Dfw,,95,,14,BIN 2
2025,18311,Gua,Dfw,,44,118,,BIN 3
2026,17628,GUA,JFK,,62,,,BIN 2
2027,17628,GUA,JFK,,67,,,BIN 3
2028,18315,GUA,MIA,,132,,18 priority,BIN 2
2029,18315,GUA,MIA,,42,216,,BIN 3
2030,18611,Gua,Pty,,16,,"5 priority ",BIN 2
2031,19993,GUA,SJO,,45,,,BIN 2
2032,19993,GUA,SJO,,,100,,BIN 3
2033,17960,GUA,MEX,18,62,,,BIN 1
2034,17960,GUA,MEX,,16,,,BIN 2
2035,19348,GUA,SJO,,46,,"1 EQUIPAJE PRIORITY ",BIN 2
2036,18116,GUA,DFW,13,,,,BIN 1
2037,18116,GUA,DFW,,68,,,BIN 2
2038,18116,GUA,DFW,,74,20,,BIN 3
2039,18208,GUA,MIA,,80,,,BIN 2
2040,17631,GUA,JFK,,72,,,BIN 2
2041,17631,GUA,JFK,,58,,,BIN 3
2042,19352,GUA,SJO,,30,,,BIN 1
2043,19352,GUA,SJO,,8,,10 EQUIPAJES PRIORITY,BIN 2
2044,19352,GUA,PTY,,2,,1 EQUIPAJE PRIORITY,BIN 3
2045,18120,GUA,DFW,,88,,15 EQUIPAJES PRIORITY,BIN 2
2046,18120,GUA,DFW,,99,20,,BIN 3
2047,18212,GUA,MIA,10,,,,BIN 1
2048,18212,GUA,MIA,,57,,11 EQUIPAJES PRIORITY,BIN 2
2049,18212,GUA,MIA,,67,,,BIN 3
2050,18318,Gua,DFW,,127,2,12 Priority,BIN 2
2051,18318,Gua,Jfk,,44,200,,BIN 3
2052,17964,GUA,MEX,14,54,,,BIN 1
2053,17964,GUA,MEX,,,24,,BIN 2
2054,20004,GUA,PTY,,15,,"34 maletas ",BIN 2
2055,17635,Gua,Jfk,,81,,,BIN 2
2056,17635,Gua,Jfk,,72,,,BIN 3
2057,17635,Gua,Jfk,,1,,,BIN 4
2058,18477,Gua,Mia,19,1,,,BIN 1
2059,18477,Gua,Mia,,99,,,BIN 2
2060,18477,Gua,Mia,,42,74,,BIN 3
2061,19848,GUA,PTY,,,135,,BIN 2
2062,19848,GUA,PTY,,40,,12 EQUIPAJES PRIORITY,BIN 3
2063,19848,GUA,PTY,,15,,,BIN 4
2064,19636,GUA,PTY,,12,,3 EQUIPAJES PRIORITY,BIN 2
2065,19636,GUA,PTY,,56,,24 EQUIPAJES PRIORITY,BIN 3
2066,17752,GUA,MEX,,80,,,BIN 2
2067,17752,GUA,MEX,,2,45,,BIN 3
2068,17752,GUA,MEX,,,,17 EQUIPAJES PRIORITY,BIN 4
2069,17938,GUA,MEX,8,48,3,,BIN 1
2070,17938,GUA,MEX,,,23,,BIN 2
2071,18293,Gua,Mia,,79,69,"7 priority ",BIN 2
2072,18293,Gua,Mia,,37,,"9 priority ",BIN 3
2073,18856,Gua,Pty,,65,,,BIN 2
2074,18856,Gua,Pty,,52,,,BIN 3
2075,17614,Gua,Jfk,,39,,,BIN 2
2076,17614,Gua,Jfk,,69,,,BIN 3
2077,18482,Gua,Mia,5,,,,BIN 1
2078,18482,Gua,Mia,,82,121,,BIN 2
2079,18482,Gua,Mis,,100,,,BIN 3
2080,20021,GUA,PTY,,35,,,BIN 2
2081,20021,GUA,PTY,,28,,,BIN 3
2082,19852,GUA,PTY,,10,,,BIN 1
2083,19852,GUA,PTY,,22,53,,BIN 2
2084,19852,GUA,PTY,,24,,10 EQUIPAJE PRIORITY,BIN 3
2085,19641,GUA,PTY,,26,,9 EQUIPAJES PRIORITY,BIN 2
2086,19641,GUA,PTY,,68,,09 EQUIPAJE PRIORITY,BIN 3
2087,18191,GUA,MIA,,86,,26 EQUIPAJES PRIORITY,BIN 2
2088,18191,GUA,MIA,,66,,,BIN 3
2089,17757,GUA,MEX,,82,,3 EQUIPAJES PRIORITY,BIN 2
2090,17757,GUA,MEX,,,5,,BIN 3
2091,17757,GUA,MEX,,,,15 EQUIPAJES PRIORITY,BIN 4
2092,18861,Gua,Pty,10,20,,,BIN 1
2093,18861,Gua,Pty,,80,,,BIN 2
2094,18861,Gua,Pty,,11,49,,BIN 3
2095,18298,GUA,MIA,,106,,,BIN 2
2096,18298,GUA,MIA,,46,225,,BIN 3
2097,17943,GUA,MEX,9,69,28,,BIN 1
2098,18253,Gua,Ord,,88,,"6 priority ",BIN 2
2099,18253,Gua,Ord,,74,,"10 priority ",BIN 3
2100,17618,Gua,Jfk,,70,,,BIN 3
2101,19856,Gua,Pty,,31,,9,BIN 2
2102,19336,Gua,Pty,,9,,,BIN 1
2103,19336,Gua,Sjo,,36,,,BIN 2
2104,19646,Gua,Pty,,30,,15,BIN 2
2105,18104,Gua,Dfw,,120,,,BIN 2
2106,18104,Gua,Dfw,,50,21,,BIN 3
2107,17762,Gua,Mex,,91,,,BIN 2
2108,18196,Gua,Mia,,81,,,BIN 2
2109,18196,Gua,Mia,,85,,,BIN 3
2110,18866,,,,,,,BIN 1
2111,18303,Gua,Mia,,10,74,,BIN 3
2112,17948,Gua,Mex,15,66,,,BIN 1
2113,17948,Gua,Mex,,,,,BIN 2
2114,20043,Gua,Pty,,10,,,BIN 1
2115,20043,Gua,Pty,,28,,"8 priority ",BIN 2
2116,17622,Guq,Jfk,,53,,,BIN 2
2117,19341,Gua,Sjo,3,27,,,BIN 1
2118,19341,Gua,Sjo,,12,,,BIN 2
2119,19341,Gua,Pty,,9,,,BIN 4
2120,18109,Gua,Dfw,1,24,,,BIN 1
2121,18109,Gua,Dfw,,87,24,,BIN 2
2122,18109,Gua,Dfw,,90,,,BIN 3
2123,18201,Gua,Mia,21,,,,BIN 1
2124,18201,Gua,Mia,,99,,,BIN 2
2125,18201,Gua,Mia,,64,,,BIN 3
2126,17953,Gua,Mex,,58,,,BIN 2
2127,18308,Gua,Dfw,,90,,10 priority,BIN 2
2128,18308,Gua,Dfw,,77,3,,BIN 3
2129,17626,Gua,Jfk,,60,,,BIN 2
2130,19841,Gua,Pty,,30,,,BIN 1
2131,19841,Gua,Pty,,27,,,BIN 2
2132,19841,Gua,Pty,,,64,,BIN 3
2133,19655,Gua,Pty,,40,55,,BIN 2
2134,19655,Gua,Pty,,88,,,BIN 3
2135,17771,Gua,Mex,,89,,,BIN 2
2136,17771,Gua,Mex,,37,2,,BIN 3
2137,17771,Gua,Mex,,16,,,BIN 4
2138,18312,GUA,MIA,,23,,,BIN 1
2139,18312,GUA,MIA,,50,57,,BIN 2
2140,18312,GUA,MIA,,70,112,,BIN 3
2141,17957,Gua,Mex,,59,,,BIN 2
2142,18496,GUA,MIA,,97,,,BIN 2
2143,18496,GUA,MIA,,58,120,"28 equipajed priority ",BIN 3
2144,18875,GUA,Pty,,,2,1 FAK,BIN 1
2145,18875,GUS,PTY,,51,,"24 EQUIPAJES PRIORITY ",BIN 2
2146,18875,,,,,,,BIN 4
2147,17629,Gua,Jfk,,65,,,BIN 2
2148,17629,Gua,Jfk,,68,,,BIN 3
2149,17629,Gua,Jfk,,2,,,BIN 4
2150,18500,GUA,MIA,,102,,"16 equipajes PRIORITY ",BIN 2
2151,18500,GUA,MIA,,42,132,"2 equipaje priority ",BIN 3
2152,19843,Gua,Pty,,15,,,BIN 1
2153,19843,Gua,Pty,,20,11,,BIN 2
2154,19843,Gua,Pty,,,94,,BIN 3
2157,19659,,,,,,,BIN 2
2158,19659,,,,,,,BIN 3
2159,20072,GUA,PTY,,,87,,BIN 2
2160,20072,GUA,PTY,,6,,,BIN 3
2161,20072,GUA,PTY,,10,,,BIN 4
2162,18879,GUA,PTY,,15,,,BIN 1
2163,18879,GUA,PTY,,83,,"9 equipajes priority ",BIN 2
2164,18879,GUA,PTY,,,200,1 FAK,BIN 3
2167,20076,,,,,,"14 priority ",BIN 2
2168,20076,,,,,,"8 priority ",BIN 3
2169,17961,Gua,Mex,15,60,,,BIN 1
2170,17632,Gua,Jfk,,110,,,BIN 2
2171,17632,Gua,Jfk,,50,,,BIN 3
2172,17632,Gua,Jfk,,3,,,BIN 4
2173,17632,,,,,,,BIN 5
2174,19353,GUA,SJO,,30,,,BIN 1
2175,19353,GUA,SJO,,12,,1 EQUIPAJE PRIORITY,BIN 2
2176,19353,GUA,SJO,,,10,,BIN 3
2177,18121,GUA,DFW,,71,,1 EQUIPAJE PRIORITY,BIN 2
2178,18121,GUA,DFW,,90,,5 EQUIPAJES PRORITY,BIN 3
2179,18213,GUA,MIA,10,,,,BIN 1
2180,18213,GUA,MIA,,80,,,BIN 2
2181,18213,GUA,MIA,,58,,3 EQUIPAJES PRORITY,BIN 3
2182,18615,Gua,Pty,,,,11 priority,BIN 2
2183,18615,Gua,Pty,,21,,4 priority,BIN 3
2184,17965,GUA,MEX,7,66,,,BIN 1
2185,18319,GUA,MIA,,90,3,10 prioritys,BIN 2
2186,18319,GUA,MIA,,29,102,,BIN 3
2187,19849,,,,,,,BIN 1
2188,18117,Gua,Dfw,8,,,,BIN 1
2189,18117,Gua,Dfw,,109,,,BIN 2
2190,18117,Gua,Dfw,,111,,,BIN 3
2191,19327,GUA,SJO,,30,,,BIN 1
2192,19327,GUA,SJO,,10,,"11 equipajes PRIORITY ",BIN 2
2193,19327,GUA,SJO,,,2,,BIN 3
2194,19327,GUA,PTY,,8,,"1 equipaje priority ",BIN 4
2195,18095,GUA,DFW,10,,,,BIN 1
2196,18095,GUA,DFW,,62,,"16 equipaje priority ",BIN 2
2197,18095,GUA,DFW,,70,,,BIN 3
2198,17636,GUA,JFK,,47,,,BIN 2
2199,17636,GUA,JFK,,41,,,BIN 3
2200,17636,GUA,JFK,,27,,,BIN 4
2201,17636,GUA,JFK,,25,,,BIN 5
2202,18187,GUA,MIA,17,,,,BIN 1
2203,18187,GUA,MIA,,99,,,BIN 2
2204,18187,GUA,MIA,,63,,,BIN 3
2205,18294,Gua,Mia,15,,,,BIN 1
2206,18294,Gua,Mia,,10,184,,BIN 3
2207,17939,GUA,MEX,8,53,,,BIN 1
2208,17939,GUA,MEX,,,36,,BIN 2
2209,19853,GUA,PTY,,50,67,"10 equipaje priority ",BIN 2
2210,19853,GUA,PTY,,10,,,BIN 3
2211,18483,Gua,Mia,2,7,,,BIN 1
2212,18483,Gua,Mia,,93,9,,BIN 2
2213,18483,Gua,Mia,,97,152,,BIN 3
2214,18483,,,,,,,BIN 4
2215,19642,,,,14,188,11,BIN 2
2216,19642,,,,99,,3,BIN 3
2217,18100,,,,83,,13,BIN 2
2218,18100,,,,76,,17,BIN 3
2219,17758,GUA,MEX,30,,,,BIN 1
2220,17758,GUA,MEX,,20,,,BIN 4
2221,17615,,,,,,,BIN 1
2222,17615,Gua,Jfk,,72,,"2 priority ",BIN 3
2223,17615,Gua,Jfk,,22,,,BIN 4
2224,18192,,,15,,,,BIN 1
2225,18192,,,,104,,1,BIN 2
2226,18192,,,,44,,,BIN 3
2227,18862,Gua,Pty,,62,2,,BIN 2
2228,18862,Gua,Pty,,82,,,BIN 3
2229,18299,GUA,MIA,,86,,,BIN 2
2230,18299,MEX,MIA,,81,90,,BIN 3
2231,17944,Gua,Mex,23,63,,,BIN 1
2232,17944,Gua,Mex,,,36,,BIN 2
2233,17619,Gua,Jfk,,64,,,BIN 2
2234,17619,Gua,Jfk,,70,,,BIN 3
2235,17619,Gua,Jfk,,33,,3 priority,BIN 4
2236,19857,,,,30,,,BIN 1
2237,19857,,,,5,72,"2 priority ",BIN 2
2238,19857,,,,24,,"1 Rush ",BIN 3
2239,19647,,,,49,,"6 priority ",BIN 2
2240,19647,,,,52,,"16 priority ",BIN 3
2241,17763,GUA,MEX,15,,,,BIN 1
2242,17763,GUA,MEX,,109,,,BIN 2
2243,17763,GUA,MEX,,,85,,BIN 3
2244,17949,Gua,Mex,9,61,,,BIN 1
2245,17949,Gua,Mex,,,33,,BIN 2
2246,18304,GUA,MIA,,108,,,BIN 2
2247,18304,GUA,MIA,,44,52,,BIN 3
2248,20092,Gua,Pty,,16,,"9 priority ",BIN 2
2249,20092,Gua,Pty,,18,,"2 priority ",BIN 3
2250,17623,Gua,Jfk,,2,,,BIN 1
2251,17623,Gua,Jfk,,62,,,BIN 3
2252,17623,Gau,Jfk,,55,,,BIN 4
2253,17623,Gua,Jfk,,33,,,BIN 5
2254,20583,Gua,Pty,2,4,,,BIN 1
2255,20583,Gua,Sjo,,42,,,BIN 2
2256,20738,,,,,,,BIN 1
2257,20318,Gua,PTY,,,1,,BIN 1
2258,21956,Gua,Dfw,,103,,,BIN 2
2259,21956,Gua,Dfw,,86,,,BIN 3
2260,22126,Gua,Mia,,1,,,BIN 1
2261,22126,Gua,Mia,,78,,,BIN 2
2262,22126,Gua,Mia,,94,,,BIN 3
2263,22241,Gua,Mia,,72,,"8 priority ",BIN 2
2264,22241,Gua,Mia,,86,,"11 priority ",BIN 3
2265,21801,Gua,Mex,5,55,,,BIN 1
2266,15851,Gua,Jfk,,79,,,BIN 2
2267,15851,Gua,Jfk,,49,,,BIN 3
2271,20588,,,,,,,BIN 1
2272,20588,,,,,,,BIN 2
2273,20588,,,,,,,BIN 3
2274,20588,,,,,,,BIN 4
2275,21961,Gua,Dfw,,6,,,BIN 1
2276,21961,Gua,Dfw,,103,,,BIN 2
2277,21961,Gua,Dfw,,77,,,BIN 3
2278,21638,,,,,,,BIN 2
2279,20323,Gua,Pty,,95,18,,BIN 2
2280,21806,Gua,Mex,6,40,,,BIN 1
2281,22129,Gua,Mia,,9,,,BIN 1
2282,22129,Gua,Mia,,90,,,BIN 2
2283,22129,Gua,Mia,,86,50,,BIN 3
2284,22246,Gua,Mia,,23,,97,BIN 2
2285,22246,Gua,Mia,,41,155,,BIN 3
2290,22455,,,,,,,BIN 2
2291,22455,,,,,,,BIN 3
2292,22455,,,,,,,BIN 4
2293,22059,GUA,MIA,,93,,"7 priority ",BIN 2
2294,22059,GUA,MIA,,72,9,"6 priority ",BIN 3
2295,20461,Gua,Pty,,10,,,BIN 1
2296,20461,Gua,Pty,,9,93,,BIN 2
2297,20461,,,,92,,,BIN 3
2298,20748,Gua,Pty,,102,,,BIN 2
2299,20748,,,,,,3 fak,BIN 3
2300,20328,GUA,PTY,,,4,,BIN 1
2301,20328,GUA,PTY,,86,,"4 priority ",BIN 2
2302,20328,GUA,PTY,,15,,,BIN 3
2303,20328,,,,,,,BIN 4
2304,21469,Gua,Mex,,40,,,BIN 3
2305,21469,Gua,Mex,,20,,,BIN 4
2306,21643,Gua,Mex,11,,,,BIN 1
2307,21643,Gua,Mex,,62,,,BIN 3
2308,22251,GUA,MIA,,102,,,BIN 2
2309,22251,GUA,MIA,,58,189,,BIN 3
2310,21811,Gua,Mex,,13,,,BIN 3
2311,21358,Gua,Pty,,15,,10 priority,BIN 2
2312,21358,Gua,Pty,,14,,,BIN 3
2313,22460,GUA,JFK,,76,,,BIN 2
2314,22460,GUA,JFK,,60,,,BIN 3
2315,22460,GUA,JFK,,3,,,BIN 4
2316,22064,GUA,MIA,,76,,24,BIN 2
2317,22064,GUA,MIA,,93,117,"8 ",BIN 3
2318,20466,Gua,Pty,,44,91,,BIN 2
2319,20466,Gua,Pty,,21,,,BIN 3
2320,20598,,,,,,,BIN 3
2321,20333,GUA,PTY,,7,,"28 priority ",BIN 2
2322,20333,GUA,PTY,,69,,"11 priority ",BIN 3
2323,21474,Gua,Mex,20,,,,BIN 1
2324,21474,Gua,Mex,,97,,,BIN 2
2325,21474,Gua,Mex,,,36,,BIN 3
2326,21816,Gua,Mex,4,56,,,BIN 1
2327,22256,GUA,MIA,,95,,,BIN 2
2328,22256,GUA,MIA,,44,120,,BIN 3
2329,21645,Gua,Mex,20,,,,BIN 1
2330,21645,Gua,Mex,,91,,,BIN 2
2331,21645,Gua,Mex,,,17,,BIN 3
2332,22068,,,,89,,10,BIN 2
2333,22068,,,,63,,2,BIN 3
2334,20757,,,,,,,BIN 1
2335,21975,,,17,,,,BIN 1
2336,21975,,,,97,7,,BIN 2
2337,21975,,,,82,,,BIN 3
2338,22135,,,,85,,"6 priority ",BIN 2
2339,22135,,,,52,,"14 priority ",BIN 3
2340,21820,Gua,Mex,6,50,,,BIN 1
2341,22260,GUA,MIA,,116,,,BIN 2
2342,22260,GUA,MIA,,53,124,,BIN 3
2343,22469,Gua,Jfk,,49,,,BIN 2
2344,22469,Gua,Jfk,,67,,,BIN 3
2345,22469,Gua,Jfk,,36,,,BIN 4
2346,20469,Gua,Pty,30,,,,BIN 1
2347,20469,Gua,Pty,,43,28,,BIN 2
2348,20606,,,30,,,,BIN 1
2349,20606,,,,9,2,"10 priority ",BIN 2
2350,20606,,,,2,,"1 priority ",BIN 3
2351,20761,Gua,Pty,,55,4,,BIN 2
2352,22465,,,,,,,BIN 1
2353,22465,Gua,Jfk,,4,,,BIN 4
2354,21482,,,22,,,,BIN 1
2355,21482,,,,73,,,BIN 2
2356,21482,,,,,127,,BIN 3
2357,21979,Gua,Mia,,96,,,BIN 2
2358,21979,Gua,Mia,,56,,,BIN 3
2359,22137,Gua,Mia,,102,,,BIN 2
2360,22137,Gua,Mia,,76,,,BIN 3
2361,21653,,,19,,,,BIN 1
2362,21653,,,,53,20,,BIN 2
2363,21653,,,,,17,,BIN 3
2364,22206,Gua,Ord,,20,,,BIN 1
2365,22206,Gua,Ord,,92,,08 priority,BIN 2
2366,22206,Gua,Ord,,61,,,BIN 3
2367,21824,Gua,Mex,5,46,17,,BIN 1
2368,21824,Gua,Mex,,,22,,BIN 2
2369,22473,Gua,Jfk,,98,,,BIN 2
2370,22473,Gua,Jfk,,40,,,BIN 3
2371,22473,Gua,Jfk,,6,,,BIN 4
2372,20473,,,,30,,,BIN 1
2373,20473,,,,69,15,11,BIN 2
2374,20473,,,,,170,,BIN 3
2375,22076,Gua,Mia,,97,,,BIN 2
2376,22076,Gua,Mia,,87,,,BIN 3
2377,20765,,,,30,,,BIN 1
2378,20765,,,,18,135,"32 priority ",BIN 2
2379,20765,,,,65,,"1 priority ",BIN 3
2380,21486,,,,,,1 AVI,BIN 1
2381,21486,,,,80,,,BIN 2
2382,21486,,,,22,,,BIN 3
2383,21486,,,,,,"12 priority ",BIN 4
2384,21657,,,,80,,,BIN 2
2385,21657,,,,20,,,BIN 3
2386,21657,,,,,,"25 priority ",BIN 4
2387,22139,Gua,Mia,,18,,,BIN 1
2388,20345,Gua,Pty,,75,,,BIN 2
2389,20345,Gua,Pty,,60,,,BIN 3
2390,21828,,,,,,,BIN 2
2393,22268,,,,,,,BIN 1
2394,22268,,,,,,"11 priority ",BIN 2
2395,22268,,,,,,"7 priority ",BIN 3
2396,22477,Gua,Jfk,,36,,,BIN 2
2397,22477,Gua,Jfk,,74,,,BIN 3
2398,20584,,,,25,,,BIN 1
2399,20584,,,,16,,"13 priority ",BIN 2
2400,20584,,,,12,,"4 priority ",BIN 3
2401,20584,,,,15,,,BIN 4
2402,22050,Gua,Mia,17,,,,BIN 1
2403,22050,Gua,Mia,,80,,,BIN 2
2404,22050,Gua,Mia,,73,,,BIN 3
2405,21460,,,,,,2 AVI,BIN 1
2406,21460,,,,11,,"7 priority ",BIN 2
2407,21460,,,,40,,,BIN 3
2408,21636,,,,48,,,BIN 2
2409,21636,,,,,,,BIN 4
2410,20319,Gua,Pty,,65,,,BIN 2
2411,20319,Gua,Pty,,36,,,BIN 3
2412,21802,Gua,Mex,13,62,,,BIN 1
2413,21802,Gua,Mex,,6,,,BIN 2
2414,22242,GUA,MIA,,2,,,BIN 1
2415,22242,GUA,MIA,,110,,,BIN 2
2416,22242,GUA,MIA,,62,266,,BIN 3
2417,22451,GUA,JFK,,33,,,BIN 2
2418,22451,GUA,JFK,,74,,,BIN 3
2419,22451,GUA,JFK,,22,,,BIN 4
2420,20589,Gua,Sjo,,30,,,BIN 1
2421,20589,Gua,Sjo,,21,,,BIN 2
2422,21962,Gua,Dfw,,99,,,BIN 2
2423,21962,Gua,Dfw,,85,,,BIN 3
2424,22247,Gua,Mia,,98,,"10 priority ",BIN 2
2425,21807,Gua,Mex,13,39,,,BIN 1
2426,21807,,,,,,,BIN 2
2427,22456,Gua,Jfk,2,79,,,BIN 1
2428,22456,Gua,Jfk,,35,,5 comat,BIN 3
2429,22130,Gua,Mia,,18,,,BIN 1
2430,22130,Gua,Mia,,64,,,BIN 3
2431,22060,Gua,Mia,2,10,,,BIN 1
2432,22060,Gua,Mia,,97,,,BIN 2
2433,22060,Gua,Mia,,70,,,BIN 3
2434,20749,,,,,,,BIN 4
2435,21967,Gua,Dfw,,97,,,BIN 2
2436,21967,Gua,Dfw,,102,,,BIN 3
2437,21812,Gua,Mex,9,61,,,BIN 1
2438,22252,,,,,,,BIN 1
2439,22252,Gua,DFW,,93,,10 Priority,BIN 2
2440,22252,Gua,Dfw,,57,68,,BIN 3
2441,22461,Gua,Jfk,3,39,,,BIN 1
2442,22461,,,,,,,BIN 2
2443,22461,Gua,Jfk,,65,,,BIN 3
2444,22461,Gua,Jfk,,30,,,BIN 4
2445,22065,,,14,,,,BIN 1
2446,22065,,,,61,150,,BIN 2
2447,22065,,,,62,,"8 priority ",BIN 3
2448,22132,Gua,Mia,,95,,,BIN 2
2449,22132,Gua,Mia,,72,,,BIN 3
2453,20334,,,,,,,BIN 1
2454,20334,,,,,49,"15 priority ",BIN 2
2455,20334,,,,,,"33 priority ",BIN 3
2456,21817,Gua,Mex,7,13,17,,BIN 1
2457,21817,Gua,Mex,,47,,,BIN 2
2458,21363,GUA,PTY,,15,96,,BIN 2
2459,21363,GUA,PTY,,93,,,BIN 3
2460,22257,Gua,Mia,,81,,"17 priority ",BIN 2
2461,22257,Gua,Mia,,41,78,6,BIN 3
2462,22069,,,8,,,,BIN 1
2463,22069,,,,16,25,74,BIN 2
2464,22069,,,,65,,,BIN 3
2465,21972,Gua,Dfw,,97,,,BIN 2
2466,21972,Gua,Dfw,,97,,,BIN 3
2467,22134,Gua,Mua,,46,,,BIN 2
2468,22134,Gua,Mia,,130,,,BIN 3
2469,21976,Gua,Dfw,,87,,,BIN 2
2470,21976,Gua,Dfw,,87,14,,BIN 3
2471,20467,Gua,Pty,,69,,,BIN 2
2472,20467,Gua,Pty,,,206,,BIN 3
2473,22136,Gua,Mia,,62,,,BIN 2
2474,22136,Gua,Mia,,99,,,BIN 3
2475,20338,,,,29,,28 priority,BIN 2
2476,20338,,,,36,,34 priority,BIN 3
2477,21821,Gua,Mex,7,64,,,BIN 1
2478,22466,Gua,Jfk,,36,,,BIN 3
2479,22466,Gua,Jfk,,32,,,BIN 4
2480,22261,GUA,MIA,8,12,,,BIN 1
2481,22261,GUA,MIA,,111,,,BIN 2
2482,22261,GUA,MIA,,,159,,BIN 3
2483,20470,,,30,,,,BIN 1
2484,20470,,,,68,,,BIN 2
2485,20470,,,,,295,,BIN 3
2486,20607,,,5,7,,,BIN 1
2487,20607,,,,35,,"9 priority ",BIN 2
2488,21980,,,,94,26,"4 priority ",BIN 2
2489,21980,,,,80,,"15 priority ",BIN 3
2490,22138,,,8,,,,BIN 1
2491,22138,,,,91,,"8 priority ",BIN 2
2492,22138,,,,57,4,,BIN 3
2493,21825,Gua,Mex,20,52,,,BIN 1
2494,21825,Gua,Mex,,,30,,BIN 2
2495,22207,Gua,Ord,,91,,,BIN 3
2496,22474,GUA,JFK,,79,,,BIN 1
2497,22474,GUA,JFK,,45,,,BIN 3
2498,22265,Gua,Mia,13,1,,,BIN 1
2499,22265,Gua,Mia,,98,,,BIN 2
2500,20611,,,1,11,,,BIN 1
2501,20611,,,,8,,26,BIN 2
2502,21984,,,,90,,"20 priority ",BIN 2
2503,21984,,,,53,56,"3 priority ",BIN 3
2504,20346,Gua,Pty,,67,,33,BIN 2
2505,20346,Gua,Pty,,33,,,BIN 3
2506,22140,,,,59,9,1 priority,BIN 2
2507,22140,,,,108,,16 priority,BIN 3
2508,22269,Gua,Mia,,70,,18 prioritys,BIN 2
2509,21829,GUA,MEX,9,67,,,BIN 1
2510,22478,Gua,Jfk,,51,,,BIN 1
2511,22478,Gua,Jfk,,47,,,BIN 3
2512,22478,Gua,Jfk,,10,,,BIN 4
2513,22051,Gua,Mia,,95,,,BIN 2
2514,22051,Gua,Mia,,35,92,,BIN 3
2515,20585,,,,30,,,BIN 1
2516,20585,,,,9,230,"10 priority ",BIN 2
2517,20585,,,,28,79,"2 priority ",BIN 3
2518,21461,,,,80,,,BIN 2
2519,21461,,,,3,,,BIN 3
2520,21461,,,,,,,BIN 4
2521,21637,,,,70,,,BIN 2
2522,21637,,,,46,,,BIN 3
2523,21637,,,,,,,BIN 4
2524,20320,Gua,Pty,,60,,,BIN 2
2525,20320,Gua,Pty,,48,,,BIN 3
2526,21803,Gua,Mex,8,58,,,BIN 1
2527,21803,Gua,Mex,,,2,,BIN 2
2528,22243,GUA,MIA,,109,,,BIN 2
2529,22243,GUA,MIA,,67,41,,BIN 3
2530,20458,,,,19,,,BIN 1
2531,20458,,,,59,,"13 priority ",BIN 2
2532,22056,Gua,Mia,,96,,,BIN 2
2533,22056,Gua,Mia,,86,,,BIN 3
2534,20745,,,,14,,66,BIN 2
2535,20745,,,,32,,,BIN 3
2536,21466,,,11,,,,BIN 1
2537,21466,,,,88,,,BIN 2
2538,21466,,,,,,,BIN 3
2539,21466,,,,,,,BIN 4
2540,21466,,,,,,,BIN 5
2541,21640,,,14,,,,BIN 1
2542,21640,,,,63,,,BIN 2
2543,20325,Gua,Pty,,,1,,BIN 1
2544,20325,Gua,Pty,,75,,,BIN 2
2545,20325,Gua,Pty,,63,,,BIN 3
2546,21808,GUA,MEX,9,11,,,BIN 1
2547,21808,GUA,MEX,,26,,,BIN 2
2548,21808,GUA,MEX,,,2,,BIN 3
2549,22248,,,,,,,BIN 1
2550,22248,Gua,Mia,,108,,9 Priority,BIN 2
2551,22248,Gua,Mia,,23,16,15 Priority,BIN 3
2552,22457,,,,,,,BIN 2
2553,20595,Gua,Sjo,1,29,,,BIN 1
2554,20595,Gua,Sjo,,2,1,,BIN 2
2555,20595,Gua,Pty,,2,,,BIN 3
2556,21471,Gua,Mex,,99,,,BIN 2
2557,21968,Gua,Dfw,,90,,,BIN 2
2558,21968,Gua,Dfw,,60,18,,BIN 3
2559,22177,Gua,Mia,11,18,,,BIN 1
2560,22177,Gua,Mia,,111,,,BIN 2
2561,22177,Gua,Mia,,37,98,,BIN 3
2562,22253,Gua,Dfw,15,,,,BIN 1
2563,22253,Gua,Dfw,,116,,,BIN 2
2564,22253,Gua,Dfw,,50,1,,BIN 3
2565,21813,Gua,Mex,10,38,,,BIN 1
2566,21813,Gua,Mex,,25,4,,BIN 2
2567,22462,Gua,Jfk,2,36,,,BIN 1
2568,22462,Gua,Jfk,,90,,,BIN 2
2569,20755,Gua,Pty,15,15,,,BIN 1
2570,20755,Gua,Pty,,45,126,,BIN 2
2571,20755,Gua,Pty,,28,,,BIN 3
2572,21973,Gua,Dfw,10,,,,BIN 1
2573,21973,Gua,Dfw,,77,,,BIN 2
2574,21973,Gua,Dfw,,93,149,,BIN 3
2575,21647,Gua,Mex,,,,15,BIN 4
2576,22066,,,,4,,,BIN 1
2577,22066,,,,109,,,BIN 2
2578,22066,,,,,170,,BIN 3
2579,21364,Gua,Pty,,5,,10 Priority,BIN 2
2580,21364,Gua,Pty,,23,,,BIN 3
2581,21818,Gua,Mex,10,,,,BIN 1
2582,21818,Gua,Mex,,61,,,BIN 2
2583,21818,Gua,Mex,,,5,,BIN 3
2584,22180,Gua,Mia,,108,,,BIN 2
2585,22180,Gua,Mia,,46,126,,BIN 3
2586,22467,Gua,Jfk,,87,,,BIN 1
2587,22467,Gua,Jfk,,36,,,BIN 3
2588,20910,,,,,,,BIN 1
2589,22070,,,,86,,,BIN 2
2590,22070,,,,45,94,,BIN 3
2591,20604,Gua,Sjo,7,19,,,BIN 1
2592,20604,Gua,Sjo,,,2,,BIN 2
2593,20604,Gua,Pty,,16,,,BIN 3
2596,20339,,,,21,,44,BIN 2
2597,20339,,,,24,,41,BIN 3
2598,21822,Gua,Mex,6,47,,,BIN 1
2599,21366,GUA,PTY,,30,,,BIN 2
2600,21366,GUA,PTY,,49,,,BIN 3
2601,21977,Gua,Dfw,,83,,,BIN 2
2602,21977,Gua,Dfw,,67,,,BIN 3
2603,22262,,,,,,,BIN 1
2604,22262,GUA,MIA,,90,,12 PRIORITY,BIN 2
2605,22262,GUA,MIA,,35,81,4 PRIORITY,BIN 3
2606,22471,GUA,JFK,,75,,,BIN 1
2607,22471,GUA,JFK,,61,,,BIN 3
2608,22182,Gua,Mia,,111,,,BIN 2
2609,22182,Gua,Mia,,59,90,,BIN 3
2610,20471,Gua,Pty,,30,,,BIN 1
2611,20471,Gua,Pty,,30,15,,BIN 2
2612,20471,Gua,Pty,,,138,,BIN 3
2613,22074,,,24,,,,BIN 1
2614,22074,,,,99,,,BIN 2
2615,22074,,,,59,101,,BIN 3
2616,21981,Gua,Dfw,,106,,,BIN 2
2617,21981,Gua,Dfw,,84,47,,BIN 3
2618,20343,,,,53,,17,BIN 2
2619,20343,,,,50,,12,BIN 3
2620,22184,Gua,Mia,,13,,87,BIN 2
2621,22184,Gua,Mia,,25,81,,BIN 3
2622,22266,Gua,Dfw,,20,,80,BIN 2
2623,22266,Gua,Dfw,,59,81,,BIN 3
2624,21826,GUA,MEX,12,28,,,BIN 1
2625,22475,Gua,JfK,,61,,,BIN 1
2626,22475,Gua,Jfk,,34,,,BIN 3
2627,22475,Gua,Jfk,,27,,,BIN 4
2628,20612,,,2,,,,BIN 1
2629,20612,,,,31,,5,BIN 2
2630,20767,GUA,PTY,,65,,"5 equipaje priority ",BIN 2
2631,21488,,,14,,,,BIN 1
2632,21488,,,,80,,,BIN 2
2633,21488,,,,7,70,,BIN 3
2634,22186,GUA,MIA,10,,,,BIN 1
2635,22186,GUA,MIA,,94,,"6 equipaje priority ",BIN 2
2636,22186,GUA,MIA,,35,82,,BIN 3
2637,21659,,,,78,,,BIN 2
2638,21659,,,,,,,BIN 4
2639,20347,Gua,Pty,,66,,3,BIN 3
2640,21830,Gua,Mex,10,43,,,BIN 1
2641,22270,GUA,MIA,,84,,,BIN 2
2642,22270,GUA,MIA,,43,27,,BIN 3
2643,22479,Gua,Jfk,,62,,,BIN 1
2644,20741,GUA,PTY,,61,17,"24 priority ",BIN 2
2645,20741,GUA,PTY,,24,,"10 priority ",BIN 3
2646,20586,GUA,PTY,3,12,,,BIN 1
2647,21462,GUA,MEX,,80,,,BIN 2
2648,21462,GUA,MEX,,13,,"1 priority ",BIN 3
2649,21462,GUA,MEX,,,,,BIN 4
2650,21959,GUA,DFW,,84,,"18 equipaje priority ",BIN 2
2651,21959,GUA,DFW,,65,,,BIN 3
2652,20321,Gua,Pty,,61,,24,BIN 2
2653,24105,Gua,Pty,,,9,,BIN 1
2654,24105,Gua,Pty,,36,,"10 priority ",BIN 2
2655,21804,GUA,MEX,8,64,,,BIN 1
2656,21804,GUA,MEX,,20,2,,BIN 2
2657,20591,G,,,,,,BIN 3
2658,20459,GUA,PTY,,55,,"05 priority ",BIN 2
2659,20459,GUA,PTY,,,80,,BIN 3
2660,21467,GUA,MEX,,73,,,BIN 2
2661,21467,GUA,MEX,,,173,,BIN 3
2662,21467,GUA,MEX,,,,"3 priority ",BIN 4
2663,21641,GUA,MEX,10,,,,BIN 1
2664,21641,GUA,MEX,,60,,,BIN 2
2665,21641,GUA,MEX,,28,,,BIN 3
2666,22249,Gua,Mia,,,2,,BIN 1
2667,22249,Gua,Mia,,90,,"10 priority ",BIN 2
2668,22249,Gua,Mia,,71,41,,BIN 3
2669,20746,Gua,Pty,,,3,,BIN 1
2670,20746,Gua,Pty,,65,,,BIN 2
2671,20746,Gua,Pty,,47,,,BIN 3
2672,20326,Gua,Pty,,70,,,BIN 2
2673,20326,Gua,Pty,,44,,,BIN 3
2674,22057,Gua,Mia,,18,,,BIN 1
2675,22057,Gua,Mia,,90,,,BIN 2
2676,22057,Gua,Mia,,70,7,,BIN 3
2677,21809,GUA,MEX,2,54,2,,BIN 1
2678,22458,Gua,Jfk,,74,,,BIN 1
2679,22458,Gua,Jfk,,42,,"2 priority ",BIN 3
2680,20464,GUA,PTY,,12,66,"3 priority ",BIN 2
2681,20464,GUA,PTY,,29,,,BIN 3
2682,22062,Gua,Mia,,104,,,BIN 2
2683,22062,Gua,Mia,,45,74,,BIN 3
2684,20751,GUA,PTY,,54,,"6 priority ",BIN 2
2685,20751,GUA,PTY,,20,,"13 priority ",BIN 3
2686,21472,GUA,MEX,,80,,,BIN 2
2687,21472,GUA,MEX,,32,,,BIN 3
2688,21472,GUA,MEX,,,,,BIN 4
2689,21814,Gua,Mex,,,3,,BIN 2
2690,22254,Gua,Mia,,61,65,,BIN 2
2691,22254,Gua,Mia,,73,,"10 priority ",BIN 3
2692,20331,Gua,Pty,,26,,,BIN 3
2693,22463,Gua,Jfk,,71,,,BIN 1
2694,22463,Gua,Jfk,,58,,,BIN 3
2695,20601,Gua,Pty,1,5,,,BIN 1
2696,22067,GUA,MIA,,9,,,BIN 1
2697,22067,GUA,MIA,,96,,"14 equipaje priority ",BIN 2
2698,21974,Gua,Dfw,15,,,,BIN 1
2699,21974,Gua,Dfw,,81,,,BIN 2
2700,21974,Gua,Dfw,,56,2,,BIN 3
2701,22181,Gua,Mia,,77,85,,BIN 2
2702,22181,Gua,Mia,,89,,,BIN 3
2703,20336,GUA,PTY,,9,2,"6 equipaje priority ",BIN 2
2704,20336,GUA,PTY,,73,,,BIN 3
2705,22259,Gua,Dfw,,29,91,,BIN 3
2706,21819,Gua,Mex,11,56,,,BIN 1
2707,21365,Gua,Pty,,5,,"5 priority ",BIN 2
2708,21365,Gua,Pty,,31,,"3 priority ",BIN 3
2709,22468,Gua,Jfk,,58,,,BIN 1
2710,22468,,,,,,,BIN 2
2711,22468,Gua,Jfk,,,,,BIN 3
2712,22468,Gua,Jfk,,23,,,BIN 4
2713,22365,,,,,,,BIN 1
2714,22365,,,,,,,BIN 2
2715,22365,,,,,,,BIN 3
2716,22365,,,,,,,BIN 4
2717,20760,GUA,PTY,,40,45,"10 equipaje priority ",BIN 2
2718,20760,GUA,PTY,,67,,,BIN 3
2719,21481,Gua,Mex,16,4,,,BIN 1
2720,22071,Gua,Mia,,94,,,BIN 2
2721,22071,Gua,Mia,,63,94,,BIN 3
2722,21652,Gua,Mex,,54,,,BIN 2
2723,21652,Gua,Mex,,,71,,BIN 3
2724,20340,GUA,PTY,,56,,"14 equipaje priority ",BIN 2
2725,21367,Gua,Pty,,41,,14 Prioritys,BIN 2
2726,21367,Gua,Pty,,35,,,BIN 3
2727,22263,Gua,Dfw,,18,,89,BIN 2
2728,22263,Gua,Dfw,,8,99,36,BIN 3
2729,21978,Gua,Dfw,,94,,,BIN 2
2730,21978,Gua,Dfw,,71,,,BIN 3
2731,22183,Gua,Mia,,75,,,BIN 2
2732,22183,Gua,Mia,,85,94,,BIN 3
2733,20609,GUA,SJO,2,17,,,BIN 1
2734,20609,GUA,SJO,,,60,,BIN 3
2735,20609,GUA,PTY,,4,,,BIN 4
2736,22075,GUA,MIA,,91,,18 priority,BIN 2
2737,22075,GUA,MIA,,46,77,,BIN 3
2738,21982,GUA,DFW,,10,,,BIN 1
2739,21982,GUA,DFW,,65,37,,BIN 3
2740,22185,GUA,MIA,,59,75,,BIN 2
2741,22185,GUA,MIA,,89,,"15 equipaje priority ",BIN 3
2742,20344,GUA,PTY,,81,,"4 priority ",BIN 2
2743,20344,GUA,PTY,,28,,"9 priority ",BIN 3
2744,24679,0,0,0,0,0,0,BIN 1
2745,24679,0,0,,0,0,0,BIN 2
2746,24679,0,0,,0,0,0,BIN 3
2747,24679,0,0,,0,0,0,BIN 4
2748,24679,0,0,,0,0,0,BIN 5
2749,20472,Gua,Pty,,,67,,BIN 2
2750,20472,Gua,Pty,,20,,,BIN 3
2751,20472,Gua,Pty,,15,,,BIN 4
2752,21485,Gua,Mex,19,,,,BIN 1
2753,21485,Gua,Mex,,51,,,BIN 2
2754,21485,Gua,Mex,,,51,,BIN 3
2755,21485,Gua,Mex,,,19,,BIN 4
2756,21656,Gua,Mex,21,,,,BIN 1
2757,21656,Gua,Mex,,97,,,BIN 2
2758,21656,Gua,Mex,,124,125,,BIN 3
2759,21656,Gua,Mex,,,4,,BIN 4
2760,22267,Gua,Mia,,98,,"23 priority ",BIN 2
2761,22267,Gua,Mia,,54,102,,BIN 3
2762,22476,Gua,Jfk,3,76,,,BIN 1
2763,22476,Gua,Jfk,,59,,,BIN 3
2764,20476,Gua,Pty,,80,,,BIN 2
2765,20476,Gua,Pty,,,65,,BIN 3
2766,22079,GUA,MIA,,89,,"8 priority ",BIN 2
2767,22079,GUA,MIA,,47,33,"12 priority ",BIN 3
2768,20613,,,,,,,BIN 2
2769,20613,GUA,PTY,,3,,"1 equipaje priority ",BIN 3
2770,20768,Gua,Pty,,70,,,BIN 2
2771,20768,Gua,Pty,,61,,,BIN 3
2772,21489,Gua,Mex,,,7,,BIN 1
2773,21489,Gua,Mex,,,64,,BIN 2
2774,21489,Gua,Mex,,81,,,BIN 3
2775,21489,Gua,Mex,,20,,,BIN 4
2776,21986,GUA,DFW,,74,,,BIN 2
2777,21986,GUA,DFW,,44,38,"23 equipaje priority ",BIN 3
2778,22187,GUA,MIA,,50,20,,BIN 3
2779,22271,GUA,MIA,,90,,,BIN 2
2780,22271,GUA,MIA,,62,46,,BIN 3
2781,21660,Gua,Mex,,94,,,BIN 2
2782,21660,Gua,Mex,,,61,,BIN 3
2783,21831,Gua,Mex,13,64,,,BIN 1
2784,21831,Gua,Mex,,,56,,BIN 2
2785,20348,Gua,Pty,,72,,"13 prioritys ",BIN 2
2786,20742,GUA,PTY,,60,,"15 priority ",BIN 2
2787,20742,GUA,PTY,,38,,"9 priority ",BIN 3
2788,21960,GUA,DFW,,84,,16 priority,BIN 2
2789,21960,GUA,DFW,,62,,8 priority,BIN 3
2790,20587,GUA,SJO,,30,,,BIN 1
2791,20587,GUA,PTY,,9,,"3 equipaje priority ",BIN 3
2792,22173,GUA,MIA,,90,,20 priority,BIN 2
2793,22173,GUA,MIA,,47,,7 priority,BIN 3
2794,21463,GUA,MEX,13,,,,BIN 1
2795,21463,GUA,MEX,,79,,"1 equipaje priority ",BIN 2
2796,21463,GUA,MEX,,12,,,BIN 3
2797,22245,Gua,Mia,,70,10,"12 priority ",BIN 2
2798,22245,Gua,Mia,,35,,,BIN 3
2799,21357,Gua,Pty,,31,,"4 prioritys ",BIN 2
2800,21357,Gua,Pty,,11,,,BIN 3
2801,22454,Gua,Jfk,,65,,,BIN 3
2802,22454,Gua,Jfk,,17,,,BIN 4
2803,21805,GUA,MEX,13,66,,,BIN 1
2804,21805,GUA,MEX,,3,,,BIN 2
2805,20592,GUA,SJO,,29,,"5 priority ",BIN 2
2806,20747,GUA,PTY,,33,24,"7 priority ",BIN 2
2807,21965,GUA,DFW,11,4,,,BIN 1
2808,21965,GUA,DFW,,97,,"6 priority ",BIN 2
2809,21965,GUA,DFW,,49,,"5 priority ",BIN 3
2810,22176,GUA,MIA,,,16,,BIN 1
2811,22176,GUA,MIA,,85,,18 priority,BIN 2
2812,22176,GUA,MIA,,82,,11 priority,BIN 3
2813,21468,GUA,MEX,,20,,,BIN 1
2814,21468,GUA,MEX,,36,87,,BIN 2
2815,21468,GUA,MEX,,,168,,BIN 3
2816,21468,GUA,MEX,,,,"9 equipaje priority ",BIN 4
2817,21642,GUA,MEX,10,,,,BIN 1
2818,21642,GUA,MEX,,32,41,,BIN 2
2819,21642,GUA,MEX,,,190,,BIN 3
2820,20460,GUA,PTY,1,16,,,BIN 1
2821,20460,GUA,PTY,,,12,,BIN 2
2822,21810,GUA,MEX,4,62,,,BIN 1
2823,22459,Gua,Jfk,,70,,,BIN 1
2824,22459,Gua,Jfk,,54,,,BIN 3
2825,22459,Gua,Jfk,,9,,,BIN 4
2826,22063,Gua,Mia,,93,,,BIN 2
2827,22063,Gua,Mia,,51,88,,BIN 3
2828,21473,GUA,MEX,10,,,,BIN 1
2829,21473,GUA,MEX,,89,,,BIN 2
2830,21473,GUA,MEX,,,208,,BIN 3
2831,20465,GUA,PTY,3,27,,,BIN 1
2832,20465,GUA,PTY,,7,3,,BIN 2
2833,20465,GUA,PTY,,,45,,BIN 3
2834,20752,GUA,PTY,5,,,,BIN 1
2835,20752,GUA,PTY,,78,,,BIN 3
2836,22250,Gua,Dfw,,55,45,,BIN 3
2837,21361,Gua,Pty,,16,,4 priority,BIN 2
2838,21361,Gua,Pty,,62,,,BIN 3
2839,21815,GUA,MEX,5,60,,,BIN 1
2840,21815,GUA,MEX,,,3,,BIN 2
2841,22255,Gua,Mia,,89,,18 Priority,BIN 2
2842,22255,Gua,MIa,,36,,5 Priority,BIN 3
2843,20332,Gua,Pty,,45,,,BIN 2
2844,20332,Gua,Pty,,67,,,BIN 3
2845,22464,Gua,Jfk,,77,,,BIN 1
2846,22464,Gua,Jfk,,42,,,BIN 3
2847,25219,GUA,PTY,,30,,,BIN 1
2848,25219,GUA,PTY,,41,13,9 priority / 1 rush,BIN 2
2849,25219,GUA,PTY,,,130,,BIN 3
2850,25816,GUA,PTY,,,,,BIN 1
2851,25816,GUA,PTY,,44,,16 priority,BIN 2
2852,25816,GUA,PTY,,54,,14 priority,BIN 3
2853,24168,GUA,MEX,17,,,,BIN 1
2854,24168,GUA,MEX,,69,20,,BIN 2
2855,24168,GUA,MEX,,10,60,,BIN 3
2856,24342,GUA,MEX,,20,20,,BIN 1
2857,24342,GUA,MEX,,25,,2 premier,BIN 2
2858,24342,,,,,,,BIN 3
2859,24342,,,,,,,BIN 4
2860,24342,,,,,,,BIN 5
2861,24518,Gua,Mex,,15,,,BIN 2
2862,24812,GUA,PTY,,25,,,BIN 1
2863,24812,GUA,PTY,,14,,,BIN 2
2864,24812,GUA,PTY,,,34,,BIN 3
2865,26080,GUA,SDQ,,64,,,BIN 2
2866,26080,GUA,SDQ,,62,,,BIN 3
2867,23144,Gua,Mia,,79,,,BIN 2
2868,23144,Gua,Mia,,87,73,,BIN 3
2869,23108,Gua,Mia,3,34,50,,BIN 1
2870,23108,Gua,Mia,,70,,"10 priority ",BIN 3
2871,23522,GUA,JFK,2,54,,,BIN 1
2872,23522,GUA,JFK,,45,,,BIN 3
2873,23522,GUA,JFK,,35,,,BIN 4
2874,23145,Gua,Mia,,50,21,,BIN 2
2875,23145,Gua,Mia,,106,,,BIN 3
2876,23073,Gua,Dfw,,,3,,BIN 1
2877,23073,Gua,Dfw,,98,,,BIN 2
2878,23073,Gua,Dfw,,76,,,BIN 3
2879,25821,GUA,PTY,,25,,,BIN 1
2880,25821,GUA,PTY,,42,22,"4 equipaje priority ",BIN 2
2881,25821,GUA,PTY,,,193,,BIN 3
2882,24931,GUA,PTY,11,14,,,BIN 1
2883,24817,Gua,Pty,5,15,,,BIN 1
2884,24817,Gua,Pty,,34,,,BIN 2
2885,24817,Gua,Pty,,,195,,BIN 3
2886,23091,Gua,Mia,18,,,,BIN 1
2887,23091,Gua,Mia,,98,,,BIN 2
2888,23091,Gua,Mia,,62,13,,BIN 3
2889,23523,Gua,Jfk,,70,,,BIN 1
2890,23523,Gua,Jfk,,53,,,BIN 3
2891,23523,Gua,Jfk,,12,,,BIN 4
2892,24523,Gua,Mex,,20,25,1 avi,BIN 1
2893,24523,Gua,Mex,,35,,"9 priority ",BIN 2
2894,25994,Gua,Sjo,2,28,,,BIN 1
2895,25994,Gua,Pty,,1,35,,BIN 2
2896,25994,Gua,Sjo,,1,3,,BIN 3
2897,23146,GUA,MIA,10,,,,BIN 1
2898,23146,GUA,MIA,,84,,,BIN 2
2899,23146,GUA,MIA,,61,72,"16 equipajes PRIORITY ",BIN 3
2900,25826,,,,,,,BIN 1
2901,23074,Gua,Dfw,,89,,,BIN 2
2902,23074,Gua,Dfw,,77,,,BIN 3
2903,23092,Gua,Mia,,103,,,BIN 2
2904,23092,Gua,Mia,,70,47,,BIN 3
2905,24528,Gua,Mex,6,63,,,BIN 1
2906,23524,Gua,Jfk,,69,,,BIN 1
2907,23524,Gua,Jfk,,28,,,BIN 3
2908,23524,Gua,Jfk,,33,,,BIN 4
2909,25232,Gua,Pty,,99,,,BIN 2
2910,25998,GUA,SJO,,30,,,BIN 1
2911,25998,GUA,SJO,,17,,,BIN 2
2912,25998,GUA,SJO,,3,,,BIN 3
2913,23147,GUA,MIA,,100,,"10 priority ",BIN 2
2914,23147,GUA,MIA,,56,49,"10 priority ",BIN 3
2915,25830,Gua,Pty,,,1,,BIN 1
2916,25830,Gua,Pty,,90,,,BIN 2
2917,25830,Gua,Pty,,45,,,BIN 3
2918,24181,Gua,Mex,11,,10,,BIN 1
2919,24181,Gua,Mex,,75,,,BIN 2
2920,24181,Gua,Mex,,,108,,BIN 3
2921,24181,Gua,Mex,,,17,,BIN 4
2922,23075,GUA,DFW,,90,,,BIN 2
2923,23075,GUA,DFW,,67,21,"17 equipaje priority ",BIN 3
2924,24940,GUA,PTY,,49,,"11 PRIORITY ",BIN 2
2925,24940,GUA,PTY,,50,,"11 priority ",BIN 3
2926,23093,GUA,MIA,,91,,13 equipaje priority,BIN 2
2927,23093,GUA,MIA,,66,,,BIN 3
2928,23111,Gua,Dfw,,108,,10 priority,BIN 2
2929,23111,Gua,Dfw,,32,51,,BIN 3
2930,24355,Gua,Mex,,61,,,BIN 2
2931,24355,Gua,Mex,,,31,,BIN 3
2932,24532,GUA,MEX,12,40,0,00,BIN 1
2933,24532,GUA,MEX,,0,0,00,BIN 2
2934,23525,GUA,JFK,,60,,,BIN 3
2935,23525,GUA,JFK,,31,,,BIN 4
2936,23525,GUA,JFK,,30,,,BIN 5
2937,25236,Gua,Pty,,60,,,BIN 2
2938,25236,Gua,Pty,,49,,,BIN 3
2939,26002,GUA,PTY,,2,,,BIN 1
2940,23148,GUA,MIA,,87,,"23 priority ",BIN 2
2941,23148,GUA,MIA,,43,47,"6 priority ",BIN 3
2942,25834,Gua,Pty,,70,,,BIN 2
2943,25834,Gua,Pty,,63,,,BIN 3
2944,23076,Gua,Dfw,,79,19,,BIN 2
2945,23076,Gua,Dfw,,68,,,BIN 3
2946,24185,GUA,AEE,4,,,,BIN 1
2947,24185,GUA,MEX,,,1,,BIN 3
2948,24359,GUA,MEX,8,40,,,BIN 1
2949,24944,GUA,PTY,,27,,28 priority,BIN 2
2950,24944,GUA,PTY,,44,,,BIN 3
2951,24536,Gua,Mex,13,56,,,BIN 1
2952,24821,Gua,Pty,,15,34,5,BIN 2
2953,24821,Gua,Pty,,36,,"7 priority ",BIN 3
2954,23112,GUA,MIA,,39,47,,BIN 2
2955,23112,GUA,MIA,,82,,,BIN 3
2956,26006,GUA,SJO,,30,,,BIN 1
2957,26006,GUA,SJO,,17,,11 priority,BIN 2
2958,26006,GUA,PTY,,7,124,,BIN 3
2959,26006,GUA,SJO,,,10,,BIN 4
2960,23526,GUA,JFK,,68,,,BIN 1
2961,23526,GUA,JFK,,65,,,BIN 3
2962,23077,GUA,DFW,,82,,"15 priority ",BIN 2
2963,23077,GUA,DFW,,31,18,"1 priority ",BIN 3
2964,23095,GUA,MIA,,75,,"14 priority ",BIN 2
2965,23095,GUA,MIA,,65,41,"3 priority ",BIN 3
2966,24540,Gua,Mex,0,64,0,00,BIN 1
2967,24540,Gua,Mex,,5,2,00,BIN 2
2968,23113,GUA,MIA,,88,,,BIN 2
2969,23113,GUA,MIA,,45,48,,BIN 3
2970,25240,GUA,PTY,2,18,,,BIN 1
2971,25240,GUA,PTY,,,8,,BIN 2
2972,25240,GUA,PTY,,23,,,BIN 3
2973,25838,GUA,PTY,,,,2 AVI,BIN 1
2974,25838,GUA,PTY,,101,,"4 equipaje priority ",BIN 2
2975,25838,GUA,PTY,,20,99,,BIN 3
2976,24189,GUA,MEX,,99,,,BIN 2
2977,24189,GUA,MEX,,,81,,BIN 3
2978,24363,GUA,MEX,7,38,,,BIN 1
2979,24363,,,,,,,BIN 2
2980,23527,Gua,Jfk,,74,,,BIN 1
2981,23527,Gua,Jfk,,49,,"3 priority ",BIN 3
2982,24193,GUA,MEX,10,,,,BIN 1
2983,24193,GUA,MEX,,80,,,BIN 2
2984,24193,GUA,MEX,,11,,,BIN 3
2985,23200,GUA,MIa,,57,,17 priority,BIN 2
2986,23200,GUA,MIA,,99,,,BIN 3
2987,26010,GUA,SJO,,30,,,BIN 1
2988,26010,GUA,SJO,,20,2,6 priority,BIN 2
2989,26010,GUA,PTY,,3,,,BIN 4
2990,24952,Gua,Pty,,61,,9,BIN 2
2991,23344,Gua,Dfw,,59,22,"12 priority ",BIN 2
2992,23344,Gua,Dfw,,77,,,BIN 3
2993,23272,GUA,MIA,,99,,,BIN 2
2994,23272,GUA,MIA,,43,81,,BIN 3
2995,24825,GUA,PTY,,35,,,BIN 2
2996,24825,GUA,PTY,,16,,,BIN 3
2997,25244,GUA,PTY,,15,,,BIN 1
2998,25244,GUA,PTY,,16,,,BIN 2
2999,25244,GUA,PTY,,,,,BIN 3
3000,25842,GUA,PTY,,84,,1 equipaje priority,BIN 2
3001,25842,GUA,PTY,,,,,BIN 3
3002,24367,GUA,MEX,11,59,,,BIN 1
3003,24544,Gua,Mex,3,57,2,,BIN 1
3004,24544,Gua,Mex,,10,,,BIN 2
3005,23584,GUA,JFK,,69,,,BIN 1
3006,23584,GUA,JFK,,35,,,BIN 3
3007,23584,GUA,JFK,,29,,,BIN 4
3008,25220,GUA,PTY,,20,,,BIN 1
3009,25220,GUA,PTY,,23,,15,BIN 2
3010,25220,GUA,PTY,,,110,,BIN 3
3011,23468,Gua,Mia,,103,,,BIN 2
3012,23468,Gua,Mia,,59,83,,BIN 3
3013,23468,Gua,Mia,,,1,,BIN 4
3014,24169,GUA,MEX,15,,,,BIN 1
3015,24169,GUA,MEX,,115,,,BIN 2
3016,24169,GUA,MEX,,,73,,BIN 3
3017,25817,GUA,PTY,,30,,,BIN 1
3018,25817,GUA,PTY,,24,1,"14 priority ",BIN 2
3019,25817,GUA,PTY,,,135,,BIN 3
3020,23180,,,,,,,BIN 1
3021,24343,GUA,MEX,7,62,,1 AVI,BIN 1
3022,23324,GUA,DFW,,40,,18 equipaje priority,BIN 2
3023,23324,GUA,DFW,,124,,2,BIN 3
3024,24813,Gua,Pty,,,53,,BIN 2
3025,24813,Gua,Pty,,46,,,BIN 3
3026,24519,GUA,MEX,5,67,,,BIN 1
3027,24519,GUA,MEX,,,2,,BIN 2
3028,23252,Gua,Mia,10,,,,BIN 1
3029,23252,Gua,Mia,,,138,"6 priority ",BIN 3
3030,24927,Gua,Pty,16,14,,,BIN 1
3031,24927,Gua,Pty,,74,,,BIN 2
3032,25224,GUA,PTY,,30,,,BIN 1
3033,25224,GUA,PTY,,41,,14,BIN 2
3034,25224,GUA,PTY,,,121,,BIN 3
3035,23472,Gua,Mia,,106,,,BIN 2
3036,23472,Gua,Mia,,16,50,,BIN 3
3037,25822,GUA,PTY,3,22,,,BIN 1
3038,25822,GUA,PTY,,,85,,BIN 2
3039,25822,GUA,PTY,,20,,58,BIN 3
3040,24174,GUA,MEX,,,10,,BIN 1
3041,24174,GUA,MEX,,,52,,BIN 2
3042,24174,GUA,MEX,,69,,,BIN 3
3043,24174,GUA,MEX,,,,"8 priority ",BIN 4
3044,24348,GUA,MEX,7,44,,,BIN 1
3045,24348,GUA,MEX,,,32,,BIN 2
3046,24932,GUA,PTY,10,15,,,BIN 1
3047,24932,GUA,PTY,,85,,,BIN 2
3048,24932,GUA,PTY,,44,,,BIN 3
3049,23328,GUA,DFW,,94,,,BIN 2
3050,23328,GUA,DFW,,69,9,,BIN 3
3051,23256,Gua,Mia,12,,,,BIN 1
3052,23256,Gua,Mia,,84,46,,BIN 2
3053,24524,Gua,Mex,3,51,,,BIN 1
3054,24524,Gua,Mex,,,25,,BIN 2
3055,25229,Gua,Pty,,15,,,BIN 1
3056,23476,GUA,MIA,,80,,"20 equipaje priority ",BIN 2
3057,25995,Gau,Sjo,12,18,,,BIN 1
3058,25995,Gua,Sjo,,25,,,BIN 2
3059,25995,,,,,,,BIN 3
3060,25995,Gua,Pty,,2,,,BIN 4
3061,23188,Gua,Mia,14,,,,BIN 1
3062,23188,Gua,Mia,,96,,,BIN 2
3063,23188,Gua,Mia,,59,,,BIN 3
3064,24352,Gua,Mex,11,49,,,BIN 1
3065,24352,Gua,Mex,,,58,,BIN 2
3066,24937,GUA,PTY,,3,,,BIN 1
3067,24937,GUA,PTY,,8,,18 equipaje priority PTY,BIN 2
3068,24937,GUA,PTY,,82,,,BIN 3
3069,23332,Gua,Dfw,,86,,20 priority,BIN 2
3070,23332,Gua,Dfw,,85,,,BIN 3
3071,23568,GUA,JFK,,97,,,BIN 1
3072,23568,GUA,JFK,,18,,,BIN 2
3073,24529,Gua,Mex,5,57,,,BIN 1
3074,24529,,,,,,,BIN 2
3075,23572,Gua,Jfk,,39,,,BIN 1
3076,23572,Gua,Jfk,,59,,"3 priority ",BIN 3
3077,23572,Gua,Jfk,,32,,,BIN 4
3078,23260,Gua,Mia,,61,43,18,BIN 2
3079,25831,Gua,Pty,,21,18,4,BIN 2
3080,25831,Gua,Pty,,83,,14,BIN 3
3084,23479,,,,,,,BIN 1
3085,23479,,,,,,,BIN 2
3086,23479,,,,,,"10 equipaje priority ",BIN 3
3087,25999,Gua,Sjo,7,23,,,BIN 1
3088,25999,Gua,Sjo,,34,,,BIN 2
3089,25999,Gua,Sjo,,,2,,BIN 3
3090,25999,Gua,Pty,,3,,,BIN 4
3091,24941,GUA,PTY,,81,,"14 equipaje priority ",BIN 2
3092,24941,GUA,PTY,,40,,,BIN 3
3093,24818,Gua,Pty,,5,,,BIN 2
3094,23263,Gua,Dfw,,90,,"19 priority ",BIN 2
3095,24533,Gua,Mex,4,66,,,BIN 1
3096,23335,Gua,Dfw,,81,,"19 priority ",BIN 2
3097,23335,Gua,Dfw,,52,,"4 priority ",BIN 3
3098,23191,Gua,Mia,12,4,,,BIN 1
3099,23191,Gua,Mia,,91,,,BIN 2
3100,23191,Gua,Mia,,43,,,BIN 3
3101,23575,Gua,Jfk,,63,,,BIN 1
3102,23575,Gua,Jfk,,50,,,BIN 3
3103,23575,Gua,Jfk,,9,,,BIN 4
3104,25237,Gua,Pty,3,,,,BIN 1
3105,25237,Gua,Pty,,60,,,BIN 2
3106,25237,Gua,Pty,,1,,,BIN 3
3107,26003,GUA,SJO,,30,,,BIN 1
3108,26003,GUA,SJO,,19,,"15 equipaje priority ",BIN 2
3109,26003,,,,,,,BIN 3
3110,26003,GUA,SJO,,1,,,BIN 4
3111,25835,Gua,Pty,,75,,,BIN 2
3112,25835,Gua,Pty,,38,,,BIN 3
3113,24186,Gua,Mex,,40,,,BIN 2
3114,24186,Gua,Mex,,47,,,BIN 3
3115,24186,Gua,Mex,,17,,,BIN 4
3116,23194,GUA,MIA,,57,,"30 equipaje priority ",BIN 2
3117,23194,GUA,MIA,,83,,,BIN 3
3118,26147,GUA,DFW,,93,,"19 priority ",BIN 2
3119,26147,GUA,DFW,,48,4,"5 priority ",BIN 3
3120,24822,GUA,PTY,,62,,"8 priority ",BIN 2
3121,24822,GUA,PTY,,15,,"5 priority ",BIN 3
3122,24360,Gua,Mex,8,66,,,BIN 1
3123,25241,Gua,Pty,,15,,,BIN 1
3124,25241,Gua,Pty,,62,,,BIN 2
3125,25241,Gua,Pty,,,109,,BIN 3
3126,26007,GUA,SJO,,30,,,BIN 1
3127,26007,GUA,SJO,,7,,"4 equipaje priority ",BIN 2
3128,26007,GUA,PTY,,3,,,BIN 4