no_correlativo,fase_1,fase_2,fase_3,fase_4,fase_5,fase_6,fase_7,fase_8,fase_9,fase_10,iniciada
60,False,False,False,False,False,False,False,False,False,False,True
74,False,False,False,False,False,False,False,False,False,False,True
791,False,False,False,False,False,False,False,False,False,False,True
2403,False,False,False,False,False,False,False,False,False,False,True
3829,False,False,False,False,False,False,False,False,False,False,True
3833,False,False,False,False,False,False,False,False,False,False,True
3885,True,False,False,False,False,False,False,False,False,False,True
3924,False,False,False,False,False,False,False,False,False,False,True
3925,False,False,False,False,False,False,False,False,False,False,True
4051,False,False,False,False,False,False,False,False,False,False,True
4327,True,True,True,True,True,True,True,True,True,True,True
4425,False,False,False,False,False,False,False,False,True,False,True
4432,False,False,False,False,False,False,False,False,False,False,True
4595,False,False,False,False,False,False,False,False,False,False,True
4599,True,False,False,False,False,False,False,False,False,False,True
4633,False,False,False,False,False,False,False,False,False,False,True
4735,False,False,False,False,False,False,False,False,False,False,True
5281,True,False,False,False,False,False,False,False,False,False,True
5290,False,False,False,False,False,False,False,False,False,False,True
5316,True,True,True,True,False,True,True,True,True,True,True
5317,True,True,True,True,False,True,True,True,True,True,True
5318,True,True,True,False,False,False,False,False,False,False,True
5332,True,True,True,True,False,True,True,True,True,True,True
5333,True,True,True,True,False,True,True,True,True,True,True
5365,True,True,True,True,False,True,True,True,True,True,True
5366,True,True,True,True,False,True,True,True,True,True,True
5367,True,True,True,True,False,True,True,True,True,True,True
5368,True,True,True,True,False,True,True,True,True,True,True
5370,True,True,True,True,False,True,True,True,True,True,True
5371,True,True,True,True,False,True,True,True,True,True,True
5372,True,True,False,False,False,False,False,False,False,False,True
5376,True,True,True,True,False,True,True,True,True,True,True
5380,True,True,True,True,False,False,True,True,False,True,True
5384,True,True,True,True,False,True,True,True,True,True,True
5449,True,True,True,True,False,True,True,True,True,True,True
5450,True,True,True,True,False,True,True,True,True,True,True
5451,True,True,True,True,False,True,True,True,True,True,True
5452,True,False,False,False,False,False,False,False,False,False,True
5454,True,True,True,True,False,True,True,True,True,True,True
5455,True,True,True,True,False,True,True,True,True,True,True
5456,True,True,True,True,False,True,True,True,True,True,True
5458,True,True,True,True,False,True,True,True,True,True,True
5459,True,True,True,True,False,True,True,True,True,True,True
5460,True,True,True,True,False,True,True,True,True,True,True
5462,True,True,True,True,False,True,True,True,True,True,True
5463,True,True,True,True,False,True,True,True,True,True,True
5464,True,True,True,True,False,True,True,True,True,True,True
5468,True,True,True,True,False,True,True,True,True,True,True
5516,True,True,True,True,False,True,True,True,True,True,True
5517,False,False,False,False,False,False,False,False,False,False,True
5518,True,True,True,True,False,True,True,True,True,True,True
5528,True,True,True,True,False,True,True,True,True,True,True
5529,True,True,True,True,False,True,True,True,True,True,True
5531,True,True,True,True,False,True,True,True,True,True,True
5540,False,False,False,False,False,False,False,False,False,False,True
5550,False,False,False,False,False,False,False,False,False,False,True
5552,True,True,True,True,False,True,True,True,True,True,True
5586,False,False,False,False,False,False,False,False,False,False,True
5618,False,False,False,False,False,False,False,False,False,False,True
5620,True,True,True,True,False,True,True,True,True,True,True
5623,True,True,True,True,False,True,True,True,True,True,True
5624,True,True,True,True,False,True,True,True,True,True,True
5625,True,True,True,True,False,True,True,True,True,True,True
5626,True,True,True,True,False,True,True,True,True,True,True
5627,True,True,True,True,False,True,True,True,True,True,True
5628,True,True,True,True,False,True,True,True,True,True,True
5629,True,True,True,True,False,True,True,True,True,True,True
5631,True,True,True,True,False,True,True,True,True,True,True
5632,True,True,True,True,False,True,True,True,True,True,True
5633,True,True,True,True,False,True,True,True,True,True,True
5635,True,True,True,True,False,True,True,True,True,True,True
5636,True,True,True,True,False,True,True,True,True,True,True
5637,True,True,True,True,False,True,True,True,True,True,True
5639,True,True,True,True,False,True,True,True,True,True,True
5640,True,True,True,True,False,True,True,True,True,True,True
5643,True,True,True,True,False,True,True,True,True,True,True
5644,True,True,True,True,False,True,True,True,True,True,True
5651,True,True,True,True,False,True,True,True,True,True,True
5652,True,True,True,True,False,True,True,True,True,True,True
5653,True,True,True,True,False,True,True,True,True,True,True
5655,True,True,True,True,False,True,True,True,True,True,True
5656,True,True,True,True,False,True,True,True,True,True,True
5657,True,True,True,True,False,True,True,True,True,True,True
5659,True,True,True,True,False,True,True,True,True,True,True
5660,True,True,True,True,False,True,True,True,True,True,True
5661,True,True,True,True,False,True,True,True,True,True,True
5663,True,True,True,True,False,True,True,True,True,True,True
5664,True,True,True,True,False,True,True,True,True,True,True
5665,True,True,True,True,False,True,True,True,True,True,True
5667,True,True,True,True,False,True,True,True,True,True,True
5669,True,True,True,True,False,True,True,True,True,True,True
5675,True,True,True,True,False,True,True,True,True,True,True
5676,True,True,True,True,False,True,True,True,True,True,True
5677,True,True,True,True,False,True,True,True,True,True,True
5687,True,True,True,True,False,True,True,True,True,True,True
5688,False,True,False,False,False,False,False,True,True,True,True
5767,True,True,True,True,False,True,True,True,True,True,True
5768,True,True,True,True,False,True,True,True,True,True,True
5772,False,False,False,False,False,False,False,False,False,False,True
5773,True,True,True,True,False,True,True,True,True,True,True
5775,False,False,False,False,False,False,False,False,False,False,True
5953,True,True,True,True,True,True,True,True,True,True,True
5959,True,True,True,True,True,True,True,True,True,True,True
5963,True,True,True,True,True,True,True,True,True,True,True
5964,True,True,True,True,True,True,True,True,True,True,True
5965,True,True,True,True,True,True,True,True,True,True,True
5968,True,False,True,True,True,True,True,True,True,True,True
5969,True,True,True,True,True,True,True,True,True,True,True
5971,True,True,True,True,True,False,True,True,False,True,True
5972,True,False,True,True,True,False,True,True,True,True,True
5973,True,True,True,True,True,True,True,True,True,True,True
6056,False,True,True,True,True,True,False,True,True,True,True
6059,True,True,True,True,True,True,True,True,True,True,True
6061,True,True,True,True,True,True,True,True,True,True,True
6067,True,True,True,True,True,True,True,True,True,True,True
6069,True,True,True,True,True,True,True,True,True,True,True
6070,False,False,False,False,False,False,False,False,False,False,True
6071,True,True,True,True,True,True,True,True,True,True,True
6145,True,True,False,True,False,False,False,False,False,False,True
6146,True,True,True,True,True,True,True,True,True,True,True
6156,True,True,True,True,True,True,True,True,True,True,True
6159,False,False,True,True,True,True,True,True,True,True,True
6160,True,True,True,True,True,True,True,True,False,True,True
6235,True,True,True,True,True,True,True,True,True,True,True
6237,True,True,True,True,True,True,True,True,True,False,True
6242,True,True,True,True,True,True,True,True,True,True,True
6250,True,True,True,True,True,True,True,True,True,True,True
6311,False,False,False,True,True,True,True,True,True,True,True
6319,True,True,True,True,True,True,True,True,True,True,True
6396,False,False,False,False,False,False,False,False,False,False,True
6397,True,True,True,True,True,True,True,True,True,True,True
6398,True,True,True,True,True,True,True,True,True,True,True
6403,True,True,True,True,True,True,True,True,True,True,True
6405,True,True,True,True,True,True,True,True,True,True,True
6409,True,True,True,True,True,True,True,True,True,True,True
6410,True,True,True,True,True,False,True,True,True,True,True
6413,True,True,True,True,True,True,True,True,True,True,True
6414,True,True,True,True,True,True,True,True,True,True,True
6415,True,True,True,True,True,True,True,True,True,True,True
6418,True,True,True,True,True,True,True,True,True,True,True
6419,True,True,True,True,True,True,True,True,True,True,True
6422,True,True,True,True,True,True,True,True,True,True,True
6423,True,True,True,True,True,True,True,True,True,True,True
6520,True,True,True,True,True,True,True,True,True,True,True
6522,True,True,True,True,True,True,True,True,False,True,True
6526,True,True,True,True,True,True,True,True,True,True,True
6533,True,True,True,True,True,True,True,True,True,True,True
6534,False,False,False,False,False,False,False,False,False,True,True
6605,True,True,True,True,True,True,True,True,True,True,True
6607,True,True,True,True,True,True,True,True,True,True,True
6609,True,False,True,True,True,True,False,True,True,True,True
6611,True,True,True,True,True,True,True,True,True,True,True
6613,True,True,True,True,True,True,True,True,False,True,True
6614,True,True,True,True,True,True,True,True,True,True,True
6617,True,True,True,True,True,True,True,True,True,True,True
6618,True,True,True,True,True,True,True,True,True,True,True
6619,True,True,True,True,True,True,True,True,True,True,True
6718,True,True,True,True,True,False,True,True,False,True,True
6723,True,True,True,True,True,True,True,True,True,True,True
6738,True,True,True,True,True,True,True,True,True,True,True
6739,False,False,False,False,False,False,False,False,False,True,True
6741,True,True,True,True,True,True,True,True,True,True,True
6867,True,True,True,True,True,True,True,True,True,True,True
6868,False,False,False,False,False,False,False,False,False,False,True
6879,True,True,True,True,True,True,True,True,True,True,True
6883,True,True,True,True,True,True,True,True,True,True,True
6884,True,True,False,False,False,False,False,False,False,False,True
6885,True,True,True,True,True,True,True,True,True,True,True
6887,True,True,True,True,True,True,True,True,True,True,True
6888,True,True,True,True,True,True,True,True,True,True,True
6889,True,True,True,True,True,True,True,True,True,True,True
6893,True,True,True,True,True,True,True,True,True,True,True
7018,True,True,True,True,True,True,True,True,True,False,True
7022,False,False,False,False,False,False,False,False,False,False,True
7039,True,True,True,True,True,True,True,True,True,True,True
7043,False,False,False,False,False,False,False,False,False,True,True
7167,True,True,True,True,True,True,True,True,True,True,True
7168,True,True,True,True,True,True,True,True,True,True,True
7177,True,True,True,True,True,False,False,True,False,True,True
7179,True,True,True,True,True,False,True,True,True,True,True
7181,True,True,True,True,True,True,True,True,True,True,True
7183,True,True,True,True,True,True,True,True,False,True,True
7184,True,True,True,True,True,True,True,True,True,True,True
7185,True,True,True,True,True,True,True,True,True,True,True
7187,True,True,True,True,True,True,True,True,True,True,True
7188,True,True,True,True,True,True,True,True,True,True,True
7189,True,True,True,True,True,True,True,True,True,True,True
7193,True,True,True,True,True,True,True,True,True,True,True
7346,False,False,False,False,False,False,False,False,False,False,True
7347,True,True,True,True,True,True,True,True,True,True,True
7349,True,True,True,True,True,True,True,True,True,True,True
7350,True,True,True,True,True,True,True,True,True,True,True
7356,True,True,True,True,True,True,True,True,True,True,True
7359,True,True,True,True,True,True,True,True,True,True,True
7361,True,True,True,True,True,True,True,True,True,True,True
7362,False,False,False,False,False,False,False,False,False,False,True
7363,True,True,True,True,True,True,True,True,True,True,True
7364,True,True,True,True,True,True,True,True,True,True,True
7367,True,True,True,True,True,True,True,True,True,True,True
7369,True,True,True,True,True,True,True,True,True,True,True
7371,True,True,True,True,True,True,True,True,False,True,True
7372,False,False,True,False,True,False,False,True,False,True,True
7373,True,True,True,True,True,True,True,True,True,True,True
7515,True,True,True,True,True,True,True,True,True,True,True
7517,True,True,True,True,True,True,True,True,True,True,True
7518,True,True,True,True,True,True,True,True,False,True,True
7524,True,True,True,True,True,True,True,False,True,True,True
7527,True,True,True,True,True,True,True,True,True,True,True
7529,True,True,True,True,True,True,True,True,True,True,True
7531,True,True,True,True,True,True,True,True,True,True,True
7532,True,True,True,True,True,False,True,True,True,True,True
7535,True,True,True,True,True,True,True,True,True,True,True
7536,True,False,True,True,True,True,True,True,True,True,True
7537,True,True,True,True,True,True,True,True,True,True,True
7539,True,True,True,True,True,True,True,True,True,True,True
7540,True,True,True,True,True,True,True,True,True,True,True
7541,True,True,True,True,True,True,True,True,True,True,True
7683,True,True,True,True,True,True,True,True,True,True,True
7685,False,False,True,True,False,True,True,True,False,True,True
7689,True,True,True,True,True,True,True,True,True,True,True
7693,True,True,True,True,True,True,True,True,True,True,True
7696,False,False,False,False,False,False,False,False,False,False,True
7705,True,True,True,True,True,True,True,True,True,True,True
7706,True,True,True,True,True,False,False,False,False,False,True
7708,False,False,False,False,False,False,False,False,False,True,True
7709,False,False,False,False,False,False,False,False,False,True,True
9094,True,True,True,True,True,True,True,True,True,True,True
9109,True,True,True,True,True,True,True,True,True,True,True
9110,True,True,True,True,True,True,True,True,True,True,True
9111,False,False,False,False,False,False,False,False,False,False,True
9113,True,True,True,True,True,True,True,True,True,True,True
9176,True,True,True,True,True,True,True,True,True,True,True
9178,False,False,False,False,False,False,False,False,False,False,True
9215,True,True,True,True,True,True,True,True,True,True,True
9216,False,False,False,False,False,False,False,False,False,True,True
9218,True,True,False,True,True,True,True,True,True,True,True
9220,True,False,True,True,True,False,True,True,False,True,True
9221,True,True,True,True,True,True,True,True,False,True,True
9224,True,True,True,True,True,True,True,True,True,True,True
9225,True,True,True,False,True,True,True,True,True,True,True
9228,True,True,True,True,True,True,True,True,True,True,True
9229,True,True,True,True,True,True,True,True,True,True,True
9231,True,True,True,True,True,True,True,True,True,True,True
9234,True,True,True,True,True,True,True,True,True,True,True
9288,True,True,True,True,True,True,True,True,True,True,True
9289,True,True,True,True,True,True,True,True,True,True,True
9290,True,True,True,True,True,True,True,True,True,True,True
9292,True,True,True,True,True,True,True,True,True,True,True
9294,True,True,True,True,True,True,True,True,True,True,True
9296,True,True,True,True,True,True,True,True,True,True,True
9297,True,True,True,True,True,True,True,True,True,True,True
9298,True,True,True,True,True,True,True,True,True,True,True
9299,True,True,True,True,True,True,True,True,True,True,True
9301,True,True,True,True,True,True,True,True,True,True,True
9302,True,True,True,True,True,True,True,True,True,True,True
9303,True,True,True,True,True,True,True,True,True,True,True
9305,True,True,True,True,True,True,True,True,True,True,True
9306,True,True,True,True,True,True,True,True,True,True,True
9307,True,True,True,True,True,True,False,True,True,True,True
9309,True,True,True,True,True,True,True,True,True,True,True
9310,True,True,True,True,True,True,True,True,True,True,True
9366,True,True,True,True,True,True,True,True,True,True,True
9367,True,True,True,True,True,True,True,True,True,True,True
9370,True,True,True,True,True,True,True,True,True,True,True
9372,False,False,False,False,False,False,False,False,False,False,True
9374,True,True,True,True,True,True,True,True,True,True,True
9375,True,True,True,True,True,True,True,True,True,True,True
9376,False,True,True,False,True,False,True,True,False,True,True
9377,False,False,True,True,True,True,True,True,False,True,True
9379,True,True,True,True,True,True,True,True,True,True,True
9380,True,True,True,True,True,True,True,True,True,True,True
9381,False,False,True,True,True,False,False,True,True,True,True
9382,True,True,True,True,True,True,True,True,True,True,True
9383,True,True,True,True,True,True,True,True,True,True,True
9384,True,True,True,True,True,True,True,True,True,True,True
9385,True,True,True,True,True,True,True,True,True,True,True
9388,True,True,True,True,True,True,True,True,True,True,True
9390,True,True,True,True,True,True,True,True,True,True,True
9426,True,True,True,True,True,True,True,True,True,True,True
9428,True,True,True,True,True,False,True,True,True,True,True
9429,True,True,True,True,True,True,True,True,True,True,True
9439,True,True,True,True,True,True,True,True,True,True,True
9467,True,True,True,True,True,True,True,True,True,True,True
9472,True,True,True,True,True,True,True,True,False,True,True
9475,True,True,True,True,True,True,True,True,True,True,True
9476,False,False,False,False,False,False,False,False,False,True,True
9482,True,True,True,True,True,True,True,True,True,True,True
9484,True,True,True,True,True,True,True,True,True,True,True
9546,True,False,True,True,True,True,True,True,False,True,True
9547,True,True,True,True,True,True,True,True,True,True,True
9551,False,False,False,False,False,False,False,False,False,True,True
9553,False,False,True,False,False,False,False,False,False,True,True
9555,True,True,True,True,True,True,True,True,True,True,True
9562,False,False,False,False,False,False,False,False,False,False,True
9565,True,True,True,True,True,True,True,True,True,True,True
9616,True,True,True,True,True,True,True,True,True,True,True
9617,True,True,True,True,True,True,True,True,True,True,True
9618,True,True,True,True,True,True,True,True,True,True,True
9620,True,True,True,False,False,False,False,False,False,False,True
9622,True,True,True,True,True,True,True,True,True,True,True
9623,True,True,True,True,True,True,False,False,False,False,True
9624,True,True,True,True,True,True,True,True,True,True,True
9625,True,True,True,True,True,True,True,True,True,True,True
9626,True,True,True,True,True,True,True,True,True,True,True
9627,False,False,True,False,True,True,True,True,False,True,True
9628,True,True,True,True,True,True,True,True,True,True,True
9630,True,True,True,True,True,True,True,True,True,True,True
9631,False,False,True,False,True,False,False,True,True,True,True
9633,True,True,True,True,True,True,True,True,True,True,True
9634,True,True,True,True,True,True,True,True,True,True,True
9635,True,True,True,True,True,True,True,True,True,True,True
9636,True,True,True,True,True,True,True,True,True,True,True
9638,True,True,True,True,True,True,True,True,True,True,True
9640,True,True,True,True,True,True,True,True,True,True,True
9691,True,True,True,True,True,True,True,True,True,True,True
9692,True,True,True,True,True,True,True,True,True,True,True
9695,True,True,True,True,True,True,True,True,True,True,True
9696,True,True,True,True,True,True,True,True,True,True,True
9699,True,True,True,True,True,True,True,True,True,True,True
9701,False,False,True,True,True,False,False,True,False,True,True
9702,True,True,True,True,True,True,True,True,True,True,True
9703,True,True,True,True,True,True,True,True,True,True,True
9704,True,True,True,True,True,True,True,True,True,True,True
9705,True,True,True,True,True,True,True,True,True,True,True
9706,True,True,True,True,True,True,True,True,True,True,True
9709,True,True,True,True,True,True,True,True,True,True,True
9710,True,True,True,True,True,True,True,True,True,True,True
9712,True,True,True,True,True,True,True,True,True,True,True
9713,True,True,True,True,True,True,True,True,True,True,True
9714,True,True,True,True,True,True,True,True,True,True,True
9715,True,True,True,True,True,True,True,True,True,True,True
9749,True,True,True,False,False,False,False,False,False,False,True
9750,False,False,False,False,False,False,False,False,False,False,True
9754,True,True,True,True,True,True,True,True,True,True,True
9759,False,False,False,False,False,False,False,False,False,False,True
9780,True,True,True,True,False,True,True,True,True,True,True
9783,True,True,True,True,False,True,True,True,True,True,True
9788,True,True,True,True,False,True,True,True,True,True,True
9867,True,True,True,True,False,True,True,True,False,True,True
9878,True,True,True,True,False,True,True,True,True,True,True
9896,True,True,True,True,False,True,True,True,True,True,True
9900,True,True,True,True,False,True,True,True,True,True,True
9905,True,True,True,True,False,True,True,True,True,True,True
9909,True,True,True,True,False,True,True,True,True,True,True
9911,True,True,True,True,False,True,True,True,True,True,True
9914,True,False,True,True,False,False,False,True,False,True,True
9921,True,True,True,True,False,False,True,True,False,True,True
9926,True,True,True,True,False,True,True,True,False,True,True
9929,True,True,True,True,False,True,True,True,True,True,True
9932,True,True,True,True,False,True,True,True,True,True,True
9933,True,True,True,True,False,True,True,True,True,True,True
9934,True,True,True,True,False,True,True,True,True,True,True
9935,True,True,True,True,False,True,True,True,True,True,True
9936,True,True,True,True,False,True,True,True,True,True,True
9937,True,True,True,True,False,True,True,True,True,True,True
9938,True,True,True,True,False,True,True,True,True,True,True
9939,True,True,True,True,False,True,True,True,True,True,True
9941,True,True,True,True,False,True,True,True,True,True,True
9942,True,True,True,True,False,True,True,True,True,True,True
9943,True,True,True,True,False,True,True,True,True,True,True
9944,True,True,True,True,False,True,True,True,True,True,True
9946,True,True,True,True,False,True,True,True,True,True,True
9947,True,True,True,True,False,True,True,True,True,True,True
9948,True,True,True,True,False,True,True,True,True,True,True
9949,True,True,True,True,False,True,True,True,True,True,True
9950,True,True,True,True,False,True,True,True,True,True,True
9951,True,True,True,True,False,True,True,True,True,True,True
9952,True,True,True,True,False,True,True,True,True,True,True
9953,True,True,True,True,False,True,True,True,True,True,True
9985,False,False,False,False,False,False,False,False,False,False,True
9986,False,False,False,False,False,False,False,False,False,False,True
9987,False,False,False,False,False,False,False,False,False,False,True
9993,True,True,True,True,False,True,True,True,True,True,True
9995,True,True,True,True,False,True,True,True,True,True,True
10001,True,True,True,True,False,True,True,True,True,True,True
10002,True,True,True,True,False,True,True,True,True,True,True
10004,True,True,True,True,False,True,True,True,True,True,True
10012,True,True,True,True,False,True,True,True,True,True,True
10013,True,True,True,True,False,True,True,True,True,True,True
10014,True,True,True,True,False,True,True,True,True,True,True
10017,True,True,True,True,False,True,True,True,True,True,True
10025,True,True,True,True,False,True,True,True,True,True,True
10032,True,True,True,True,False,True,True,True,True,True,True
10040,True,True,True,True,False,True,True,True,True,True,True
10041,True,True,True,True,False,True,False,False,False,False,True
10045,True,True,True,True,False,True,True,True,True,True,True
10062,True,True,True,True,False,True,True,True,True,True,True
10064,True,True,True,True,False,True,True,True,True,True,True
10069,True,True,True,True,False,True,True,True,True,True,True
10070,True,True,True,True,False,True,True,True,True,True,True
10072,True,True,True,True,False,True,True,True,True,True,True
10075,True,True,True,True,False,True,True,True,True,True,True
10076,True,True,True,True,False,True,True,True,True,True,True
10077,True,True,True,True,False,True,True,True,True,True,True
10078,True,True,True,True,False,True,True,True,True,True,True
10079,True,True,True,True,False,True,True,True,True,True,True
10080,True,True,True,True,False,True,True,True,True,True,True
10082,True,True,True,True,False,True,True,True,True,True,True
10083,True,True,True,True,False,True,True,True,True,True,True
10084,True,True,True,True,False,True,True,True,True,True,True
10101,True,True,True,True,False,True,True,True,True,True,True
10107,True,True,True,True,False,True,True,True,True,True,True
10111,True,True,True,True,False,True,True,True,True,True,True
10112,True,True,True,True,False,True,True,True,True,True,True
10118,True,True,True,True,False,True,True,True,True,True,True
10143,True,True,True,True,False,True,True,True,True,True,True
10155,True,True,True,True,False,True,True,True,True,True,True
10156,True,True,True,True,False,True,True,True,True,True,True
10158,True,True,True,True,False,True,True,True,True,True,True
10159,True,True,True,True,False,True,True,True,True,True,True
10160,True,True,True,True,False,True,True,True,True,True,True
10161,True,True,True,True,False,True,True,True,True,True,True
10162,True,True,True,True,False,True,True,True,True,True,True
10171,True,True,True,True,False,True,True,True,True,True,True
10173,True,True,True,True,False,True,True,True,True,True,True
10176,True,True,True,True,False,True,True,True,True,True,True
10179,True,True,True,True,False,True,True,True,True,True,True
10199,True,True,True,True,False,True,True,True,True,True,True
10201,True,True,True,True,False,True,True,True,True,True,True
10206,True,True,True,True,False,True,True,True,True,True,True
10207,True,True,True,True,False,True,True,True,True,True,True
10208,True,True,True,True,False,True,True,True,True,True,True
10219,True,True,True,True,False,True,True,True,True,True,True
10221,True,True,True,True,False,True,True,True,True,True,True
10222,False,False,False,False,False,False,False,False,False,False,True
10223,True,True,True,True,False,True,True,True,True,True,True
10226,True,True,True,True,False,True,True,True,True,True,True
10230,True,True,True,True,False,True,True,True,True,True,True
10231,True,True,True,True,False,True,True,True,True,True,True
10232,True,True,True,True,False,True,True,True,True,True,True
10242,True,True,True,True,False,True,True,True,True,True,True
10244,True,True,True,True,False,True,True,True,True,True,True
10247,True,True,True,True,False,True,True,True,True,True,True
10264,True,True,True,True,False,True,True,True,True,True,True
10271,True,True,True,True,False,True,True,True,True,True,True
10274,False,False,False,False,False,False,False,False,False,False,True
10275,True,True,True,True,False,True,True,True,True,True,True
10276,True,True,True,True,False,True,True,True,True,True,True
10279,True,True,True,True,False,True,True,True,True,True,True
10295,True,True,True,True,False,True,True,True,True,True,True
10325,True,True,True,True,False,True,True,True,True,True,True
10334,True,True,True,True,False,True,True,True,True,True,True
10354,False,False,False,False,False,False,False,False,False,False,True
10368,True,True,True,True,False,True,True,True,True,True,True
10371,True,True,True,True,False,True,True,True,True,True,True
10378,False,False,False,False,False,False,False,False,False,False,True
10383,False,False,False,False,False,False,False,False,False,False,True
10384,True,True,True,True,False,True,True,True,True,True,True
10385,True,True,True,True,False,True,True,True,True,True,True
10408,True,True,True,True,False,True,True,True,True,True,True
10409,False,False,False,False,False,False,False,False,False,False,True
10419,True,True,True,True,False,True,True,True,True,True,True
10420,False,False,False,False,False,False,False,False,False,False,True
10421,False,False,False,False,False,False,False,False,False,False,True
10425,False,False,False,False,False,False,False,False,False,False,True
10427,False,False,False,False,False,False,False,False,False,False,True
10447,True,True,True,True,False,True,True,True,True,True,True
10465,True,True,True,True,True,True,True,True,True,True,True
10479,True,True,True,True,True,True,True,True,True,True,True
10484,True,True,True,True,True,True,True,True,True,True,True
10488,True,True,True,True,True,True,True,True,True,True,True
10490,True,True,True,True,True,True,True,True,True,True,True
10492,True,True,True,True,True,True,True,True,True,True,True
10493,True,True,True,True,True,True,True,True,True,True,True
10494,True,True,True,True,True,True,True,True,True,True,True
10542,True,True,True,True,True,True,True,True,True,True,True
10546,True,True,True,True,True,True,True,True,True,True,True
10548,True,True,True,True,True,True,True,True,True,True,True
10578,True,True,True,True,True,True,True,True,True,True,True
10583,True,True,True,True,True,True,True,True,True,True,True
10585,True,True,True,True,True,True,True,True,True,True,True
10587,True,True,True,True,True,True,True,True,True,True,True
10588,True,True,True,True,True,True,True,True,True,True,True
10592,True,True,True,True,True,True,True,True,True,True,True
10593,True,True,True,True,True,True,True,True,True,True,True
10600,True,True,True,True,True,True,True,True,True,True,True
10601,True,True,True,True,True,True,True,True,True,True,True
10617,True,True,True,True,True,True,True,True,True,True,True
10621,True,True,True,True,True,True,True,True,True,True,True
10626,True,True,True,True,True,True,True,True,True,True,True
10631,True,True,True,True,True,True,True,True,True,True,True
10632,True,True,True,True,True,True,True,True,True,True,True
10665,True,True,True,True,True,True,True,True,True,True,True
10671,True,True,True,True,True,True,True,True,True,True,True
10684,True,True,True,True,True,True,True,True,True,True,True
10687,True,True,True,True,True,True,True,True,True,True,True
10688,True,True,True,True,True,True,True,True,True,True,True
10695,True,True,True,True,True,True,True,True,True,True,True
10736,True,True,True,True,True,True,True,True,True,True,True
10737,True,True,True,True,True,True,True,True,True,True,True
10738,True,True,True,True,True,True,True,True,True,True,True
10739,True,True,True,True,True,True,True,True,True,True,True
10741,True,True,True,True,True,True,True,True,True,True,True
10742,True,True,True,True,True,True,True,True,True,True,True
10744,True,True,True,True,True,True,True,True,True,True,True
10761,True,True,True,True,True,True,True,True,True,True,True
10762,True,True,True,True,True,True,True,True,True,True,True
10764,True,True,True,False,True,True,True,True,True,True,True
10766,True,True,True,True,True,True,True,True,True,True,True
10769,True,True,True,True,True,True,True,True,True,True,True
10770,True,True,True,True,True,True,True,True,True,True,True
10774,True,True,True,True,True,True,True,True,True,True,True
10780,True,True,True,True,True,True,True,True,True,True,True
10805,True,True,True,True,True,True,True,True,True,True,True
10824,True,True,True,True,True,True,True,True,True,True,True
10825,True,True,True,True,True,True,True,True,True,True,True
10826,True,True,True,True,True,True,True,True,True,True,True
10831,True,True,True,True,True,True,True,True,True,True,True
10832,True,True,True,True,True,True,True,True,True,True,True
10834,True,True,True,True,True,True,True,True,True,True,True
10835,True,True,True,True,True,True,True,True,True,True,True
10838,True,True,True,True,True,True,True,True,False,True,True
10842,True,False,True,True,True,True,True,True,True,True,True
10845,True,True,True,True,True,True,True,True,True,True,True
10846,True,True,True,True,True,True,True,True,True,True,True
10855,True,True,True,True,True,True,True,True,True,True,True
10856,True,True,True,True,True,True,True,True,True,True,True
10862,True,True,True,True,True,True,True,True,True,True,True
10871,True,True,True,True,True,True,True,True,True,True,True
10887,True,True,True,True,True,True,True,True,True,True,True
10892,True,True,True,True,True,True,True,True,True,True,True
10893,False,False,False,False,False,False,False,False,False,False,True
10894,False,False,False,False,False,False,False,False,False,False,True
10898,True,True,True,True,True,True,True,True,True,True,True
10911,True,True,True,True,True,True,True,True,True,True,True
10931,True,True,True,True,True,True,True,True,True,True,True
10933,True,True,True,True,True,True,True,True,True,True,True
10969,True,True,True,True,True,True,True,True,True,True,True
10973,True,True,True,True,True,True,True,True,True,True,True
10974,True,True,True,True,True,True,True,True,True,True,True
10976,True,True,True,True,True,True,True,True,True,True,True
10977,True,True,True,True,True,True,True,True,True,True,True
10978,True,True,True,True,True,True,True,True,True,True,True
10979,True,True,True,True,True,True,True,True,True,True,True
10989,True,True,True,True,True,True,True,True,True,True,True
10990,True,True,True,True,True,True,True,True,True,True,True
10992,True,True,True,True,True,True,True,True,True,True,True
10994,True,True,True,True,True,True,True,True,True,True,True
10995,True,True,True,True,True,True,True,True,True,True,True
10997,True,True,True,True,True,True,True,True,True,True,True
11001,True,True,True,True,True,True,True,True,True,True,True
11006,True,True,True,True,True,True,True,True,True,True,True
11011,True,True,True,True,True,True,True,True,True,True,True
11047,True,True,True,True,True,True,True,True,True,True,True
11049,True,True,True,True,True,True,True,True,True,True,True
11055,True,True,True,True,True,True,True,True,True,True,True
11059,True,True,True,True,True,True,True,True,True,True,True
11061,True,True,True,True,True,True,True,True,True,True,True
11070,True,True,True,True,True,True,True,True,True,True,True
11074,True,True,True,True,True,True,True,True,True,True,True
11075,True,True,True,True,True,True,True,True,True,True,True
11076,True,True,True,True,True,True,True,True,True,True,True
11082,True,True,True,True,True,True,True,True,True,True,True
11084,True,True,True,True,True,True,True,True,True,True,True
11085,True,True,True,True,True,True,True,True,True,True,True
11087,True,True,True,True,True,True,True,True,True,True,True
11147,True,True,True,True,True,True,True,True,True,True,True
11150,True,True,True,True,True,True,True,True,True,True,True
11165,True,True,True,True,True,True,True,True,True,True,True
11169,True,True,True,True,True,True,True,True,True,True,True
11171,True,True,True,True,True,True,True,True,True,True,True
11176,True,False,False,False,False,False,False,False,False,False,True
11179,True,True,True,True,True,True,True,True,True,True,True
11181,True,True,True,True,True,True,True,True,True,True,True
11184,True,True,True,True,True,True,True,True,True,True,True
11185,True,True,True,True,True,True,True,True,True,True,True
11186,True,True,True,True,True,True,True,True,True,True,True
11188,True,True,True,True,True,True,True,True,True,True,True
11190,True,True,True,True,True,True,True,True,True,True,True
11191,True,True,True,True,True,True,True,True,True,True,True
11192,True,True,True,True,True,True,True,True,True,True,True
11194,True,True,True,True,True,True,True,True,True,True,True
11195,True,True,True,True,True,True,True,True,True,True,True
11196,True,True,True,True,True,True,True,True,True,True,True
11197,True,True,True,True,True,True,True,True,True,True,True
11198,True,True,True,True,True,True,True,True,True,True,True
11199,True,True,True,True,True,True,True,True,True,True,True
11200,True,True,True,True,True,True,True,True,True,True,True
11207,True,True,True,True,True,True,True,True,True,True,True
11211,True,True,True,True,True,True,True,True,True,True,True
11213,True,True,True,True,True,True,True,True,True,True,True
11217,True,True,True,True,True,True,True,True,True,True,True
11237,True,True,True,True,True,True,True,True,True,True,True
11326,True,True,True,True,True,True,True,True,True,True,True
11327,True,True,True,True,True,True,True,True,True,True,True
11331,True,True,True,True,True,True,True,True,True,True,True
11332,True,True,True,True,True,True,True,True,True,True,True
11335,True,True,True,True,True,True,True,True,True,True,True
11336,True,True,True,True,True,True,True,True,True,True,True
11341,True,True,True,True,True,True,True,True,True,True,True
11346,True,True,True,True,True,True,True,True,True,True,True
11350,True,True,True,True,True,True,True,True,True,True,True
11351,True,True,True,True,True,True,True,True,True,True,True
11354,False,False,False,False,False,False,False,False,False,False,True
11356,True,True,True,True,True,True,True,True,True,True,True
11358,True,True,True,True,True,True,True,True,True,True,True
11359,True,True,True,True,True,True,True,True,True,True,True
11360,True,True,True,True,True,True,True,True,True,True,True
11361,True,True,True,True,True,True,True,True,True,True,True
11363,True,True,True,True,True,True,True,True,True,True,True
11365,True,True,True,True,True,True,True,True,True,True,True
11366,False,False,False,False,False,False,False,False,False,False,True
11369,True,True,True,True,True,True,True,True,True,True,True
11371,True,True,True,True,True,True,True,True,True,True,True
11395,True,True,True,True,True,True,True,True,True,True,True
11398,True,True,True,True,True,True,True,True,True,True,True
11400,True,True,True,True,True,True,True,True,True,True,True
11401,True,True,True,True,True,True,True,True,True,True,True
11410,True,True,True,True,True,True,True,True,True,True,True
11417,True,True,True,True,True,True,True,True,True,True,True
11426,True,True,True,True,True,True,True,True,True,True,True
11465,True,True,True,True,True,True,True,True,True,True,True
11474,True,True,True,True,True,True,True,True,True,True,True
11479,True,True,True,True,True,True,True,True,True,True,True
11485,True,True,True,True,True,True,True,True,True,True,True
11490,True,True,True,True,True,True,True,True,True,True,True
11491,True,True,True,True,True,True,True,True,True,True,True
11495,True,True,True,True,True,True,True,True,True,True,True
11497,True,True,True,True,True,True,True,True,True,True,True
11500,True,True,True,True,True,True,True,True,True,True,True
11501,True,True,True,True,True,True,True,True,True,True,True
11502,True,True,True,True,True,True,True,True,True,True,True
11503,True,True,True,True,True,True,True,True,True,True,True
11504,True,True,True,True,True,True,True,True,True,True,True
11508,True,True,True,True,True,True,True,True,True,True,True
11513,True,True,True,True,True,True,True,True,True,True,True
11515,True,True,True,True,True,True,True,True,True,True,True
11518,True,True,True,True,True,True,True,True,True,True,True
11519,True,True,True,True,True,True,True,True,True,True,True
11520,True,True,True,True,True,True,True,True,True,True,True
11526,True,True,True,True,True,True,True,True,True,True,True
11528,True,True,True,True,True,True,True,True,True,True,True
11529,True,True,True,True,True,True,True,True,True,True,True
11531,True,True,True,True,True,True,True,True,True,True,True
11532,True,True,True,True,True,True,True,True,True,True,True
11537,True,True,True,True,True,True,True,True,True,True,True
11540,True,True,True,True,True,True,True,True,True,True,True
11559,True,True,True,True,True,True,True,True,True,True,True
11560,True,True,True,True,True,True,True,True,True,True,True
11579,True,True,True,True,True,True,True,True,True,True,True
11582,True,True,True,True,True,True,True,True,True,True,True
11590,True,True,True,True,True,True,True,True,True,True,True
11646,True,True,True,True,True,True,True,True,True,True,True
11648,True,True,True,True,True,True,True,True,True,True,True
11651,True,True,True,True,True,True,True,True,True,True,True
11656,True,True,True,True,True,True,True,True,True,True,True
11657,True,True,True,True,True,True,True,True,True,True,True
11659,True,True,True,True,True,True,True,True,True,True,True
11662,True,True,True,True,True,True,True,True,True,True,True
11663,True,True,True,True,True,True,True,True,True,True,True
11665,True,True,True,True,True,True,True,True,True,True,True
11671,True,True,True,True,True,True,True,True,False,True,True
11676,True,True,True,True,True,True,True,True,True,True,True
11679,True,True,True,True,True,True,True,True,True,True,True
11683,True,True,True,True,True,True,True,True,True,True,True
11685,True,True,True,True,True,True,True,True,True,True,True
11689,True,True,True,True,True,True,True,True,True,True,True
11691,True,True,True,True,True,True,True,True,True,True,True
11692,True,True,True,True,True,True,True,True,True,True,True
11697,True,True,True,True,True,True,True,True,True,True,True
11700,True,True,True,True,True,True,True,True,True,True,True
11701,True,True,True,True,True,True,True,True,True,True,True
11704,True,True,True,True,True,True,True,True,True,True,True
11705,True,True,True,True,True,True,True,True,True,True,True
11712,True,True,True,True,True,True,True,True,True,True,True
11716,True,True,True,True,True,True,True,True,True,True,True
11717,True,True,True,True,True,True,True,True,True,True,True
11719,True,True,True,True,True,True,True,True,True,True,True
11722,True,True,True,True,True,True,True,True,True,True,True
11724,True,True,True,True,True,True,True,True,True,True,True
11726,True,True,True,True,True,True,True,True,True,True,True
11733,True,True,True,True,True,True,True,True,True,True,True
11734,True,True,True,True,True,True,True,True,True,True,True
11741,True,True,True,True,True,True,True,True,True,True,True
11743,True,True,True,True,True,True,True,True,True,True,True
11746,True,True,True,True,True,True,True,True,True,True,True
11754,True,True,True,True,True,True,True,True,True,True,True
11755,True,True,True,True,True,True,True,True,True,True,True
11756,True,True,True,True,True,True,True,True,True,True,True
11766,True,True,True,True,True,True,True,True,True,True,True
11771,True,True,True,True,True,True,True,True,True,True,True
11772,True,True,True,True,True,True,True,True,True,True,True
11775,True,True,True,True,True,True,True,True,True,True,True
11777,True,True,True,True,True,True,True,True,True,True,True
11782,False,False,False,False,False,False,False,False,False,True,True
11783,True,True,True,True,True,True,True,True,True,True,True
11784,True,True,True,True,True,True,True,True,True,True,True
11785,True,True,True,True,True,True,True,True,True,True,True
11786,True,True,True,True,True,True,True,True,True,True,True
11788,True,True,True,True,True,True,True,True,True,True,True
11790,True,True,True,True,True,True,True,True,True,True,True
11791,True,True,True,True,True,True,True,True,True,True,True
11792,True,True,True,True,True,True,True,True,True,True,True
11798,True,True,True,True,True,True,True,True,True,True,True
11800,True,True,True,True,True,True,True,True,True,True,True
11802,True,True,True,True,True,True,True,True,True,True,True
11804,True,True,True,True,True,True,True,True,True,True,True
11805,True,True,True,True,True,True,True,True,True,True,True
11821,True,True,True,True,True,True,True,True,True,True,True
11824,True,True,True,True,True,True,True,True,True,True,True
11825,True,True,True,True,True,True,True,True,True,True,True
11831,True,True,True,True,True,True,True,True,True,True,True
11836,True,True,True,True,True,True,True,True,True,True,True
11837,True,True,True,True,True,True,True,True,True,True,True
11839,True,True,True,True,True,True,True,True,True,True,True
11842,True,True,True,True,True,True,True,True,True,True,True
11845,True,True,True,True,True,True,True,True,True,True,True
11846,True,True,True,True,True,True,True,True,True,True,True
11847,True,True,True,True,True,True,True,True,True,True,True
11848,True,True,True,True,True,True,True,True,True,True,True
11849,True,True,True,True,True,True,True,True,True,True,True
11850,True,True,True,True,True,True,True,True,True,True,True
11851,True,True,True,True,True,True,True,True,True,True,True
11854,True,True,True,True,True,True,True,True,True,True,True
11855,True,True,True,True,True,True,True,True,True,True,True
11858,True,True,True,True,True,True,True,True,True,True,True
11859,True,True,True,True,True,True,True,True,True,True,True
11861,True,True,True,True,True,True,True,True,True,True,True
11865,True,True,True,True,True,True,True,True,True,True,True
11868,True,True,True,True,True,True,True,True,True,True,True
11878,True,True,True,True,True,True,True,True,True,True,True
11884,True,True,True,True,True,True,True,True,True,True,True
11893,False,False,False,False,False,False,False,False,False,False,True
11895,True,True,True,True,True,True,True,True,True,True,True
11900,True,True,True,True,True,True,True,True,True,True,True
11902,True,True,True,True,True,True,True,True,True,True,True
11908,True,True,True,True,True,True,True,True,True,True,True
11911,True,True,True,True,True,True,True,True,True,True,True
11912,True,True,True,True,True,True,True,True,True,True,True
11914,True,True,True,True,True,True,True,True,True,True,True
11916,True,True,True,True,True,True,True,True,True,True,True
11922,True,True,True,True,True,True,True,True,True,True,True
11924,True,True,True,True,True,True,True,True,True,True,True
11939,True,True,True,True,True,True,True,True,True,True,True
11940,True,True,True,True,True,True,True,True,True,True,True
11941,True,True,True,True,True,True,True,True,True,True,True
11942,True,True,True,True,True,True,True,True,True,True,True
11945,True,True,True,True,True,True,True,True,True,True,True
11946,True,True,True,True,True,True,True,True,True,True,True
11947,True,True,True,True,True,True,True,True,True,True,True
11949,True,True,True,True,True,True,True,False,True,True,True
11952,True,True,True,True,True,True,True,True,True,True,True
11972,True,True,True,True,True,True,True,True,True,True,True
11974,True,True,True,True,True,True,True,True,True,True,True
11976,True,True,True,True,True,True,True,True,True,True,True
11977,True,True,True,True,True,True,True,True,True,True,True
11978,True,True,True,True,True,True,True,True,True,True,True
11979,True,True,True,True,True,True,True,True,True,True,True
11980,True,True,True,True,True,True,True,True,True,True,True
11982,True,True,True,True,True,True,True,True,True,True,True
11984,True,True,True,True,True,True,True,True,True,True,True
11986,True,True,True,True,True,True,True,True,True,True,True
11987,True,True,True,True,True,True,True,True,True,True,True
11988,True,True,True,True,True,True,True,True,True,True,True
11990,True,True,True,True,True,True,True,True,True,True,True
11991,True,True,True,True,True,True,True,True,True,True,True
11992,True,True,True,True,True,True,True,True,True,True,True
11995,True,True,True,True,True,True,True,True,True,True,True
11998,True,True,True,True,True,True,True,True,True,True,True
12006,True,True,True,True,True,True,True,True,True,True,True
12010,True,True,True,True,True,True,True,True,True,True,True
12012,True,True,True,True,True,True,True,True,True,True,True
12013,True,True,True,True,True,True,True,True,True,True,True
12015,True,True,True,True,True,True,True,True,True,True,True
12016,True,True,True,True,True,True,True,True,True,True,True
12018,True,True,True,True,True,True,True,True,True,True,True
12019,True,True,True,True,True,True,True,True,True,True,True
12026,True,True,True,True,True,True,True,True,True,True,True
12036,True,True,True,True,True,True,True,True,True,True,True
12038,True,True,True,True,True,True,True,True,True,True,True
12042,True,True,True,True,True,True,True,True,True,True,True
12043,True,True,True,True,True,True,True,True,True,True,True
12044,True,True,True,True,True,True,True,True,True,True,True
12045,True,True,True,True,True,True,True,True,True,True,True
12047,True,True,True,True,True,True,True,True,True,True,True
12048,True,True,True,True,True,True,True,True,True,True,True
12049,True,True,True,True,True,True,True,True,True,True,True
12058,True,True,True,True,True,True,True,True,True,True,True
12061,True,True,True,True,True,True,True,True,True,True,True
12064,True,True,True,True,True,True,True,True,True,True,True
12065,True,True,True,True,True,True,True,True,True,True,True
12069,True,True,True,True,True,True,True,True,True,True,True
12075,True,True,True,True,True,True,True,True,True,True,True
12083,True,True,True,True,True,True,True,True,True,True,True
12085,True,True,True,True,True,True,True,True,True,True,True
12086,True,True,True,True,True,True,True,True,True,True,True
12087,True,True,True,True,True,True,True,True,True,True,True
12089,True,True,True,True,True,True,True,True,True,True,True
12094,True,True,True,True,True,True,True,True,True,True,True
12096,True,True,True,True,True,True,True,True,True,True,True
12097,True,True,True,True,True,True,True,True,True,True,True
12103,True,True,True,True,True,True,True,True,True,True,True
12104,True,True,True,True,True,True,True,True,True,True,True
12109,True,True,True,True,True,True,True,True,True,True,True
12111,True,True,True,True,True,True,True,True,True,True,True
12112,True,True,True,True,True,True,True,True,True,True,True
12113,True,True,True,True,True,True,True,True,True,True,True
12115,True,True,True,True,True,True,True,True,True,True,True
12116,True,True,True,True,True,True,True,True,True,True,True
12117,True,True,True,True,True,False,False,False,False,False,True
12121,True,True,True,True,True,True,True,True,True,True,True
12122,True,True,True,True,True,True,True,True,True,True,True
12124,True,True,True,True,True,True,True,True,True,True,True
12125,True,True,True,True,True,True,True,True,True,True,True
12127,True,True,True,True,True,True,True,True,True,True,True
12128,True,True,True,True,True,True,True,True,True,True,True
12132,True,True,True,True,True,True,True,True,True,True,True
12136,True,True,True,True,True,True,True,True,True,True,True
12161,True,True,True,True,False,True,True,True,True,True,True
12171,True,True,True,True,True,True,True,True,True,True,True
12176,True,True,True,True,False,True,True,True,True,True,True
12180,True,True,True,True,True,True,True,True,True,True,True
12183,True,True,True,True,True,True,True,True,True,True,True
12212,True,True,True,True,True,True,True,True,True,True,True
12232,True,True,True,True,True,True,True,True,True,True,True
12241,True,True,True,True,True,True,True,True,True,True,True
12244,True,True,True,True,True,True,True,True,True,True,True
12245,True,True,True,True,True,True,True,True,True,True,True
12246,True,True,True,True,True,True,True,True,True,True,True
12255,True,True,True,True,True,True,True,True,True,True,True
12264,True,True,True,True,True,True,True,True,True,True,True
12267,True,True,True,True,True,True,True,True,True,True,True
12268,True,True,True,True,True,True,True,True,True,True,True
12269,True,True,True,True,True,True,True,True,True,True,True
12274,True,True,True,True,True,True,True,True,True,True,True
12279,True,True,True,True,True,True,True,True,True,True,True
12287,True,True,True,True,True,True,True,True,True,True,True
12290,True,True,True,True,True,True,True,True,True,True,True
12291,True,True,True,True,True,True,True,True,True,True,True
12295,True,True,True,True,True,True,True,True,True,True,True
12296,True,True,True,True,True,True,True,True,True,True,True
12299,True,True,True,True,True,True,True,True,True,True,True
12307,True,True,True,True,True,True,True,True,True,True,True
12325,True,True,True,True,True,True,True,True,True,True,True
12349,True,True,True,True,True,True,True,True,True,True,True
12350,True,True,True,True,True,True,True,True,True,True,True
12352,True,True,True,True,True,True,True,True,True,True,True
12360,True,True,True,True,True,True,True,True,True,False,True
12361,True,True,True,True,True,True,True,True,True,True,True
12365,True,True,True,True,True,True,True,True,True,True,True
12372,True,True,True,True,True,True,True,True,True,True,True
12394,True,True,True,True,True,True,True,True,True,True,True
12398,True,True,True,True,True,True,True,True,True,True,True
12424,True,True,True,True,True,True,True,True,True,True,True
12427,True,True,True,True,True,True,True,True,True,True,True
12430,True,True,True,True,True,True,True,True,True,True,True
12436,True,True,True,True,True,True,True,True,True,True,True
12437,True,True,True,True,True,True,True,True,True,True,True
12439,True,True,True,True,True,True,True,True,True,True,True
12441,True,True,True,True,True,True,True,True,True,True,True
12442,True,True,True,True,True,True,True,True,True,True,True
12443,True,True,True,True,True,True,True,True,True,True,True
12444,True,True,True,True,True,True,True,True,True,True,True
12446,True,True,True,True,True,True,True,True,True,True,True
12447,True,True,True,True,True,True,True,True,True,True,True
12450,True,True,True,True,True,True,True,True,True,True,True
12451,True,True,True,True,True,True,True,True,True,True,True
12452,True,True,True,True,True,True,True,True,True,True,True
12455,True,True,True,True,True,True,True,True,True,True,True
12456,True,True,True,True,True,True,True,True,True,True,True
12459,True,True,True,True,True,True,True,True,True,True,True
12490,True,True,True,True,True,True,True,True,True,True,True
12523,True,True,True,True,True,True,True,True,True,True,True
12535,True,True,True,True,True,True,True,True,True,True,True
12547,True,True,True,True,True,True,True,True,True,True,True
12552,True,True,True,True,True,True,True,True,True,True,True
12559,True,True,True,True,True,True,True,True,True,True,True
12567,True,True,True,True,True,True,True,True,True,True,True
12568,True,True,True,True,True,True,True,True,True,True,True
12569,True,True,True,True,True,True,True,True,True,True,True
12570,True,True,True,True,True,True,True,True,True,True,True
12571,True,True,True,True,True,True,True,True,True,True,True
12573,True,True,True,True,True,True,True,True,True,True,True
12576,True,True,True,True,True,True,True,True,True,True,True
12578,True,True,True,True,True,True,True,True,True,True,True
12579,True,True,True,True,True,True,True,True,True,True,True
12580,True,True,True,True,True,True,True,True,True,True,True
12581,True,True,True,True,True,True,True,True,True,True,True
12583,True,True,True,True,True,True,True,True,True,True,True
12585,True,True,True,True,True,True,True,True,True,True,True
12587,True,True,True,True,True,True,True,True,True,True,True
12588,True,True,True,True,True,True,True,True,True,True,True
12589,True,True,True,True,True,True,True,True,True,True,True
12591,True,True,True,True,True,True,True,True,True,True,True
12595,True,True,True,True,True,True,True,True,True,True,True
12599,True,True,True,True,True,True,True,True,True,True,True
12600,True,True,True,True,True,True,True,True,True,True,True
12602,True,True,True,True,True,True,True,True,True,True,True
12605,True,True,False,False,False,False,False,False,False,False,True
12611,True,True,True,True,True,True,True,True,True,True,True
12613,True,True,True,True,True,True,True,True,True,True,True
12651,True,True,True,True,True,True,True,True,True,True,True
12655,True,True,True,True,True,True,True,True,True,True,True
12679,True,True,True,True,True,True,True,True,False,True,True
12692,True,True,True,True,True,True,True,True,True,True,True
12694,True,True,True,True,True,True,True,True,True,True,True
12702,True,True,True,True,True,True,True,True,True,True,True
12711,True,True,True,True,True,True,True,True,True,True,True
12717,True,True,True,True,True,True,True,True,True,True,True
12718,True,True,True,True,True,True,True,True,True,True,True
12719,True,True,True,True,True,False,True,True,True,True,True
12720,True,True,True,True,True,True,True,True,True,True,True
12723,True,True,True,True,True,True,True,True,True,True,True
12724,True,True,True,True,True,True,True,True,True,True,True
12727,True,True,True,True,True,True,True,True,True,True,True
12730,True,True,True,True,True,True,True,True,True,True,True
12732,True,True,True,True,True,True,True,True,True,True,True
12733,True,True,True,True,True,True,True,True,True,True,True
12734,True,True,True,True,True,True,True,True,True,True,True
12735,True,True,True,True,True,True,True,True,True,True,True
12736,True,True,True,True,True,True,True,True,True,True,True
12738,True,True,True,True,True,True,True,True,True,True,True
12742,True,True,True,True,True,True,True,True,True,True,True
12746,True,True,True,True,True,True,True,True,True,True,True
12754,True,True,True,True,True,True,True,True,True,True,True
12756,True,True,True,True,True,True,True,True,True,True,True
12757,True,True,True,True,True,True,True,True,True,True,True
12788,False,False,False,False,False,False,False,False,False,False,True
12798,True,True,True,True,True,True,True,True,True,True,True
12840,True,True,True,True,True,True,True,True,True,True,True
12843,True,True,True,True,True,True,True,True,True,True,True
12845,True,True,True,True,True,True,True,True,True,True,True
12850,True,True,True,True,False,False,False,False,False,False,True
12851,False,False,False,False,False,False,False,False,False,False,True
12852,True,True,True,True,True,True,True,True,True,True,True
12857,True,True,True,True,True,True,True,True,True,True,True
12858,True,True,True,True,True,True,True,True,True,True,True
12860,True,True,True,True,True,True,True,True,True,True,True
12863,True,True,True,True,True,True,True,True,True,True,True
12866,True,True,True,True,True,True,True,True,True,True,True
12869,True,True,True,True,True,True,True,True,True,True,True
12872,True,True,True,True,True,True,True,True,True,True,True
12873,True,True,True,True,True,True,True,True,True,True,True
12874,True,True,True,True,True,True,True,True,True,True,True
12875,True,True,True,True,True,True,True,True,True,True,True
12879,True,True,True,True,True,True,True,True,True,True,True
12881,True,True,True,True,True,True,True,True,True,True,True
12882,True,True,True,True,True,True,True,True,True,True,True
12887,True,True,True,True,True,True,True,True,True,True,True
12890,True,True,True,True,True,True,True,True,True,True,True
12892,True,True,True,True,True,True,True,True,True,True,True
12893,True,True,True,True,True,True,True,True,True,True,True
12896,True,True,True,True,True,True,True,True,True,True,True
12898,True,True,True,True,True,True,True,True,True,True,True
12901,True,True,True,True,True,True,True,True,True,True,True
12905,True,True,True,True,True,True,True,True,True,True,True
12910,True,True,True,True,True,True,True,True,True,True,True
12918,True,True,True,True,True,True,True,True,True,True,True
12970,True,True,True,True,True,True,True,True,True,True,True
12994,True,True,True,True,True,True,True,True,True,True,True
13003,True,True,True,True,True,True,True,True,True,True,True
13004,True,True,True,True,True,True,True,True,True,True,True
13005,True,True,True,True,True,True,True,True,True,True,True
13008,True,True,True,True,True,True,True,True,True,True,True
13010,True,True,True,True,True,True,True,True,True,True,True
13017,True,True,True,True,True,True,True,True,True,True,True
13018,True,True,True,True,True,True,True,True,True,True,True
13022,True,True,True,True,True,True,True,True,True,True,True
13026,True,True,True,True,True,True,True,True,True,True,True
13027,True,True,True,True,True,True,True,True,True,True,True
13030,True,True,True,True,True,True,True,True,True,True,True
13031,True,True,True,True,True,True,True,True,True,True,True
13037,True,True,True,True,True,True,True,True,True,True,True
13041,True,True,True,True,True,True,True,True,True,True,True
13045,True,True,True,True,True,True,True,True,True,True,True
13049,True,True,True,True,False,True,True,True,True,True,True
13055,True,True,True,True,False,True,True,True,True,True,True
13057,True,True,True,True,False,True,True,True,True,True,True
13060,True,True,True,True,False,True,True,True,True,True,True
13064,True,True,True,True,False,True,True,True,True,True,True
13082,True,True,True,True,False,True,True,True,True,True,True
13085,True,True,True,True,False,True,True,True,True,True,True
13098,True,True,True,True,False,True,True,True,True,True,True
13100,True,True,True,True,False,True,True,True,True,True,True
13102,True,True,True,True,False,True,True,True,True,True,True
13109,True,True,True,True,False,True,True,True,True,True,True
13110,True,True,True,True,False,True,True,True,True,True,True
13114,True,True,True,True,False,True,True,True,True,True,True
13116,True,True,True,True,False,True,True,True,True,True,True
13122,True,True,True,True,True,True,True,True,True,True,True
13155,True,True,True,True,False,True,True,True,True,True,True
13158,True,True,True,True,False,True,True,True,True,True,True
13161,True,True,True,True,False,True,True,True,True,True,True
13172,True,True,True,True,True,True,True,True,True,True,True
13175,True,True,True,True,False,True,True,True,True,True,True
13178,True,True,True,True,False,True,True,True,True,True,True
13181,True,True,True,True,False,True,True,True,True,True,True
13209,True,True,True,True,False,True,True,True,True,True,True
13234,True,True,True,True,True,True,True,True,True,True,True
13237,False,False,False,False,False,False,False,False,False,False,True
13241,True,True,True,True,False,True,True,True,True,True,True
13245,True,True,True,True,False,True,True,True,True,True,True
13249,True,True,True,True,False,True,True,True,True,True,True
13257,True,True,True,True,False,True,True,True,True,True,True
13308,True,True,True,True,False,True,True,True,True,True,True
13376,True,True,True,True,False,True,True,True,True,True,True
13432,True,True,True,True,False,True,True,True,True,True,True
13452,True,True,True,True,False,True,True,True,True,True,True
13483,True,True,True,True,False,True,True,True,True,True,True
13488,True,True,True,True,False,True,True,True,True,True,True
13510,True,True,True,True,False,True,True,True,True,True,True
13536,True,True,True,True,False,True,True,True,True,True,True
13580,True,True,True,True,False,True,True,True,True,True,True
13632,False,False,False,False,False,False,False,False,False,False,True
13818,True,True,True,True,True,True,True,True,True,True,True
13823,True,True,True,True,True,True,True,True,True,True,True
13828,True,False,False,False,False,True,True,False,False,False,True
14178,True,True,True,True,True,True,True,True,True,True,True
14183,True,True,True,True,True,True,True,True,True,True,True
14358,True,True,True,True,True,True,True,True,True,True,True
14363,True,True,True,True,True,True,True,True,True,True,True
15159,True,True,True,True,True,True,True,True,True,True,True
15165,True,True,True,False,False,False,False,False,False,False,True
15166,True,True,True,True,True,True,True,True,True,True,True
15170,True,True,True,True,True,True,True,True,True,True,True
15174,True,True,True,True,True,True,True,True,True,True,True
15175,True,True,True,True,True,True,True,True,True,True,True
15180,True,True,True,True,True,True,True,True,True,True,True
15186,True,True,True,True,True,True,True,True,True,True,True
15187,True,True,True,True,True,True,True,True,True,True,True
15574,True,True,True,True,True,True,True,True,True,True,True
15625,True,True,True,True,False,True,True,True,True,True,True
15643,True,True,True,True,False,True,True,True,True,True,True
15647,True,True,True,True,False,True,True,True,True,True,True
15651,False,False,True,False,False,False,False,False,False,True,True
15656,False,False,False,False,False,False,False,False,False,True,True
15661,True,True,True,True,True,True,True,True,True,True,True
15666,True,True,True,True,True,True,True,True,True,True,True
15671,True,True,True,True,True,True,True,True,True,True,True
15676,True,True,True,True,True,True,True,True,True,True,True
15681,True,True,True,True,True,True,True,True,True,True,True
15695,True,True,True,True,True,True,True,True,True,True,True
15720,True,True,True,True,True,True,True,True,True,True,True
15745,False,False,False,False,False,False,False,False,False,False,True
15771,True,True,True,True,True,True,True,True,True,True,True
15795,False,False,False,False,False,False,False,False,False,False,True
15820,False,False,False,False,False,False,False,False,False,False,True
15821,True,True,True,True,True,True,True,True,True,True,True
15835,True,True,True,True,False,True,True,True,True,True,True
15838,True,True,True,True,False,True,True,True,True,True,True