id,nombre,codigo,cliente,tipo_aeronave,departamento,division,condicion,unidad_cobro,clase_unidad_cobro
1,CATERING,86,AEROGAVIOTAS,nan,CCO,nan,nan,TOTAL,CANT
2,CATERING,86,AEROUNION,nan,CCO,nan,nan,TOTAL,CANT
3,CATERING,86,LAN CARGO,nan,CCO,nan,nan,TOTAL,CANT
4,CATERING,86,TAMPA,nan,CCO,nan,nan,TOTAL,CANT
5,CATERING,86,VIVA AEROBUS,nan,CCO,nan,nan,TOTAL,CANT
6,PAGO A OIRSA,87,AEROEXPRESS,nan,CCO,nan,nan,TOTAL,CANT
7,PAGO A OIRSA,87,AEROGAVIOTAS,nan,CCO,nan,nan,TOTAL,CANT
8,PAGO A OIRSA,87,AEROUNION,nan,CCO,nan,nan,TOTAL,CANT
9,PAGO A OIRSA,87,AMERIJET,nan,CCO,nan,nan,TOTAL,CANT
10,PAGO A OIRSA,87,ARAJET,nan,CCO,nan,nan,TOTAL,CANT
11,PAGO A OIRSA,87,AVIATSA,nan,CCO,nan,nan,TOTAL,CANT
12,PAGO A OIRSA,87,AZUL,nan,CCO,nan,nan,TOTAL,CANT
13,PAGO A OIRSA,87,ICCS,nan,CCO,nan,nan,TOTAL,CANT
14,PAGO A OIRSA,87,LAS CARGO,nan,CCO,nan,nan,TOTAL,CANT
15,PAGO A OIRSA,87,WINGO,nan,CCO,nan,nan,TOTAL,CANT
16,PAGO A SEPA,88,AEROEXPRESS,nan,CCO,nan,nan,TOTAL,CANT
17,PAGO A SEPA,88,AEROGAVIOTAS,nan,CCO,nan,nan,TOTAL,CANT
18,PAGO A SEPA,88,AEROUNION,nan,CCO,nan,nan,TOTAL,CANT
19,PAGO A SEPA,88,AEROUNION,nan,CCO,nan,nan,TOTAL,CANT
20,PAGO A SEPA,88,ARAJET,nan,CCO,nan,nan,TOTAL,CANT
21,PAGO A SEPA,88,AZUL,nan,CCO,nan,nan,TOTAL,CANT
22,PAGO A SEPA,88,AZUL,nan,CCO,nan,nan,TOTAL,CANT
23,PAGO A SEPA,88,ICCS,nan,CCO,nan,nan,TOTAL,CANT
24,PAGO A SEPA,88,LAS CARGO,nan,CCO,nan,nan,TOTAL,CANT
25,PAGO A SEPA,88,VIVA AEROBUS,nan,CCO,nan,nan,TOTAL,CANT
26,PAGO A SEPA,88,WINGO,nan,CCO,nan,nan,TOTAL,CANT
27,PAGO DE DERECHOS DE APROXIMACION Y ATERRIZAJE,89,21 AIR,nan,CCO,nan,nan,TOTAL,CANT
28,PAGO DE DERECHOS DE APROXIMACIÓN Y ATERRIZAJE,89,AEROEXPRESS,nan,CCO,nan,nan,TOTAL,CANT
29,PAGO DE DERECHOS DE APROXIMACIÓN Y ATERRIZAJE,89,AEROLINEAS SOSA,nan,CCO,nan,nan,TOTAL,CANT
30,PAGO DE DERECHOS DE APROXIMACIÓN Y ATERRIZAJE,89,AEROUNION,nan,CCO,nan,nan,TOTAL,CANT
31,PAGO DE DERECHOS DE APROXIMACIÓN Y ATERRIZAJE,89,ARAJET,nan,CCO,nan,nan,TOTAL,CANT
32,PAGO DE DERECHOS DE APROXIMACION Y ATERRIZAJE,89,AVIATSA,nan,CCO,nan,nan,TOTAL,CANT
33,PAGO DE DERECHOS DE APROXIMACIÓN Y ATERRIZAJE,89,AZUL,nan,CCO,nan,nan,TOTAL,CANT
34,PAGO DE DERECHOS DE APROXIMACIÓN Y ATERRIZAJE,89,ICCS,nan,CCO,nan,nan,TOTAL,CANT
35,PAGO DE DERECHOS DE APROXIMACIÓN Y ATERRIZAJE,89,LAS CARGO,nan,CCO,nan,nan,TOTAL,CANT
36,PAGO DE DERECHOS DE APROXIMACIÓN Y ATERRIZAJE,89,TAMPA,nan,CCO,nan,nan,TOTAL,CANT
37,PAGO DE DERECHOS DE APROXIMACION Y ATERRIZAJE,89,VIVA AEROBUS,nan,CCO,nan,nan,TOTAL,CANT
38,PAGO DE DERECHOS DE APROXIMACIÓN Y ATERRIZAJE,89,WINGO,nan,CCO,nan,nan,TOTAL,CANT
39,PAGO DE IMPUESTOS DE PASAJEROS,90,AMERIJET,nan,CCO,nan,nan,TOTAL,CANT
40,PAGO DE IMPUESTOS DE PASAJEROS,90,ARAJET,nan,CCO,nan,nan,TOTAL,CANT
41,PAGO DE IMPUESTOS DE PASAJEROS,90,ICCS,nan,CCO,nan,nan,TOTAL,CANT
42,PAGO DE PARQUEO POR PERNOCTA,91,AEROUNION,nan,CCO,nan,nan,EVENTO,EVENTO
43,PAGO DE PARQUEO POR PERNOCTA,91,"AURORA AVIATION, S. A. ",nan,CCO,nan,nan,EVENTO,EVENTO
44,PAGO DE PARQUEO POR PERNOCTA,91,AZUL,nan,CCO,nan,nan,EVENTO,EVENTO
45,PAGO DE PARQUEO POR PERNOCTA,91,ICCS,nan,CCO,nan,nan,EVENTO,EVENTO
46,SERVICIO W&B DESPACHO,93,AEROMEXICO,B737-800,CCO,nan,AC,EVENTO,EVENTO
47,SERVICIO W&B DESPACHO,93,AEROMEXICO,E-190,CCO,nan,AC,EVENTO,EVENTO
48,SERVICIO DE OPERACIONES TRANSITO,94,AEROEXPRESS,nan,CCO,nan,nan,EVENTO,EVENTO
49,SERVICIO DE OPERACIONES TRANSITO,94,AEROLINEAS SOSA,nan,CCO,nan,nan,EVENTO,EVENTO
50,SERVICIO DE OPERACIONES TRANSITO,94,AEROMEXICO,B737-800,CCO,nan,AC,EVENTO,EVENTO
51,SERVICIO DE OPERACIONES TRANSITO,94,AEROMEXICO,E-190,CCO,nan,AC,EVENTO,EVENTO
52,SERVICIO DE OPERACIONES TRANSITO,94,AEROUNION,nan,CCO,nan,nan,EVENTO,EVENTO
53,SERVICIO DE OPERACIONES TRANSITO,94,ARAJET,nan,CCO,nan,nan,EVENTO,EVENTO
54,SERVICIO DE OPERACIONES TRANSITO,94,COPA,B737-700,CCO,nan,AC,EVENTO,EVENTO
55,SERVICIO DE OPERACIONES TRANSITO,94,COPA,B737-800,CCO,nan,AC,EVENTO,EVENTO
56,SERVICIO DE OPERACIONES TRANSITO,94,COPA,B737-9,CCO,nan,AC,EVENTO,EVENTO
57,SERVICIO DE OPERACIONES TRANSITO,94,ICCS,nan,CCO,nan,nan,EVENTO,EVENTO
58,SERVICIO DE OPERACIONES TRANSITO,94,INTEGRITY AVIATION SYSTEM,B737-300,CCO,nan,AC,EVENTO,EVENTO
59,SERVICIO DE OPERACIONES TRANSITO,94,KLM,nan,CCO,nan,nan,EVENTO,EVENTO
60,SERVICIO DE OPERACIONES TRANSITO,94,LAN CARGO,nan,CCO,nan,nan,EVENTO,EVENTO
61,SERVICIO DE OPERACIONES TRANSITO,94,MAS AIR,nan,CCO,nan,nan,EVENTO,EVENTO
62,SERVICIO DE OPERACIONES TRANSITO,94,TAMPA,nan,CCO,nan,nan,EVENTO,EVENTO
63,SERVICIO DE OPERACIONES TRANSITO,94,WINGO,nan,CCO,nan,nan,EVENTO,EVENTO
64,TRASLADO DE TRIPULACION / AERONAVE - TERMINAL <-> TERMINAL - AERONAVE,95,AZUL,nan,CCO,nan,nan,EVENTO,EVENTO
65,TRASLADO DE TRIPULACION / AERONAVE - TERMINAL <-> TERMINAL - AERONAVE,95,ICCS,nan,CCO,nan,nan,EVENTO,EVENTO
66,TRASLADO DE TRIPULACION / AERONAVE - TERMINAL <-> TERMINAL - AERONAVE,95,KLM,nan,CCO,nan,nan,EVENTO,EVENTO
67,TRASLADO DE TRIPULACION / AERONAVE - TERMINAL <-> TERMINAL - AERONAVE,95,TAMPA,nan,CCO,nan,nan,EVENTO,EVENTO
68,TRASLADO DE TRIPULACION / HOTEL - TERMINAL <-> TERMINAL - HOTEL,96,ICCS,nan,CCO,nan,nan,EVENTO,EVENTO
69,Vuelo Cancelado,99,AEROMEXICO,B737-800,CCO,nan,AC,EVENTO,EVENTO
70,Vuelo Cancelado,99,AEROMEXICO,E-190,CCO,nan,AC,EVENTO,EVENTO
71,Vuelo Cancelado,99,COPA,B737-700,CCO,nan,AC,EVENTO,EVENTO
72,Vuelo Cancelado,99,COPA,B737-800,CCO,nan,AC,EVENTO,EVENTO
73,Vuelo Cancelado,99,COPA,B737-9,CCO,nan,AC,EVENTO,EVENTO
74,Vuelo Cancelado,99,ICCS,CV-5800,CCO,nan,AC,EVENTO,EVENTO
75,Boleta AIS Extra,122,TAMPA,A300-600,CCO,nan,AC,EVENTO,EVENTO
76,Boleta AIS Extra,122,TAMPA,B767-200,CCO,nan,AC,EVENTO,EVENTO
77,"SERVICIO DE W&B TRANSITO ",157,AEROMEXICO,E-190,CCO,nan,AC,EVENTO,EVENTO
78,"SERVICIO DE W&B TRANSITO ",157,AEROMEXICO,B737-800,CCO,nan,AC,EVENTO,EVENTO
79,SERVICIO W&B RECEPCION,158,AEROMEXICO,B737-8,CCO,nan,AC,EVENTO,EVENTO
80,SERVICIO W&B RECEPCION,158,AEROMEXICO,B737-800,CCO,nan,AC,EVENTO,EVENTO
81,SERVICIO W&B RECEPCION,158,AEROMEXICO,E-190,CCO,nan,AC,EVENTO,EVENTO
82,SERVICIO W&B RECEPCION,158,COPA,B737-700,CCO,nan,AC,EVENTO,EVENTO
83,SERVICIO W&B RECEPCION,158,COPA,B737-800,CCO,nan,AC,EVENTO,EVENTO
84,SERVICIO W&B RECEPCION,158,COPA,B737-9,CCO,nan,AC,EVENTO,EVENTO
85,SERVICIO W&B RECEPCION,158,KLM,B747-400,CCO,nan,AC,EVENTO,EVENTO
86,SERVICIO W&B RECEPCION,158,TAMPA,A300-600,CCO,nan,AC,EVENTO,EVENTO
87,SERVICIO W&B RECEPCION,158,TAMPA,B767-200,CCO,nan,AC,EVENTO,EVENTO
88,SERVICIO DE OPERACIONES RECEPCION,159,AEROMEXICO,B737-8,CCO,nan,AC,EVENTO,EVENTO
89,SERVICIO DE OPERACIONES RECEPCION,159,AEROMEXICO,B737-800,CCO,nan,AC,EVENTO,EVENTO
90,SERVICIO DE OPERACIONES RECEPCION,159,AEROMEXICO,E-190,CCO,nan,AC,EVENTO,EVENTO
91,SERVICIO DE OPERACIONES RECEPCION,159,AMERICAN,B737-8,CCO,nan,AC,EVENTO,EVENTO
92,SERVICIO DE OPERACIONES RECEPCION,159,AMERICAN,B737-800,CCO,nan,AC,EVENTO,EVENTO
93,SERVICIO DE OPERACIONES RECEPCION,159,ARAJET,B737-8,CCO,nan,AC,EVENTO,EVENTO
94,SERVICIO DE OPERACIONES RECEPCION,159,ARAJET,B737-8200,CCO,nan,AC,EVENTO,EVENTO
95,SERVICIO DE OPERACIONES RECEPCION,159,"AURORA AVIATION ",B767-300,CCO,nan,AC,EVENTO,EVENTO
96,SERVICIO DE OPERACIONES RECEPCION,159,AZUL,A320,CCO,nan,AC,EVENTO,EVENTO
97,SERVICIO DE OPERACIONES RECEPCION,159,AZUL,A321,CCO,nan,AC,EVENTO,EVENTO
98,SERVICIO DE OPERACIONES RECEPCION,159,COPA,B737-700,CCO,nan,AC,EVENTO,EVENTO
99,SERVICIO DE OPERACIONES RECEPCION,159,COPA,B737-800,CCO,nan,AC,EVENTO,EVENTO
100,SERVICIO DE OPERACIONES RECEPCION,159,COPA,B737-9,CCO,nan,AC,EVENTO,EVENTO
101,SERVICIO DE OPERACIONES RECEPCION,159,ICCS,CV-5800,CCO,nan,AC,EVENTO,EVENTO
102,SERVICIO DE OPERACIONES RECEPCION,159,KLM,B747-400,CCO,nan,AC,EVENTO,EVENTO
103,SERVICIO DE OPERACIONES DESPACHO,160,AEROMEXICO,B737-8,CCO,nan,AC,EVENTO,EVENTO
104,SERVICIO DE OPERACIONES DESPACHO,160,AEROMEXICO,B737-800,CCO,nan,AC,EVENTO,EVENTO
105,SERVICIO DE OPERACIONES DESPACHO,160,AEROMEXICO,E-190,CCO,nan,AC,EVENTO,EVENTO
106,SERVICIO DE OPERACIONES DESPACHO,160,"ARAJET ",B737-8,CCO,nan,AC,EVENTO,EVENTO
107,SERVICIO DE OPERACIONES DESPACHO,160,"ARAJET ",B737-8200,CCO,nan,AC,EVENTO,EVENTO
108,SERVICIO DE OPERACIONES DESPACHO,160,"AURORA AVIATION ",B767-300,CCO,nan,AC,EVENTO,EVENTO
109,SERVICIO DE OPERACIONES DESPACHO,160,AZUL,A320,CCO,nan,AC,EVENTO,EVENTO
110,SERVICIO DE OPERACIONES DESPACHO,160,AZUL,A321,CCO,nan,AC,EVENTO,EVENTO
111,SERVICIO DE OPERACIONES DESPACHO,160,COPA,B737-700,CCO,nan,AC,EVENTO,EVENTO
112,SERVICIO DE OPERACIONES DESPACHO,160,COPA,B737-800,CCO,nan,AC,EVENTO,EVENTO
113,SERVICIO DE OPERACIONES DESPACHO,160,COPA,B737-9,CCO,nan,AC,EVENTO,EVENTO
114,SERVICIO DE OPERACIONES DESPACHO,160,ICCS,CV-5800,CCO,nan,AC,EVENTO,EVENTO
115,SERVICIO DE OPERACIONES DESPACHO,160,TAMPA,A300-600,CCO,nan,AC,EVENTO,EVENTO
116,SERVICIO DE OPERACIONES DESPACHO,160,TAMPA,B767-200,CCO,nan,AC,EVENTO,EVENTO
117,LOADMASTER,239,LAN CARGO,nan,CCO,nan,nan,EVENTO,EVENTO
118,LOADMASTER,239,TAMPA,nan,CCO,nan,nan,EVENTO,EVENTO
119,AGENTE HUB,4,DHL,nan,CGO,nan,nan,HORA,CANT
120,AGENTE RAMPA,5,AZUL,nan,CGO,nan,nan,HORA,CANT
121,AGENTE RAMPA,5,CALSA,nan,CGO,nan,nan,HORA,CANT
122,AGENTE RAMPA,5,DHL,nan,CGO,nan,nan,EVENTO,EVENTO
123,AGENTE RAMPA,5,FEDEX,nan,CGO,nan,nan,HORA,CANT
124,AGENTE RAMPA,5,INTEREXPRESSO,nan,CGO,nan,nan,HORA,CANT
125,AGENTE RAMPA,5,KLM,nan,CGO,nan,nan,HORA,CANT
126,AGENTE RAMPA,5,KUEHNE+NAGEL,nan,CGO,nan,nan,HORA,CANT
127,AGENTE RAMPA,5,"KUEHNE+NAGEL ",nan,CGO,nan,nan,HORA,CANT
128,AGENTE RAMPA,5,LAN CARGO,nan,CGO,nan,nan,HORA,CANT
129,AGENTE RAMPA,5,TAMPA,nan,CGO,nan,nan,HORA,CANT
130,AGENTE RAMPA,5,UPS,nan,CGO,nan,nan,HORA,CANT
131,ATENCION DE VUELO DESPACHO,6,AURORA AVIATION,B767-300,CGO,nan,AC,EVENTO,EVENTO
132,ATENCION DE VUELO DESPACHO,6,AZUL,A320,CGO,nan,AC,EVENTO,EVENTO
133,ATENCION DE VUELO DESPACHO,6,"AZUL ",A321,CGO,nan,AC,EVENTO,EVENTO
134,ATENCION DE VUELO DESPACHO,6,DHL,ATR-42,CGO,COMBEX,BOTH,EVENTO,EVENTO
135,ATENCION DE VUELO DESPACHO,6,DHL,ATR-42,CGO,NORTE,BOTH,EVENTO,EVENTO
136,ATENCION DE VUELO DESPACHO,6,DHL,B737-400,CGO,COMBEX,BOTH,EVENTO,EVENTO
137,ATENCION DE VUELO DESPACHO,6,DHL,B737-400,CGO,NORTE,BOTH,EVENTO,EVENTO
138,ATENCION DE VUELO DESPACHO,6,DHL,B757-200,CGO,COMBEX,BOTH,EVENTO,EVENTO
139,ATENCION DE VUELO DESPACHO,6,DHL,B757-200,CGO,NORTE,BOTH,EVENTO,EVENTO
140,ATENCION DE VUELO DESPACHO,6,DHL,B767-300,CGO,COMBEX,BOTH,EVENTO,EVENTO
141,ATENCION DE VUELO DESPACHO,6,DHL,B767-300,CGO,NORTE,BOTH,EVENTO,EVENTO
142,ATENCION DE VUELO DESPACHO,6,DHL,DC-8,CGO,COMBEX,BOTH,EVENTO,EVENTO
143,ATENCION DE VUELO DESPACHO,6,DHL,DC-8,CGO,NORTE,BOTH,EVENTO,EVENTO
144,ATENCION DE VUELO DESPACHO,6,DHL,E-110,CGO,COMBEX,BOTH,EVENTO,EVENTO
145,ATENCION DE VUELO DESPACHO,6,DHL,E-110,CGO,NORTE,BOTH,EVENTO,EVENTO
146,ATENCION DE VUELO DESPACHO,6,FEDEX,CV-5800,CGO,nan,AC,EVENTO,EVENTO
147,ATENCION DE VUELO DESPACHO,6,FEDEX,LET-410,CGO,nan,AC,EVENTO,EVENTO
148,ATENCION DE VUELO DESPACHO,6,FEDEX,Twin Otter,CGO,nan,AC,EVENTO,EVENTO
149,ATENCION DE VUELO DESPACHO,6,TAMPA,A300-600,CGO,nan,AC,EVENTO,EVENTO
150,ATENCION DE VUELO DESPACHO,6,TAMPA,B767-200,CGO,nan,AC,EVENTO,EVENTO
151,ATENCION DE VUELO DESPACHO,6,UPS,B757-200,CGO,nan,AC,EVENTO,EVENTO
152,ATENCION DE VUELO DESPACHO,6,UPS,B767-300,CGO,nan,AC,EVENTO,EVENTO
153,ATENCION DE VUELO DESPACHO,6,UPS,E-110,CGO,nan,AC,EVENTO,EVENTO
154,ATENCION DE VUELO RECEPCION,8,"AURORA AVIATION ",B767-300,CGO,nan,AC,EVENTO,EVENTO
155,ATENCION DE VUELO RECEPCION,8,AZUL,A320,CGO,nan,AC,EVENTO,EVENTO
156,ATENCION DE VUELO RECEPCION,8,"AZUL ",A321,CGO,nan,AC,EVENTO,EVENTO
157,ATENCION DE VUELO RECEPCION,8,DHL,ATR-42,CGO,COMBEX,BOTH,EVENTO,EVENTO
158,ATENCION DE VUELO RECEPCION,8,DHL,ATR-42,CGO,NORTE,BOTH,EVENTO,EVENTO
159,ATENCION DE VUELO RECEPCION,8,DHL,B737-400,CGO,COMBEX,BOTH,EVENTO,EVENTO
160,ATENCION DE VUELO RECEPCION,8,DHL,B737-400,CGO,NORTE,BOTH,EVENTO,EVENTO
161,ATENCION DE VUELO RECEPCION,8,DHL,B757-200,CGO,COMBEX,BOTH,EVENTO,EVENTO
162,ATENCION DE VUELO RECEPCION,8,DHL,B757-200,CGO,NORTE,BOTH,EVENTO,EVENTO
163,ATENCION DE VUELO RECEPCION,8,DHL,B767-300,CGO,COMBEX,BOTH,EVENTO,EVENTO
164,ATENCION DE VUELO RECEPCION,8,DHL,B767-300,CGO,NORTE,BOTH,EVENTO,EVENTO
165,ATENCION DE VUELO RECEPCION,8,DHL,DC-8,CGO,COMBEX,BOTH,EVENTO,EVENTO
166,ATENCION DE VUELO RECEPCION,8,DHL,DC-8,CGO,NORTE,BOTH,EVENTO,EVENTO
167,ATENCION DE VUELO RECEPCION,8,DHL,E-110,CGO,COMBEX,BOTH,EVENTO,EVENTO
168,ATENCION DE VUELO RECEPCION,8,DHL,E-110,CGO,NORTE,BOTH,EVENTO,EVENTO
169,ATENCION DE VUELO RECEPCION,8,FEDEX,CV-5800,CGO,nan,AC,EVENTO,EVENTO
170,ATENCION DE VUELO RECEPCION,8,FEDEX,LET-410,CGO,nan,AC,EVENTO,EVENTO
171,ATENCION DE VUELO RECEPCION,8,FEDEX,Twin Otter,CGO,nan,AC,EVENTO,EVENTO
172,ATENCION DE VUELO RECEPCION,8,TAMPA,A300-600,CGO,nan,AC,EVENTO,EVENTO
173,ATENCION DE VUELO RECEPCION,8,TAMPA,B767-200,CGO,nan,AC,EVENTO,EVENTO
174,ATENCION DE VUELO RECEPCION,8,UPS,B757-200,CGO,NORTE,BOTH,EVENTO,EVENTO
175,ATENCION DE VUELO RECEPCION,8,UPS,B757-200,CGO,COMBEX,BOTH,EVENTO,EVENTO
176,ATENCION DE VUELO RECEPCION,8,UPS,B767-300,CGO,NORTE,BOTH,EVENTO,EVENTO
177,ATENCION DE VUELO RECEPCION,8,UPS,B767-300,CGO,COMBEX,BOTH,EVENTO,EVENTO
178,ATENCION DE VUELO TRANSITO,9,AEROEXPRESS,B737-400,CGO,nan,AC,EVENTO,EVENTO
179,ATENCION DE VUELO TRANSITO,9,AEROUNION,A300,CGO,nan,AC,EVENTO,EVENTO
180,ATENCION DE VUELO TRANSITO,9,AEROUNION,B767-200,CGO,nan,AC,EVENTO,EVENTO
181,ATENCION DE VUELO TRANSITO,9,DHL,B737-400,CGO,COMBEX,BOTH,EVENTO,EVENTO
182,ATENCION DE VUELO TRANSITO,9,DHL,B737-400,CGO,NORTE,BOTH,EVENTO,EVENTO
183,ATENCION DE VUELO TRANSITO,9,DHL,B757-200,CGO,COMBEX,BOTH,EVENTO,EVENTO
184,ATENCION DE VUELO TRANSITO,9,DHL,B757-200,CGO,NORTE,BOTH,EVENTO,EVENTO
185,ATENCION DE VUELO TRANSITO,9,DHL,ATR-42,CGO,COMBEX,BOTH,EVENTO,EVENTO
186,ATENCION DE VUELO TRANSITO,9,DHL,ATR-42,CGO,NORTE,BOTH,EVENTO,EVENTO
187,ATENCION DE VUELO TRANSITO,9,DHL,B767-300,CGO,COMBEX,BOTH,EVENTO,EVENTO
188,ATENCION DE VUELO TRANSITO,9,DHL,B767-300,CGO,NORTE,BOTH,EVENTO,EVENTO
189,ATENCION DE VUELO TRANSITO,9,DHL,DC-8,CGO,nan,BOTH,EVENTO,EVENTO
190,ATENCION DE VUELO TRANSITO,9,DHL,DC-8,CGO,nan,BOTH,EVENTO,EVENTO
191,ATENCION DE VUELO TRANSITO,9,FEDEX,CV-5800,CGO,nan,AC,EVENTO,EVENTO
192,ATENCION DE VUELO TRANSITO,9,FEDEX,LET-410,CGO,nan,AC,EVENTO,EVENTO
193,ATENCION DE VUELO TRANSITO,9,FEDEX,Twin Otter,CGO,nan,AC,EVENTO,EVENTO
194,ATENCION DE VUELO TRANSITO,9,KLM,B747-400,CGO,nan,AC,EVENTO,EVENTO
195,ATENCION DE VUELO TRANSITO,9,LAN CARGO,B767-300,CGO,nan,AC,EVENTO,EVENTO
196,ATENCION DE VUELO TRANSITO,9,LAS CARGO,B727-200,CGO,nan,AC,EVENTO,EVENTO
197,ATENCION DE VUELO TRANSITO,9,TAMPA,A300-600,CGO,nan,AC,EVENTO,EVENTO
198,ATENCION DE VUELO TRANSITO,9,TAMPA,B767-200,CGO,nan,AC,EVENTO,EVENTO
199,ATENCION DE VUELO TRANSITO,9,UPS,B757-200,CGO,nan,AC,EVENTO,EVENTO
200,ATENCION DE VUELO TRANSITO,9,UPS,B767-300,CGO,nan,AC,EVENTO,EVENTO
201,REGRESO A POSICION CON CAMBIO FISICO,21,DHL,ATR-42,CGO,nan,AC,EVENTO,EVENTO
202,REGRESO A POSICION CON CAMBIO FISICO,21,DHL,B727-200,CGO,nan,AC,EVENTO,EVENTO
203,REGRESO A POSICION CON CAMBIO FISICO,21,DHL,DC-8,CGO,nan,AC,EVENTO,EVENTO
204,REGRESO A POSICION SIN CAMBIO FISICO,22,DHL,ATR-42,CGO,nan,AC,EVENTO,EVENTO
205,REGRESO A POSICION SIN CAMBIO FISICO,22,DHL,B737-400,CGO,nan,AC,EVENTO,EVENTO
206,REGRESO A POSICION SIN CAMBIO FISICO,22,DHL,B757-200,CGO,nan,AC,EVENTO,EVENTO
207,REGRESO A POSICION SIN CAMBIO FISICO,22,DHL,DC-8,CGO,nan,AC,EVENTO,EVENTO
208,REGRESO A POSICION SIN CAMBIO FISICO,22,DHL,E-110,CGO,nan,AC,EVENTO,EVENTO
209,REGRESO A POSICION SIN CAMBIO FISICO,22,FEDEX,CV-5800,CGO,nan,AC,EVENTO,EVENTO
210,REGRESO A POSICION SIN CAMBIO FISICO,22,FEDEX,LET-410,CGO,nan,AC,EVENTO,EVENTO
211,REGRESO A POSICION SIN CAMBIO FISICO,22,FEDEX,Twin Otter,CGO,nan,AC,EVENTO,EVENTO
212,REGRESO A POSICION SIN CAMBIO FISICO,22,KLM,B747-400,CGO,nan,AC,EVENTO,EVENTO
213,REGRESO A POSICION SIN CAMBIO FISICO,22,LAN CARGO,B767-300,CGO,nan,AC,EVENTO,EVENTO
214,REGRESO A POSICION SIN CAMBIO FISICO,22,UPS,B757-200,CGO,nan,AC,EVENTO,EVENTO
215,REGRESO A POSICION SIN CAMBIO FISICO,22,UPS,B767-300,CGO,nan,AC,EVENTO,EVENTO
216,REINGRESO DE CARGA,23,INTEREXPRESSO,A300,CGO,nan,AC,HORA,CANT
217,REMOLQUE DE AERONAVE,24,AEROUNION,nan,CGO,nan,nan,EVENTO,EVENTO
218,REMOLQUE DE AERONAVE,24,DHL,nan,CGO,nan,nan,EVENTO,EVENTO
219,REMOLQUE DE AERONAVE,24,FEDEX,nan,CGO,NORTE,DIV,EVENTO,EVENTO
220,REMOLQUE DE AERONAVE,24,FEDEX,nan,CGO,COMBEX,DIV,EVENTO,EVENTO
221,REMOLQUE DE AERONAVE,24,LAN CARGO,nan,CGO,nan,nan,EVENTO,EVENTO
222,REMOLQUE DE AERONAVE,24,LAS CARGO,nan,CGO,nan,nan,EVENTO,EVENTO
223,REMOLQUE DE AERONAVE,24,TAMPA,nan,CGO,nan,nan,EVENTO,EVENTO
224,REMOLQUE DE AERONAVE,24,UPS,nan,CGO,nan,nan,EVENTO,EVENTO
225,SERVICIO DE IMPORTACION / DESPALETIZADO,26,AEROEXPRESS,nan,CGO,CARGA,DIV,KG,CANT
226,SERVICIO DE IMPORTACION / DESPALETIZADO,26,AEROMEXICO,nan,CGO,nan,nan,KG,CANT
227,SERVICIO DE IMPORTACION / DESPALETIZADO,26,"AZUL ",nan,CGO,nan,nan,KG,CANT
228,SERVICIO DE IMPORTACION / DESPALETIZADO,26,DHL,nan,CGO,nan,nan,KG,CANT
229,SERVICIO DE IMPORTACION / DESPALETIZADO,26,FEDEX,nan,CGO,nan,nan,EVENTO,EVENTO
230,SERVICIO DE IMPORTACION / DESPALETIZADO,26,INTEREXPRESSO,nan,CGO,nan,nan,KG,CANT
231,SERVICIO DE IMPORTACION / DESPALETIZADO,26,KLM,nan,CGO,nan,nan,KG,CANT
232,SERVICIO DE IMPORTACION / DESPALETIZADO,26,LAS CARGO,nan,CGO,nan,nan,KG,CANT
233,TRASLADO DE COMAT,30,AEROMEXICO,nan,CGO,nan,nan,HORA,CANT
234,TRASLADO DE COMAT,30,AMERICAN,nan,CGO,nan,nan,HORA,CANT
235,TRASLADO DE COMAT,30,AVIANCA,nan,CGO,nan,nan,HORA,CANT
236,TRASLADO DE COMAT,30,AVIATECA,nan,CGO,nan,nan,HORA,CANT
237,TRASLADO DE COMAT,30,COPA,nan,CGO,nan,nan,HORA,CANT
238,TRASLADO DE COMAT,30,JET BLUE,nan,CGO,nan,nan,HORA,CANT
239,TRASLADO DE COMAT,30,TAG,nan,CGO,nan,nan,HORA,CANT
240,TRASLADO DE COMAT,30,UPS,nan,CGO,nan,nan,HORA,CANT
241,TRASLADO DE EQUIPO,32,DGAC,nan,CGO,nan,nan,HORA,CANT
242,AGUA POTABLE,35,DHL,nan,CGO,nan,nan,EVENTO,EVENTO
243,AGUA POTABLE,35,TAMPA,nan,CGO,nan,nan,EVENTO,EVENTO
244,DRENADO,36,DHL,nan,CGO,nan,nan,EVENTO,EVENTO
245,DRENADO,36,TAMPA,nan,CGO,nan,nan,EVENTO,EVENTO
246,DRENADO,36,UPS,nan,CGO,nan,nan,EVENTO,EVENTO
247,ESCALERA NO MOTORIZADA,38,DHL,nan,CGO,nan,nan,HORA,CANT
248,ESCALERA NO MOTORIZADA,38,TAMPA,nan,CGO,nan,nan,HORA,CANT
249,FAJA,39,TAMPA,nan,CGO,nan,nan,HORA,CANT
250,MONTACARGAS GRANDE >2.5T,41,COMBEX,nan,CGO,nan,nan,HORA,CANT
251,MONTACARGAS GRANDE >2.5T,41,COMBEX,nan,CGO,nan,nan,HORA,CANT
252,MONTACARGAS GRANDE >2.5T,41,COMBEX,nan,CGO,nan,nan,HORA,CANT
253,MONTACARGAS GRANDE >2.5T,41,DGAC,nan,CGO,nan,nan,HORA,CANT
254,MONTACARGAS GRANDE >2.5T,41,DHL,nan,CGO,nan,nan,HORA,CANT
255,MONTACARGAS GRANDE >2.5T,41,INTEREXPRESSO,nan,CGO,nan,nan,HORA,CANT
256,MONTACARGAS GRANDE >2.5T,41,KLM,nan,CGO,nan,nan,HORA,CANT
257,MONTACARGAS GRANDE >2.5T,41,SAG,nan,CGO,nan,nan,HORA,CANT
258,MONTACARGAS GRANDE >2.5T,41,SAG,nan,CGO,nan,nan,HORA,CANT
259,MONTACARGAS GRANDE >2.5T,41,SAG,nan,CGO,nan,nan,HORA,CANT
260,MONTACARGAS GRANDE >2.5T,41,SAG,nan,CGO,nan,nan,HORA,CANT
261,MONTACARGAS GRANDE >2.5T,41,SAG,nan,CGO,nan,nan,HORA,CANT
262,MONTACARGAS GRANDE >2.5T,41,SAG,nan,CGO,nan,nan,HORA,CANT
263,MONTACARGAS GRANDE >2.5T,41,SAG,nan,CGO,nan,nan,HORA,CANT
264,MONTACARGAS PEQUEÑO <=2.5T,42,AEROEXPRESS,nan,CGO,CARGA,DIV,HORA,CANT
265,MONTACARGAS PEQUEÑO <=2.5T,42,AVIATECA,nan,CGO,nan,nan,HORA,CANT
266,MONTACARGAS PEQUEÑO <=2.5T,42,AVIATECA,nan,CGO,nan,nan,HORA,CANT
267,MONTACARGAS PEQUEÑO <=2.5T,42,"BEECHRAFT ",nan,CGO,nan,nan,HORA,CANT
268,MONTACARGAS PEQUEÑO <=2.5T,42,DGAC,nan,CGO,nan,nan,HORA,CANT
269,MONTACARGAS PEQUEÑO <=2.5T,42,DGAC,nan,CGO,nan,nan,HORA,CANT
270,MONTACARGAS PEQUEÑO <=2.5T,42,DHL,nan,CGO,EXPRESS,DIV,HORA,CANT
271,MONTACARGAS PEQUEÑO <=2.5T,42,DHL,nan,CGO,MANTO,DIV,HORA,CANT
272,MONTACARGAS PEQUEÑO <=2.5T,42,DHL,nan,CGO,CARGA,DIV,HORA,CANT
273,MONTACARGAS PEQUEÑO <=2.5T,42,DHL,nan,CGO,nan,nan,HORA,CANT
274,MONTACARGAS PEQUEÑO <=2.5T,42,FEDEX,nan,CGO,nan,nan,HORA,CANT
275,MONTACARGAS PEQUEÑO <=2.5T,42,INTEREXPRESSO,nan,CGO,nan,nan,HORA,CANT
276,MONTACARGAS PEQUEÑO 2.5T,42,INTEREXPRESSO,nan,CGO,nan,nan,HORA,CANT
277,MONTACARGAS PEQUEÑO <=2.5T,42,INTEREXPRESSO,nan,CGO,nan,nan,HORA,CANT
278,MONTACARGAS PEQUEÑO <=2.5T,42,KLM,nan,CGO,nan,nan,HORA,CANT
279,MONTACARGAS PEQUEÑO <=2.5T,42,KUEHNE+NAGEL,nan,CGO,nan,nan,HORA,CANT
280,MONTACARGAS PEQUEÑO <=2.5T,42,LAN CARGO,nan,CGO,nan,nan,HORA,CANT
281,MONTACARGAS PEQUEÑO <=2.5T,42,LAN CARGO,nan,CGO,nan,nan,HORA,CANT
282,MONTACARGAS PEQUEÑO <=2.5T,42,"PRIVADO ",nan,CGO,nan,nan,HORA,CANT
283,MONTACARGAS PEQUEÑO <=2.5T,42,SAG,nan,CGO,nan,nan,HORA,CANT
284,MONTACARGAS PEQUEÑO <=2.5T,42,SAG,nan,CGO,nan,nan,HORA,CANT
285,MONTACARGAS PEQUEÑO <=2.5T,42,SAG,nan,CGO,nan,nan,HORA,CANT
286,MONTACARGAS PEQUEÑO <=2.5T,42,SAG,nan,CGO,nan,nan,HORA,CANT
287,MONTACARGAS PEQUEÑO <=2.5T,42,SAG,nan,CGO,nan,nan,HORA,CANT
288,MONTACARGAS PEQUEÑO <=2.5T,42,SAG,nan,CGO,nan,nan,HORA,CANT
289,MONTACARGAS PEQUEÑO <=2.5T,42,TAG,nan,CGO,nan,nan,HORA,CANT
290,MONTACARGAS PEQUEÑO <=2.5T,42,UPS,nan,CGO,SCS,DIV,HORA,CANT
291,PLANTA ELECTRICA,44,AEROUNION,nan,CGO,nan,nan,HORA,CANT
292,PLANTA ELECTRICA,44,"AURORA AVIATION, S. A. ",nan,CGO,nan,nan,HORA,CANT
293,PLANTA ELECTRICA,44,DHL,nan,CGO,nan,nan,HORA,CANT
294,PLANTA ELECTRICA,44,INTEREXPRESSO,nan,CGO,nan,nan,HORA,CANT
295,PLANTA ELECTRICA,44,KLM,nan,CGO,nan,nan,HORA,CANT
296,PLANTA ELECTRICA,44,LAN CARGO,nan,CGO,nan,nan,HORA,CANT
297,PLANTA ELECTRICA,44,"LAS CARGO ",nan,CGO,nan,nan,HORA,CANT
298,PLANTA ELECTRICA,44,TAMPA,nan,CGO,nan,nan,HORA,CANT
299,PLANTA ELECTRICA,44,TAMPA,nan,CGO,nan,nan,HORA,CANT
300,PLANTA ELECTRICA,44,UPS,nan,CGO,nan,nan,HORA,CANT
301,PLANTA NEUMATICA,45,AEROUNION,nan,CGO,nan,nan,EVENTO,EVENTO
302,PLANTA NEUMATICA,45,DHL,nan,CGO,nan,nan,EVENTO,EVENTO
303,PLANTA NEUMATICA,45,LAN CARGO,nan,CGO,nan,nan,EVENTO,EVENTO
304,PLANTA NEUMATICA,45,SAG,nan,CGO,nan,nan,EVENTO,EVENTO
305,PLANTA NEUMATICA,45,TAMPA,nan,CGO,nan,nan,EVENTO,EVENTO
306,PLANTA NEUMATICA,45,UPS,nan,CGO,nan,nan,EVENTO,EVENTO
307,PUSH BACK,46,AEROEXPRESS,nan,CGO,nan,nan,EVENTO,EVENTO
308,PUSH BACK,46,AEROUNION,nan,CGO,nan,nan,EVENTO,EVENTO
309,PUSH BACK,46,ASSA,nan,CGO,nan,nan,EVENTO,EVENTO
310,PUSH BACK,46,"AURORA AVIATION, S. A. ",nan,CGO,nan,nan,EVENTO,EVENTO
311,PUSH BACK,46,AVIASERVICIOS,nan,CGO,nan,nan,EVENTO,EVENTO
312,PUSH BACK,46,DHL,nan,CGO,nan,nan,EVENTO,EVENTO
313,PUSH BACK,46,FEDEX,nan,CGO,nan,nan,EVENTO,EVENTO
314,PUSH BACK,46,KLM,nan,CGO,nan,nan,EVENTO,EVENTO
315,PUSH BACK,46,LAN CARGO,nan,CGO,nan,nan,EVENTO,EVENTO
316,PUSH BACK,46,MAS AIR,nan,CGO,nan,nan,EVENTO,EVENTO
317,PUSH BACK,46,UNIWORLD,nan,CGO,nan,nan,EVENTO,EVENTO
318,PUSH BACK,46,UPS,nan,CGO,nan,nan,EVENTO,EVENTO
319,TRACTOR,47,AEROUNION,nan,CGO,nan,nan,HORA,CANT
320,TRACTOR,47,AMERIJET,nan,CGO,nan,nan,HORA,CANT
321,TRACTOR,47,AVESA,nan,CGO,nan,nan,HORA,CANT
322,TRACTOR,47,DHL,nan,CGO,nan,nan,HORA,CANT
323,TRACTOR,47,FEDEX,nan,CGO,nan,nan,HORA,CANT
324,TRACTOR,47,KLM,nan,CGO,nan,nan,HORA,CANT
325,TRACTOR,47,SAG,nan,CGO,nan,nan,HORA,CANT
326,TRACTOR,47,TAG,nan,CGO,nan,nan,HORA,CANT
327,TRACTOR,47,UPS,nan,CGO,nan,nan,HORA,CANT
328,BARRA,48,DHL,nan,CGO,nan,nan,EVENTO,EVENTO
329,DOLLY,51,DHL,nan,CGO,nan,nan,HORA,CANT
330,DOLLY,51,INTEREXPRESSO,nan,CGO,nan,nan,HORA,CANT
331,DOLLY,51,SAG,nan,CGO,nan,nan,HORA,CANT
332,ATENCION DE AVIONETA,56,UPS,nan,CGO,nan,nan,HORA,CANT
333,SERVICIO DE BODEGA DE EXPORTACION,57,AEROEXPRESS,nan,CGO,CARGA,DIV,kg,CANT
334,SERVICIO DE BODEGA DE EXPORTACION,57,DHL,nan,CGO,EXPRESS,DIV,kg,CANT
335,SERVICIO DE BODEGA DE EXPORTACION,57,FEDEX,nan,CGO,nan,nan,EVENTO,EVENTO
336,SERVICIO DE BODEGA DE EXPORTACION,57,INTEREXPRESSO,nan,CGO,nan,nan,EVENTO,EVENTO
337,SERVICIO DE BODEGA DE EXPORTACION,57,KLM,nan,CGO,nan,nan,KG,CANT
338,SERVICIO DE BODEGA DE EXPORTACION,57,LAN CARGO,nan,CGO,nan,nan,KG,CANT
339,SERVICIO DE BODEGA DE EXPORTACION,57,TAMPA,nan,CGO,nan,nan,EVENTO,EVENTO
340,SERVICIO DE BODEGA DE EXPORTACION,57,UPS,B757-200,CGO,nan,AC,EVENTO,EVENTO
341,SERVICIO DE BODEGA DE EXPORTACION,57,UPS,B767-300,CGO,nan,AC,EVENTO,EVENTO
342,LOADER LOWER DECK,58,SAG,nan,CGO,nan,nan,HORA,CANT
343,LOADER MAIN DECK,59,DHL,nan,CGO,nan,nan,EVENTO,EVENTO
344,LOADER MAIN DECK,59,SAG,nan,CGO,nan,nan,HORA,CANT
345,DOLLY 20 PIES,60,SAG,nan,CGO,nan,nan,HORA,CANT
346,AERONAVE - TERMINAL,95,FEDEX,nan,CGO,nan,nan,EVENTO,EVENTO
347,AERONAVE - TERMINAL,95,FEDEX,nan,CGO,CARGA,nan,EVENTO,EVENTO
348,AERONAVE - TERMINAL,95,KLM,nan,CGO,nan,nan,EVENTO,EVENTO
349,AERONAVE - TERMINAL,95,UPS,nan,CGO,nan,nan,EVENTO,EVENTO
350,AERONAVE - TERMINAL,95,UPS,nan,CGO,nan,nan,EVENTO,EVENTO
351,AERONAVE - TERMINAL,95,UPS,nan,CGO,nan,nan,EVENTO,EVENTO
352,AERONAVE - TERMINAL,95,UPS,nan,CGO,nan,nan,EVENTO,EVENTO
353,HOTEL - TERMINAL,96,FEDEX,nan,CGO,nan,nan,EVENTO,EVENTO
354,HOTEL - TERMINAL,96,UPS,nan,CGO,nan,nan,EVENTO,EVENTO
355,Vuelo Cancelado,99,AEROUNION,nan,CGO,nan,nan,EVENTO,EVENTO
356,Vuelo Cancelado,99,DHL,ATR-42,CGO,nan,AC,EVENTO,EVENTO
357,Vuelo Cancelado,99,DHL,B757-200,CGO,nan,AC,EVENTO,EVENTO
358,Vuelo Cancelado,99,DHL,B767-300,CGO,nan,AC,EVENTO,EVENTO
359,Vuelo Cancelado,99,DHL,DC-8,CGO,nan,AC,EVENTO,EVENTO
360,Vuelo Cancelado,99,FEDEX,CV-5800,CGO,nan,AC,EVENTO,EVENTO
361,Vuelo Cancelado,99,FEDEX,LET-410,CGO,nan,AC,EVENTO,EVENTO
362,Vuelo Cancelado,99,FEDEX,Twin Otter,CGO,nan,AC,EVENTO,EVENTO
363,Vuelo Cancelado,99,KLM,B747-400,CGO,nan,AC,EVENTO,EVENTO
364,Vuelo Cancelado,99,LAN CARGO,B767-300,CGO,nan,AC,EVENTO,EVENTO
365,Vuelo Cancelado,99,TAMPA,A300-600,CGO,nan,AC,EVENTO,EVENTO
366,Vuelo Cancelado,99,TAMPA,B767-200,CGO,nan,AC,EVENTO,EVENTO
367,RECEPTOR,127,DHL,nan,CGO,nan,nan,HORA,CANT
368,RECEPTOR,127,KUEHNE+NAGEL,nan,CGO,nan,nan,KG,CANT
369,RECEPTOR,127,UPS,nan,CGO,nan,nan,KG,CANT
370,OPERADOR,128,DHL,nan,CGO,nan,nan,HORA,CANT
371,OPERADOR,128,UPS,nan,CGO,nan,nan,KG,CANT
372,AGENTE IMPORTACION,139,AZUL,nan,CGO,nan,nan,EVENTO,EVENTO
373,AGENTE IMPORTACION,139,DHL,nan,CGO,EXPRESS,DIV,EVENTO,EVENTO
374,AGENTE IMPORTACION,139,"LAS CARGO ",nan,CGO,nan,nan,EVENTO,EVENTO
375,AGENTE IMPORTACION,139,UPS,nan,CGO,nan,nan,EVENTO,EVENTO
376,Vuelo Cancelado,99,AEROMEXICO,B737-800,MANTO,nan,nan,EVENTO,EVENTO
377,Vuelo Cancelado,99,COPA,B737-700,MANTO,nan,nan,EVENTO,EVENTO
378,Vuelo Cancelado,99,JET BLUE,nan,MANTO,nan,nan,EVENTO,EVENTO
379,Vuelo Cancelado,99,LAN CARGO,nan,MANTO,nan,nan,EVENTO,EVENTO
380,MANTENIMIENTO TRANSITO,113,21 AIR,nan,MANTO,nan,nan,EVENTO,EVENTO
381,MANTENIMIENTO TRANSITO,113,AEROMEXICO,B737-8,MANTO,nan,AC,EVENTO,EVENTO
382,MANTENIMIENTO TRANSITO,113,AEROMEXICO,B737-800,MANTO,nan,AC,EVENTO,EVENTO
383,MANTENIMIENTO TRANSITO,113,AEROMEXICO,E-190,MANTO,nan,AC,EVENTO,EVENTO
384,MANTENIMIENTO TRANSITO,113,AEROUNION,nan,MANTO,nan,nan,EVENTO,EVENTO
385,MANTENIMIENTO TRANSITO,113,"AURORA AVIATION, S. A. ",nan,MANTO,nan,nan,EVENTO,EVENTO
386,MANTENIMIENTO TRANSITO,113,"AURORA AVIATION, S. A. ",nan,MANTO,nan,nan,EVENTO,EVENTO
387,MANTENIMIENTO TRANSITO,113,AVIATSA,nan,MANTO,nan,nan,EVENTO,EVENTO
388,MANTENIMIENTO TRANSITO,113,COPA,B737-700,MANTO,nan,AC,EVENTO,EVENTO
389,MANTENIMIENTO TRANSITO,113,COPA,B737-800,MANTO,nan,AC,EVENTO,EVENTO
390,MANTENIMIENTO TRANSITO,113,"COPA ",B737-9,MANTO,nan,AC,EVENTO,EVENTO
391,MANTENIMIENTO TRANSITO,113,DHL,ATR-42,MANTO,nan,AC,EVENTO,EVENTO
392,MANTENIMIENTO TRANSITO,113,DHL,B737-400,MANTO,nan,AC,EVENTO,EVENTO
393,MANTENIMIENTO TRANSITO,113,DHL,B757-200,MANTO,nan,AC,EVENTO,EVENTO
394,MANTENIMIENTO TRANSITO,113,DHL,DC-8,MANTO,nan,AC,EVENTO,EVENTO
395,MANTENIMIENTO TRANSITO,113,DHL,E-110,MANTO,nan,AC,EVENTO,EVENTO
396,MANTENIMIENTO TRANSITO,113,JET BLUE,A320,MANTO,nan,AC,EVENTO,EVENTO
397,MANTENIMIENTO TRANSITO,113,JET BLUE,A321,MANTO,nan,AC,EVENTO,EVENTO
398,MANTENIMIENTO TRANSITO,113,"KLM ",B747-400,MANTO,nan,AC,EVENTO,EVENTO
399,MANTENIMIENTO TRANSITO,113,LAN CARGO,B767-300,MANTO,nan,AC,EVENTO,EVENTO
400,MANTENIMIENTO TRANSITO,113,MAS AIR,B737-300,MANTO,nan,AC,EVENTO,EVENTO
401,MANTENIMIENTO TRANSITO (TRANSIT MAINTENANCE),113,TROPIC AIR LIMITED,nan,MANTO,nan,nan,EVENTO,EVENTO
402,MANTENIMIENTO TRANSITO,113,UNIWORLD,nan,MANTO,nan,nan,EVENTO,EVENTO
403,MANTENIMIENTO TRANSITO,113,UPS,B757-200,MANTO,nan,AC,EVENTO,EVENTO
404,MANTENIMIENTO TRANSITO,113,UPS,B767-300,MANTO,nan,AC,EVENTO,EVENTO
405,MANTENIMIENTO RECEPCION,114,AURORA AVIATION,B767-400,MANTO,nan,AC,EVENTO,EVENTO
406,MANTENIMIENTO RECEPCION,114,COPA,B737-700,MANTO,nan,AC,EVENTO,EVENTO
407,MANTENIMIENTO RECEPCION,114,COPA,B737-800,MANTO,nan,AC,EVENTO,EVENTO
408,MANTENIMIENTO RECEPCION,114,COPA,B737-9,MANTO,nan,AC,EVENTO,EVENTO
409,MANTENIMIENTO RECEPCION,114,DHL,B757-200,MANTO,nan,AC,EVENTO,EVENTO
410,MANTENIMIENTO RECEPCION,114,DHL,B767-300,MANTO,nan,AC,EVENTO,EVENTO
411,MANTENIMIENTO RECEPCION,114,DHL,DC-8,MANTO,nan,AC,EVENTO,EVENTO
412,MANTENIMIENTO RECEPCION,114,UPS,B757-200,MANTO,WAI,BOTH,EVENTO,EVENTO
413,MANTENIMIENTO RECEPCION,114,UPS,B757-200,MANTO,PERIODIC,BOTH,EVENTO,EVENTO
414,MANTENIMIENTO RECEPCION,114,UPS,B757-200,MANTO,DAILY,BOTH,EVENTO,EVENTO
415,MANTENIMIENTO RECEPCION,114,UPS,B767-300,MANTO,WAI,BOTH,EVENTO,EVENTO
416,MANTENIMIENTO RECEPCION,114,UPS,B767-300,MANTO,PERIODIC,BOTH,EVENTO,EVENTO
417,MANTENIMIENTO RECEPCION,114,UPS,B767-300,MANTO,DAILY,BOTH,EVENTO,EVENTO
418,MANTENIMIENTO DESPACHO,115,"AURORA AVIATION, S. A. ",nan,MANTO,nan,nan,EVENTO,EVENTO
419,MANTENIMIENTO DESPACHO,115,COPA,B737-700,MANTO,nan,AC,EVENTO,EVENTO
420,MANTENIMIENTO DESPACHO,115,COPA,B737-800,MANTO,nan,AC,EVENTO,EVENTO
421,MANTENIMIENTO DESPACHO,115,COPA,B737-9,MANTO,nan,AC,EVENTO,EVENTO
422,MANTENIMIENTO DESPACHO,115,DHL,B757-200,MANTO,nan,AC,EVENTO,EVENTO
423,MANTENIMIENTO DESPACHO,115,DHL,B767-300,MANTO,nan,AC,EVENTO,EVENTO
424,MANTENIMIENTO DESPACHO,115,DHL,DC-8,MANTO,nan,AC,EVENTO,EVENTO
425,MANTENIMIENTO DESPACHO,115,UPS,B757-200,MANTO,WAI,BOTH,EVENTO,EVENTO
426,MANTENIMIENTO DESPACHO,115,UPS,B757-200,MANTO,PERIODIC,BOTH,EVENTO,EVENTO
427,MANTENIMIENTO DESPACHO,115,UPS,B757-200,MANTO,DAILY,BOTH,EVENTO,EVENTO
428,MANTENIMIENTO DESPACHO,115,UPS,B767-300,MANTO,WAI,BOTH,EVENTO,EVENTO
429,MANTENIMIENTO DESPACHO,115,UPS,B767-300,MANTO,PERIODIC,BOTH,EVENTO,EVENTO
430,MANTENIMIENTO DESPACHO,115,UPS,B767-300,MANTO,DAILY,BOTH,EVENTO,EVENTO
431,HORAS HOMBRE MANTENIMIENTO NRI (MAN HOURS MAINTENANCE),116,21 AIR,nan,MANTO,nan,nan,HORA,CANT
432,HORAS HOMBRE MANTENIMIENTO NRI (MAN HOURS MAINTENANCE),116,ABX,nan,MANTO,nan,nan,HORA,CANT
433,HORAS HOMBRE MANTENIMIENTO NRI (MAN HOURS MAINTENANCE),116,AEROMEXICO,nan,MANTO,nan,nan,HORA,CANT
434,HORAS HOMBRE MANTENIMIENTO NRI (MAN HOURS MAINTENANCE),116,AEROUNION,nan,MANTO,nan,nan,HORA,CANT
435,HORAS HOMBRE MANTENIMIENTO NRI (MAN HOURS MAINTENANCE),116,AMERICAN,nan,MANTO,nan,nan,HORA,CANT
436,HORAS HOMBRE MANTENIMIENTO NRI (MAN HOURS MAINTENANCE),116,COPA,nan,MANTO,nan,nan,HORA,CANT
437,HORAS HOMBRE MANTENIMIENTO NRI (MAN HOURS MAINTENANCE),116,DHL,nan,MANTO,nan,nan,HORA,CANT
438,HORAS HOMBRE MANTENIMIENTO NRI (MAN HOURS MAINTENANCE),116,"FLORIDA WEST INTERNATIONAL AIRWAYS, INC.",nan,MANTO,nan,nan,HORA,CANT
439,HORAS HOMBRE MANTENIMIENTO NRI (MAN HOURS MAINTENANCE),116,JET BLUE,nan,MANTO,nan,nan,HORA,CANT
440,HORAS HOMBRE MANTENIMIENTO NRI (MAN HOURS MAINTENANCE),116,KLM,nan,MANTO,nan,nan,HORA,CANT
441,HORAS HOMBRE MANTENIMIENTO NRI (MAN HOURS MAINTENANCE),116,LAN CARGO,nan,MANTO,nan,nan,HORA,CANT
442,HORAS HOMBRE MANTENIMIENTO NRI (MAN HOURS MAINTENANCE),116,MAS AIR,nan,MANTO,nan,nan,HORA,CANT
443,HORAS HOMBRE MANTENIMIENTO NRI (MAN HOURS MAINTENANCE),116,TROPIC AIR LIMITED,nan,MANTO,nan,nan,HORA,CANT
444,HORAS HOMBRE MANTENIMIENTO NRI (MAN HOURS MAINTENANCE),116,UPS,nan,MANTO,nan,nan,HORA,CANT
445,"SERVICE VISIT 2 ",235,COPA,nan,MANTO,nan,nan,EVENTO,EVENTO
446,"SERVICE VISIT 3 ",236,COPA,nan,MANTO,nan,nan,EVENTO,EVENTO
447,BRAKE RIDE (MAINTENANCE PURPOSE),237,21 AIR,nan,MANTO,nan,nan,EVENTO,EVENTO
448,BRAKE RIDE (MAINTENANCE PURPOSE),237,COPA,nan,MANTO,MANTO,DIV,EVENTO,EVENTO
449,BRAKE RIDE (MAINTENANCE PURPOSE),237,COPA,nan,MANTO,TRAFICO,DIV,EVENTO,EVENTO
450,BRAKE RIDE (MAINTENANCE PURPOSE),237,UPS,nan,MANTO,nan,nan,EVENTO,EVENTO
451,RECARGA DE NITROGENO,240,21 AIR,nan,MANTO,nan,nan,TOTAL,CANT
452,RECARGA DE NITROGENO,240,COPA,nan,MANTO,nan,nan,TOTAL,CANT
453,ADDED TASK (MAN HOURS MAINTENANCE),241,COPA,nan,MANTO,nan,nan,HORA,CANT
454,AGENTE DE LIMPIEZA,2,AEROEXPRESS,nan,PXS,nan,nan,HORA,CANT
455,AGENTE DE LIMPIEZA,2,AMERICAN,nan,PXS,nan,nan,HORA,CANT
456,AGENTE DE LIMPIEZA,2,COPA,nan,PXS,nan,nan,HORA,CANT
457,AGENTE DE LIMPIEZA,2,JET BLUE,nan,PXS,nan,nan,HORA,CANT
458,AGENTE RAMPA,5,AEROMEXICO,nan,PXS,NA,nan,HORA,CANT
459,AGENTE RAMPA,5,AMERICAN,nan,PXS,nan,nan,HORA,CANT
460,AGENTE RAMPA,5,COPA,nan,PXS,nan,nan,HORA,CANT
461,AGENTE RAMPA,5,"GT AVIATION ",nan,PXS,TRAFICO,nan,HORA,CANT
462,AGENTE RAMPA,5,JET BLUE,nan,PXS,nan,nan,HORA,CANT
463,ATENCION DE VUELO DESPACHO,6,AEROMEXICO,B737-8,PXS,nan,AC,EVENTO,EVENTO
464,ATENCION DE VUELO DESPACHO,6,AEROMEXICO,B737-800,PXS,nan,AC,EVENTO,EVENTO
465,ATENCION DE VUELO DESPACHO,6,AEROMEXICO,E-190,PXS,nan,AC,EVENTO,EVENTO
466,ATENCION DE VUELO DESPACHO,6,AMERICAN,B737-8,PXS,nan,AC,EVENTO,EVENTO
467,ATENCION DE VUELO DESPACHO,6,AMERICAN,B737-800,PXS,nan,AC,EVENTO,EVENTO
468,ATENCION DE VUELO DESPACHO,6,ARAJET,B737-8,PXS,nan,AC,EVENTO,EVENTO
469,ATENCION DE VUELO DESPACHO,6,ARAJET,B737-8200,PXS,nan,AC,EVENTO,EVENTO
470,ATENCION DE VUELO DESPACHO,6,COPA,B737-700,PXS,nan,AC,EVENTO,EVENTO
471,ATENCION DE VUELO DESPACHO,6,COPA,B737-800,PXS,nan,AC,EVENTO,EVENTO
472,ATENCION DE VUELO DESPACHO,6,COPA,B737-9,PXS,nan,AC,EVENTO,EVENTO
473,ATENCION DE VUELO DESPACHO,6,JET BLUE,A320,PXS,nan,AC,EVENTO,EVENTO
474,ATENCION DE VUELO DESPACHO,6,JET BLUE,A321,PXS,nan,AC,EVENTO,EVENTO
475,ATENCION DE VUELO FERRY,7,AEROMEXICO,B737-8,PXS,nan,AC,EVENTO,EVENTO
476,ATENCION DE VUELO FERRY,7,AEROMEXICO,B737-800,PXS,nan,AC,EVENTO,EVENTO
477,ATENCION DE VUELO FERRY,7,AMERICAN,B737-8,PXS,nan,AC,EVENTO,EVENTO
478,ATENCION DE VUELO FERRY,7,AMERICAN,B737-800,PXS,nan,AC,EVENTO,EVENTO
479,ATENCION DE VUELO FERRY,7,ARAJET,B737-8,PXS,nan,AC,EVENTO,EVENTO
480,ATENCION DE VUELO FERRY,7,COPA,B737-700,PXS,nan,AC,EVENTO,EVENTO
481,ATENCION DE VUELO FERRY,7,COPA,B737-800,PXS,nan,AC,EVENTO,EVENTO
482,ATENCION DE VUELO FERRY,7,COPA,B737-9,PXS,nan,AC,EVENTO,EVENTO
483,ATENCION DE VUELO FERRY,7,JET BLUE,A320,PXS,nan,AC,EVENTO,EVENTO
484,ATENCION DE VUELO RECEPCION,8,AEROMEXICO,B737-8,PXS,nan,AC,EVENTO,EVENTO
485,ATENCION DE VUELO RECEPCION,8,AEROMEXICO,B737-800,PXS,nan,AC,EVENTO,EVENTO
486,ATENCION DE VUELO RECEPCION,8,AEROMEXICO,E-190,PXS,nan,AC,EVENTO,EVENTO
487,ATENCION DE VUELO RECEPCION,8,AMERICAN,B737-8,PXS,nan,AC,EVENTO,EVENTO
488,ATENCION DE VUELO RECEPCION,8,AMERICAN,B737-800,PXS,nan,AC,EVENTO,EVENTO
489,ATENCION DE VUELO RECEPCION,8,ARAJET,B737-8,PXS,nan,AC,EVENTO,EVENTO
490,ATENCION DE VUELO RECEPCION,8,COPA,B737-700,PXS,nan,AC,EVENTO,EVENTO
491,ATENCION DE VUELO RECEPCION,8,COPA,B737-800,PXS,nan,AC,EVENTO,EVENTO
492,ATENCION DE VUELO RECEPCION,8,COPA,B737-9,PXS,nan,AC,EVENTO,EVENTO
493,ATENCION DE VUELO RECEPCION,8,JET BLUE,A320,PXS,nan,AC,EVENTO,EVENTO
494,ATENCION DE VUELO RECEPCION,8,JET BLUE,A321,PXS,nan,AC,EVENTO,EVENTO
495,ATENCION DE VUELO TRANSITO,9,AEROEXPRESS,B737-400,PXS,nan,AC,EVENTO,EVENTO
496,ATENCION DE VUELO TRANSITO,9,AEROLÍNEAS SOSA,SAAB 340,PXS,nan,AC,EVENTO,EVENTO
497,ATENCION DE VUELO TRANSITO,9,AEROMEXICO,B737-8,PXS,nan,AC,EVENTO,EVENTO
498,ATENCION DE VUELO TRANSITO,9,AEROMEXICO,B737-800,PXS,nan,AC,EVENTO,EVENTO
499,ATENCION DE VUELO TRANSITO,9,AEROMEXICO,E-190,PXS,nan,AC,EVENTO,EVENTO
500,ATENCION DE VUELO TRANSITO,9,AMERICAN,B737-8,PXS,nan,AC,EVENTO,EVENTO
501,ATENCION DE VUELO TRANSITO,9,AMERICAN,B737-800,PXS,nan,AC,EVENTO,EVENTO
502,ATENCION DE VUELO TRANSITO,9,ARAJET,B737-8,PXS,nan,AC,EVENTO,EVENTO
503,ATENCION DE VUELO TRANSITO,9,ARAJET,B737-8200,PXS,nan,AC,EVENTO,EVENTO
504,ATENCION DE VUELO TRANSITO,9,COPA,B737-700,PXS,nan,AC,EVENTO,EVENTO
505,ATENCION DE VUELO TRANSITO,9,COPA,B737-800,PXS,nan,AC,EVENTO,EVENTO
506,ATENCION DE VUELO TRANSITO,9,COPA,B737-9,PXS,nan,AC,EVENTO,EVENTO
507,ATENCION DE VUELO TRANSITO,9,INTEGRITY AVIATION SYSTEM,ATR-72,PXS,nan,AC,EVENTO,EVENTO
508,ATENCION DE VUELO TRANSITO,9,INTEGRITY AVIATION SYSTEM,B737-300,PXS,nan,AC,EVENTO,EVENTO
509,ATENCION DE VUELO TRANSITO,9,JET BLUE,A320,PXS,nan,AC,EVENTO,EVENTO
510,ATENCION DE VUELO TRANSITO,9,JET BLUE,A321,PXS,nan,AC,EVENTO,EVENTO
511,ATENCION DE VUELO TRANSITO,9,WINGO,B737-800,PXS,nan,AC,EVENTO,EVENTO
512,LAVADO EXTERIOR,17,DHL,ATR-42,PXS,nan,AC,EVENTO,EVENTO
513,LAVADO EXTERIOR,17,DHL,B737-400,PXS,nan,AC,EVENTO,EVENTO
514,LAVADO EXTERIOR,17,DHL,B757-200,PXS,nan,AC,EVENTO,EVENTO
515,LAVADO EXTERIOR,17,DHL,"DC-8 ",PXS,nan,AC,EVENTO,EVENTO
516,LAVADO EXTERIOR,17,DHL,E-110,PXS,nan,AC,EVENTO,EVENTO
517,REGRESO A POSICION CON CAMBIO FISICO,21,AMERICAN,B737-8,PXS,nan,AC,EVENTO,EVENTO
518,REGRESO A POSICION CON CAMBIO FISICO,21,AMERICAN,B737-800,PXS,nan,AC,EVENTO,EVENTO
519,REGRESO A POSICION CON CAMBIO FISICO,21,COPA,B737-700,PXS,nan,AC,EVENTO,EVENTO
520,REGRESO A POSICION CON CAMBIO FISICO,21,COPA,B737-800,PXS,nan,AC,EVENTO,EVENTO
521,REGRESO A POSICION CON CAMBIO FISICO,21,COPA,B737-9,PXS,nan,AC,EVENTO,EVENTO
522,REGRESO A POSICION SIN CAMBIO FISICO,22,AMERICAN,B737-8,PXS,nan,AC,EVENTO,EVENTO
523,REGRESO A POSICION SIN CAMBIO FISICO,22,AMERICAN,B737-800,PXS,nan,AC,EVENTO,EVENTO
524,REGRESO A POSICION SIN CAMBIO FISICO,22,COPA,B737-700,PXS,nan,AC,EVENTO,EVENTO
525,REGRESO A POSICION SIN CAMBIO FISICO,22,COPA,B737-800,PXS,nan,AC,EVENTO,EVENTO
526,REGRESO A POSICION SIN CAMBIO FISICO,22,COPA,B737-9,PXS,nan,AC,EVENTO,EVENTO
527,REGRESO A POSICION SIN CAMBIO FISICO,22,JET BLUE,A320,PXS,nan,AC,EVENTO,EVENTO
528,REGRESO A POSICION SIN CAMBIO FISICO,22,JET BLUE,A321,PXS,nan,AC,EVENTO,EVENTO
529,REINGRESO DE CARGA,23,AEROEXPRESS,nan,PXS,CARGA,DIV,HORA,CANT
530,REINGRESO DE CARGA,23,AEROMEXICO,nan,PXS,nan,nan,kg,CANT
531,REINGRESO DE CARGA,23,AMERICAN,nan,PXS,nan,nan,HORA,CANT
532,REINGRESO DE CARGA,23,COPA,nan,PXS,nan,nan,HORA,CANT
533,REMOLQUE DE AERONAVE,24,AEROEXPRESS,nan,PXS,TRAFICO,DIV,EVENTO,EVENTO
534,REMOLQUE DE AERONAVE,24,AEROEXPRESS,nan,PXS,CGO,DIV,EVENTO,EVENTO
535,REMOLQUE DE AERONAVE,24,AEROMEXICO,nan,PXS,nan,nan,EVENTO,EVENTO
536,REMOLQUE DE AERONAVE,24,AMERICAN,nan,PXS,nan,nan,EVENTO,EVENTO
537,REMOLQUE DE AERONAVE,24,AMERICAN,nan,PXS,nan,nan,EVENTO,EVENTO
538,REMOLQUE DE AERONAVE,24,AZUL,nan,PXS,nan,nan,EVENTO,EVENTO
539,REMOLQUE DE AERONAVE,24,COPA,nan,PXS,nan,nan,EVENTO,EVENTO
540,REMOLQUE DE AERONAVE,24,COPA,nan,PXS,nan,nan,EVENTO,EVENTO
541,REPESO DE CARGA,25,AEROEXPRESS,nan,PXS,CARGA,DIV,KG,CANT
542,REPESO DE CARGA,25,AEROEXPRESS,nan,PXS,TRAFICO,DIV,KG,CANT
543,REPESO DE CARGA,25,AEROMEXICO,nan,PXS,nan,nan,KG,CANT
544,REPESO DE CARGA,25,AMERICAN,nan,PXS,nan,nan,KG,CANT
545,REPESO DE CARGA,25,COPA,nan,PXS,nan,nan,KG,CANT
546,REPESO DE CARGA,25,DHL,nan,PXS,nan,nan,KG,CANT
547,SERVICIO DE IMPORTACION / DESPALETIZADO,26,AEROEXPRESS,nan,PXS,nan,nan,KG,CANT
548,SERVICIO DE IMPORTACION / DESPALETIZADO,26,AEROMEXICO,nan,PXS,nan,nan,KG,CANT
549,TRASLADO DE COMAT,30,AEROMEXICO,nan,PXS,nan,nan,HORA,CANT
550,TRASLADO DE COMAT,30,AMERICAN,nan,PXS,nan,nan,HORA,CANT
551,TRASLADO DE COMAT,30,COPA,nan,PXS,nan,nan,HORA,CANT
552,TRASLADO DE COMAT,30,JET BLUE,nan,PXS,nan,nan,HORA,CANT
553,TRASLADO DE EQUIPAJE,31,COPA,nan,PXS,nan,nan,HORA,CANT
554,TRASLADO DE EQUIPO,32,AMERICAN,nan,PXS,nan,nan,HORA,CANT
555,DRENADO,36,DHL,nan,PXS,nan,nan,EVENTO,EVENTO
556,DRENADO,36,INTEGRITY AVIATION SYSTEM,nan,PXS,nan,nan,EVENTO,EVENTO
557,DRENADO,36,SAG,nan,PXS,nan,nan,EVENTO,EVENTO
558,DRENADO,36,TAG,nan,PXS,nan,nan,EVENTO,EVENTO
559,DRENADO,36,TAG,nan,PXS,nan,nan,EVENTO,EVENTO
560,ESCALERA MOTORIZADA,37,AEROMEXICO,nan,PXS,nan,nan,HORA,CANT
561,ESCALERA MOTORIZADA,37,SAG,nan,PXS,nan,nan,HORA,CANT
562,ESCALERA NO MOTORIZADA,38,AMERICAN,nan,PXS,nan,nan,HORA,CANT
563,ESCALERA NO MOTORIZADA,38,COPA,nan,PXS,nan,nan,HORA,CANT
564,ESCALERA NO MOTORIZADA,38,GUATEMALA Dispatch,nan,PXS,nan,nan,HORA,CANT
565,ESCALERA NO MOTORIZADA,38,SAG,nan,PXS,nan,nan,HORA,CANT
566,FAJA,39,TAG,nan,PXS,nan,nan,HORA,CANT
567,LIFTER,40,AMERICAN,nan,PXS,nan,nan,HORA,CANT
568,LIFTER,40,DHL,nan,PXS,HORA,nan,HORA,CANT
569,PLANTA DE AIRE ACONDICIONADO,43,AMERICAN,nan,PXS,nan,nan,HORA,CANT
570,PLANTA ELECTRICA,44,AEROEXPRESS,nan,PXS,TRAFICO,DIV,HORA,CANT
571,PLANTA ELECTRICA,44,AEROEXPRESS,nan,PXS,CGO,DIV,HORA,CANT
572,PLANTA ELECTRICA,44,AEROMEXICO,nan,PXS,nan,nan,HORA,CANT
573,PLANTA ELECTRICA,44,AMERICAN,nan,PXS,TRAFICO,DIV,HORA,CANT
574,PLANTA ELECTRICA,44,AMERICAN,nan,PXS,MANTO,DIV,HORA,CANT
575,PLANTA ELECTRICA,44,COPA,nan,PXS,TRAFICO,DIV,HORA,CANT
576,PLANTA ELECTRICA,44,COPA,nan,PXS,MANTO,DIV,HORA,CANT
577,PLANTA ELECTRICA,44,INTEGRITY AVIATION SYSTEM,nan,PXS,nan,nan,HORA,CANT
578,PLANTA ELECTRICA,44,JET BLUE,nan,PXS,TRAFICO,DIV,HORA,CANT
579,PLANTA ELECTRICA,44,JET BLUE,nan,PXS,MANTO,DIV,HORA,CANT
580,PLANTA ELECTRICA,44,TAG,nan,PXS,nan,nan,HORA,CANT
581,PLANTA NEUMATICA,45,AEROMEXICO,nan,PXS,nan,nan,EVENTO,EVENTO
582,PLANTA NEUMATICA,45,AMERICAN,nan,PXS,nan,nan,EVENTO,EVENTO
583,PLANTA NEUMATICA,45,COPA,nan,PXS,nan,nan,EVENTO,EVENTO
584,PLANTA NEUMATICA,45,INTEGRITY AVIATION SYSTEM,nan,PXS,nan,nan,EVENTO,EVENTO
585,PLANTA NEUMATICA,45,JET BLUE,nan,PXS,nan,nan,EVENTO,EVENTO
586,PLANTA NEUMATICA,45,SAG,nan,PXS,nan,nan,EVENTO,EVENTO
587,PLANTA NEUMATICA,45,TAG,nan,PXS,nan,nan,EVENTO,EVENTO
588,PUSH BACK,46,AEROMEXICO,nan,PXS,TRAFICO,nan,EVENTO,EVENTO
589,PUSH BACK,46,AMERICAN,nan,PXS,nan,nan,EVENTO,EVENTO
590,PUSH BACK,46,AMERICAN,nan,PXS,nan,nan,EVENTO,EVENTO
591,PUSH BACK,46,ARAJET,nan,PXS,nan,nan,EVENTO,EVENTO
592,PUSH BACK,46,COPA,nan,PXS,nan,nan,EVENTO,EVENTO
593,PUSH BACK,46,VIVA AEROBUS,nan,PXS,nan,nan,EVENTO,EVENTO
594,DOLLY,51,AMERICAN,nan,PXS,nan,nan,HORA,CANT
595,DOLLY,51,AVIATECA,nan,PXS,nan,nan,HORA,CANT
596,DOLLY,51,COPA,nan,PXS,nan,nan,HORA,CANT
597,DOLLY,51,VIP DISPATCH,nan,PXS,nan,nan,HORA,CANT
598,REMOLCADOR GRANDE >767,54,TAG,nan,PXS,nan,nan,HORA,CANT
599,Vuelo Cancelado,99,AEROMEXICO,B737-700,PXS,nan,AC,EVENTO,EVENTO
600,Vuelo Cancelado,99,AEROMEXICO,B737-8,PXS,nan,AC,EVENTO,EVENTO
601,Vuelo Cancelado,99,AEROMEXICO,B737-800,PXS,nan,AC,EVENTO,EVENTO
602,Vuelo Cancelado,99,AMERICAN,B737-8,PXS,nan,AC,EVENTO,EVENTO
603,Vuelo Cancelado,99,AMERICAN,B737-800,PXS,nan,AC,EVENTO,EVENTO
604,Vuelo Cancelado,99,AZUL,A320,PXS,nan,AC,EVENTO,EVENTO
605,Vuelo Cancelado,99,AZUL,A321,PXS,nan,AC,EVENTO,EVENTO
606,Vuelo Cancelado,99,COPA,B737-700,PXS,nan,AC,EVENTO,EVENTO
607,Vuelo Cancelado,99,COPA,B737-800,PXS,nan,AC,EVENTO,EVENTO
608,Vuelo Cancelado,99,COPA,B737-9,PXS,nan,AC,EVENTO,EVENTO
609,Vuelo Cancelado,99,INTEGRITY AVIATION SYSTEM,nan,PXS,nan,nan,EVENTO,EVENTO
610,Vuelo Cancelado,99,JET BLUE,A320,PXS,nan,AC,EVENTO,EVENTO
611,Vuelo Cancelado,99,JET BLUE,A321,PXS,nan,AC,EVENTO,EVENTO
612,LIMPIEZA OFICINAS,121,AEROMEXICO,nan,PXS,nan,nan,EVENTO,EVENTO
613,LIMPIEZA OFICINAS,121,AMERICAN,nan,PXS,nan,nan,EVENTO,EVENTO
614,LIMPIEZA OFICINAS,121,COPA,nan,PXS,nan,nan,EVENTO,EVENTO
615,LIMPIEZA OFICINAS,121,JET BLUE,nan,PXS,nan,nan,EVENTO,EVENTO
616,ATENCION DE VUELO ESCALA TECNICA,142,AMERICAN,B737-8,PXS,nan,AC,EVENTO,EVENTO
617,ATENCION DE VUELO ESCALA TECNICA,142,AMERICAN,B737-800,PXS,nan,AC,EVENTO,EVENTO
618,SANITIZACION DE EQUIPAJES,238,AEROEXPRESS,nan,PXS,nan,nan,EVENTO,EVENTO
619,SANITIZACION DE EQUIPAJES,238,AEROMEXICO,nan,PXS,nan,nan,EVENTO,EVENTO
620,SANITIZACION DE EQUIPAJES,238,COPA,nan,PXS,nan,nan,EVENTO,EVENTO
621,"ATENCIÓN POR CANCELACIÓN ",99,AEROMEXICO,B737-8,SAP,nan,AC,HORA,CANT
622,"ATENCIÓN POR CANCELACIÓN ",99,AEROMEXICO,B737-800,SAP,nan,AC,HORA,CANT
623,"ATENCIÓN POR CANCELACIÓN ",99,AEROMEXICO,E-190,SAP,nan,AC,HORA,CANT
624,"ATENCIÓN POR CANCELACIÓN ",99,COPA,B737-700,SAP,nan,AC,HORA,CANT
625,"ATENCIÓN POR CANCELACIÓN ",99,COPA,B737-800,SAP,nan,AC,HORA,CANT
626,"ATENCIÓN POR CANCELACIÓN ",99,COPA,B737-9,SAP,nan,AC,HORA,CANT
627,"ATENCIÓN POR CANCELACIÓN ",99,JET BLUE,A320,SAP,nan,AC,HORA,CANT
628,"ATENCIÓN POR CANCELACIÓN ",99,JET BLUE,A321,SAP,nan,AC,HORA,CANT
629,COPA  CLUB,122,COPA,nan,SAP,nan,nan,HORA,CANT
630,ATENCIÓN DE PASAJEROS TRANSITO,143,AEROMEXICO,B737-8,SAP,nan,AC,EVENTO,EVENTO
631,ATENCIÓN DE PASAJEROS TRANSITO,143,AEROMEXICO,B737-800,SAP,nan,AC,EVENTO,EVENTO
632,ATENCIÓN DE PASAJEROS TRANSITO,143,AEROMEXICO,E-190,SAP,nan,AC,EVENTO,EVENTO
633,ATENCIÓN DE PASAJEROS TRANSITO,143,ARAJET,B737-8,SAP,nan,AC,EVENTO,EVENTO
634,ATENCIÓN DE PASAJEROS TRANSITO,143,ARAJET,B737-8200,SAP,nan,AC,EVENTO,EVENTO
635,ATENCIÓN DE PASAJEROS TRANSITO,143,COPA,B737-700,SAP,nan,AC,EVENTO,EVENTO
636,ATENCIÓN DE PASAJEROS TRANSITO,143,COPA,B737-800,SAP,nan,AC,EVENTO,EVENTO
637,ATENCIÓN DE PASAJEROS TRANSITO,143,COPA,B737-9,SAP,nan,AC,EVENTO,EVENTO
638,ATENCIÓN DE PASAJEROS TRANSITO,143,JET BLUE,A320,SAP,nan,AC,EVENTO,EVENTO
639,ATENCIÓN DE PASAJEROS TRANSITO,143,JET BLUE,A321,SAP,nan,AC,EVENTO,EVENTO
640,ATENCIÓN DE PASAJEROS TRANSITO,143,WINGO,B737-800,SAP,nan,AC,EVENTO,EVENTO
641,ATENCIÓN DE PASAJEROS DESPACHO,144,AEROMEXICO,B737-8,SAP,nan,AC,EVENTO,EVENTO
642,ATENCIÓN DE PASAJEROS DESPACHO,144,AEROMEXICO,B737-800,SAP,nan,AC,EVENTO,EVENTO
643,ATENCIÓN DE PASAJEROS DESPACHO,144,AEROMEXICO,E-190,SAP,nan,AC,EVENTO,EVENTO
644,ATENCIÓN DE PASAJEROS DESPACHO,144,ARAJET,B737-8,SAP,nan,AC,EVENTO,EVENTO
645,ATENCIÓN DE PASAJEROS DESPACHO,144,ARAJET,B737-8200,SAP,nan,AC,EVENTO,EVENTO
646,ATENCIÓN DE PASAJEROS DESPACHO,144,COPA,B737-700,SAP,nan,AC,EVENTO,EVENTO
647,ATENCIÓN DE PASAJEROS DESPACHO,144,COPA,B737-800,SAP,nan,AC,EVENTO,EVENTO
648,ATENCIÓN DE PASAJEROS DESPACHO,144,COPA,B737-9,SAP,nan,AC,EVENTO,EVENTO
649,ATENCIÓN DE PASAJEROS DESPACHO,144,JET BLUE,A320,SAP,nan,AC,EVENTO,EVENTO
650,ATENCIÓN DE PASAJEROS DESPACHO,144,JET BLUE,A321,SAP,nan,AC,EVENTO,EVENTO
651,ATENCIÓN DE PASAJEROS RECEPCIÓN,145,AEROLÍNEAS SOSA,SAAB 340,SAP,nan,AC,EVENTO,EVENTO
652,ATENCIÓN DE PASAJEROS RECEPCIÓN,145,AEROMEXICO,B737-8,SAP,nan,AC,EVENTO,EVENTO
653,ATENCIÓN DE PASAJEROS RECEPCIÓN,145,AEROMEXICO,B737-800,SAP,nan,AC,EVENTO,EVENTO
654,ATENCIÓN DE PASAJEROS RECEPCIÓN,145,AEROMEXICO,E-190,SAP,nan,AC,EVENTO,EVENTO
655,ATENCIÓN DE PASAJEROS RECEPCIÓN,145,ARAJET,B737-8,SAP,nan,AC,EVENTO,EVENTO
656,ATENCIÓN DE PASAJEROS RECEPCIÓN,145,ARAJET,B737-8200,SAP,nan,AC,EVENTO,EVENTO
657,ATENCIÓN DE PASAJEROS RECEPCIÓN,145,COPA,B737-700,SAP,nan,AC,EVENTO,EVENTO
658,ATENCIÓN DE PASAJEROS RECEPCIÓN,145,COPA,B737-800,SAP,nan,AC,EVENTO,EVENTO
659,ATENCIÓN DE PASAJEROS RECEPCIÓN,145,COPA,B737-9,SAP,nan,AC,EVENTO,EVENTO
660,ATENCIÓN DE PASAJEROS RECEPCIÓN,145,JET BLUE,A320,SAP,nan,AC,EVENTO,EVENTO
661,ATENCIÓN DE PASAJEROS RECEPCIÓN,145,JET BLUE,A321,SAP,nan,AC,EVENTO,EVENTO
662,"ATENCION DE PASAJEROS ESCALA TECNICA ",146,COPA,B737-800,SAP,nan,AC,EVENTO,EVENTO
663,"ATENCION DE PASAJEROS ESCALA TECNICA ",146,COPA,B737-800,SAP,nan,AC,EVENTO,EVENTO
664,"ATENCION DE PASAJEROS ESCALA TECNICA ",146,COPA,B737-800,SAP,nan,AC,EVENTO,EVENTO
665,"ATENCIÓN POR CANCELACIÓN ",148,COPA,B737-700,SAP,nan,AC,EVENTO,EVENTO
666,"ATENCIÓN POR CANCELACIÓN ",148,COPA,B737-700,SAP,nan,AC,EVENTO,EVENTO
667,"ATENCIÓN POR CANCELACIÓN ",148,COPA,B737-800,SAP,nan,AC,EVENTO,EVENTO
668,"ATENCIÓN POR CANCELACIÓN ",148,COPA,B737-800,SAP,nan,AC,EVENTO,EVENTO
669,"ATENCIÓN POR CANCELACIÓN ",148,COPA,B737-9,SAP,nan,AC,EVENTO,EVENTO
670,"ATENCIÓN POR CANCELACIÓN ",148,COPA,B737-9,SAP,nan,AC,EVENTO,EVENTO
671,"ATENCIÓN POR CANCELACIÓN ",148,JET BLUE,A320,SAP,nan,AC,EVENTO,EVENTO
672,"ATENCIÓN POR CANCELACIÓN ",148,JET BLUE,A321,SAP,nan,AC,EVENTO,EVENTO
673,"ATENCIÓN POR DEMORA DE VUELO ",149,AEROMEXICO,nan,SAP,nan,nan,EVENTO,EVENTO
674,"ATENCIÓN POR DEMORA DE VUELO ",149,COPA,nan,SAP,nan,nan,EVENTO,EVENTO
675,"ATENCIÓN POR DEMORA DE VUELO ",149,JET BLUE,nan,SAP,nan,nan,EVENTO,EVENTO
676,ATENCIÓN Y DEMORA DE EQUIPAJE,150,COPA,nan,SAP,nan,nan,HORA,CANT
677,ATENCIÓN DE PASAJEROS INADMISIBLE,151,COPA,nan,SAP,nan,nan,HORA,CANT
678,"ATENCION POR EMERGENCIA DE OPERACIÓN ",152,COPA,nan,SAP,nan,nan,HORA,CANT
679,AGENTE SAP,162,AEROMEXICO,nan,SAP,nan,nan,HORA,CANT
680,AGENTE SAP,162,COPA,nan,SAP,nan,nan,HORA,CANT
681,AGENTE SAP,162,JET BLUE,nan,SAP,nan,nan,HORA,CANT
682,AGENTE SAP,162,VIVA AEROBUS,nan,SAP,nan,nan,HORA,CANT
683,AGENTE SAP,162,WINGO,nan,SAP,nan,nan,HORA,CANT
684,SUPERVISOR SAP,163,AEROMEXICO,nan,SAP,nan,nan,HORA,CANT
685,SUPERVISOR SAP,163,COPA,nan,SAP,nan,nan,HORA,CANT
686,SUPERVISOR SAP,163,JET BLUE,nan,SAP,nan,nan,HORA,CANT
687,SUPERVISOR SAP,163,VIVA AEROBUS,nan,SAP,nan,nan,HORA,CANT
688,SUPERVISOR SAP,163,WINGO,nan,SAP,nan,nan,HORA,CANT
689,COPA CLUB,229,COPA,nan,SAP,nan,nan,HORA,CANT
690,REINGRESO DE CARGA,23,AEROMEXICO,nan,SEC,nan,nan,HORA,Cant
691,REINGRESO DE CARGA,23,AVIANCA,nan,SEC,nan,nan,HORA,Cant
692,REINGRESO DE CARGA,23,DELTA,nan,SEC,nan,nan,HORA,Cant
693,COURIER,62,DELTA,nan,SEC,nan,nan,HORA,Cant
694,COURIER,62,TAMPA,nan,SEC,nan,nan,HORA,Cant
695,CUSTODIA DE AERONAVE,63,AERO JL S. A. DE CV,nan,SEC,nan,nan,HORA,Cant
696,CUSTODIA DE AERONAVE,63,AERO TOMZA S.A DE C.V,nan,SEC,nan,nan,HORA,Cant
697,CUSTODIA DE AERONAVE,63,AEROLÍNEAS EJECUTIVAS S.A. DE C.V.,nan,SEC,nan,nan,HORA,Cant
698,CUSTODIA DE AERONAVE,63,AEROMEXICO,nan,SEC,nan,nan,HORA,Cant
699,CUSTODIA DE AERONAVE,63,AERONAVEJH,nan,SEC,nan,nan,HORA,Cant
700,CUSTODIA DE AERONAVE,63,"AERONAVEJH ",nan,SEC,nan,nan,HORA,Cant
701,CUSTODIA DE AERONAVE,63,"AEROPUERTO TRANS. ANDINO AEROTRANSA, S.A",nan,SEC,nan,nan,HORA,Cant
702,CUSTODIA DE AERONAVE,63,AEROTAXIS METROPOLITANOS,nan,SEC,nan,nan,HORA,Cant
703,CUSTODIA DE AERONAVE,63,AEROWISE,nan,SEC,nan,nan,HORA,Cant
704,CUSTODIA DE AERONAVE,63,"AEROWISE ",nan,SEC,nan,nan,HORA,Cant
705,CUSTODIA DE AERONAVE,63,"AIR RODRIGUEZ LLC ",nan,SEC,nan,nan,HORA,Cant
706,CUSTODIA DE AERONAVE,63,AVEMEX S. A DE C. V,nan,SEC,nan,nan,HORA,Cant
707,CUSTODIA DE AERONAVE,63,AVIANCA,nan,SEC,nan,nan,HORA,Cant
708,CUSTODIA DE AERONAVE,63,AVIONES Y HELICÓPTEROS EJECUTIVOS S.A DE C.V,nan,SEC,nan,nan,HORA,Cant
709,CUSTODIA DE AERONAVE,63,AZUL,nan,SEC,nan,nan,HORA,Cant
710,CUSTODIA DE AERONAVE,63,BILENAIR,nan,SEC,nan,nan,HORA,Cant
711,CUSTODIA DE AERONAVE,63,BLUE SKY JET AVIATION,nan,SEC,nan,nan,HORA,Cant
712,CUSTODIA DE AERONAVE,63,DELTA,nan,SEC,nan,nan,HORA,Cant
713,CUSTODIA DE AERONAVE,63,DISPACH AIR,nan,SEC,nan,nan,HORA,Cant
714,CUSTODIA DE AERONAVE,63,"DISPACH AIR ",nan,SEC,nan,nan,HORA,Cant
715,CUSTODIA DE AERONAVE,63,EUROPHARMA LABORATORIOS S.A.,nan,SEC,nan,nan,HORA,Cant
716,CUSTODIA DE AERONAVE,63,EURUS,nan,SEC,nan,nan,HORA,Cant
717,CUSTODIA DE AERONAVE,63,INMOBILIARIA ROREROKA SA DE CV,nan,SEC,nan,nan,HORA,Cant
718,CUSTODIA DE AERONAVE,63,INTERNACIONAL AVIATION SERVICES,nan,SEC,nan,nan,HORA,Cant
719,CUSTODIA DE AERONAVE,63,JETSTIME,nan,SEC,nan,nan,HORA,Cant
720,CUSTODIA DE AERONAVE,63,"MUSSON AVIATION ",nan,SEC,nan,nan,HORA,Cant
721,CUSTODIA DE AERONAVE,63,PERFORMANCE AIR SA PI DE CV,nan,SEC,nan,nan,HORA,Cant
722,CUSTODIA DE AERONAVE,63,"PIKE AVIATION ",nan,SEC,nan,nan,HORA,Cant
723,CUSTODIA DE AERONAVE,63,REAL ALFA FLIGHT,nan,SEC,nan,nan,HORA,Cant
724,CUSTODIA DE AERONAVE,63,SERVICIO AERONAUTICOS Z,nan,SEC,nan,nan,HORA,Cant
725,CUSTODIA DE AERONAVE,63,SERVICIOS AÉREOS ACROSS S.A DE C.V,nan,SEC,nan,nan,HORA,Cant
726,CUSTODIA DE AERONAVE,63,SERVICIOS AERONAUTICOS ZETA S.A DE C.V,nan,SEC,nan,nan,HORA,Cant
727,CUSTODIA DE AERONAVE,63,"Servicios corporativos GES de SA de CU ",nan,SEC,nan,nan,HORA,Cant
728,CUSTODIA DE AERONAVE,63,SERVICIOS DE INFORMÁTICA Y VARIABLES EMPRESA INTEGRADORA S.A DE C.V.,nan,SEC,nan,nan,HORA,Cant
729,CUSTODIA DE AERONAVE,63,SERVICIOS INTEGRALES DE AVIACIÓN S.A DE C.V,nan,SEC,nan,nan,HORA,Cant
730,CUSTODIA DE AERONAVE,63,"TAG AVIATION ",nan,SEC,nan,nan,HORA,Cant
731,CUSTODIA DE AERONAVE,63,TAMPA,nan,SEC,nan,nan,HORA,Cant
732,CUSTODIA DE AERONAVE,63,TOMZAJET,nan,SEC,nan,nan,HORA,CANT
733,CUSTODIA DE AERONAVE,63,ULTRACEM,nan,SEC,nan,nan,HORA,Cant
734,CUSTODIA DE AERONAVE,63,UNIVERSAL WEATHER,nan,SEC,nan,nan,HORA,Cant
735,CUSTODIA DE AERONAVE,63,UPS,nan,SEC,nan,nan,HORA,Cant
736,CUSTODIA DE AERONAVE,63,WORLD FUEL SERVICES|,nan,SEC,nan,nan,HORA,Cant
737,CUSTODIA DE AERONAVE,63,XEROX,nan,SEC,nan,nan,HORA,Cant
738,CUSTODIA DE CARGA ENTRANTE,64,AEROMEXICO,nan,SEC,nan,nan,HORA,Cant
739,CUSTODIA DE CARGA ENTRANTE,64,AVIANCA,nan,SEC,nan,nan,HORA,Cant
740,CUSTODIA DE CARGA ENTRANTE,64,AZUL,nan,SEC,nan,nan,HORA,Cant
741,CUSTODIA DE CARGA ENTRANTE,64,DELTA,nan,SEC,nan,nan,HORA,Cant
742,CUSTODIA DE CARGA ENTRANTE,64,TAMPA,nan,SEC,nan,nan,HORA,Cant
743,CUSTODIA DE CARGA SALIENTE,65,AEROMEXICO,nan,SEC,nan,nan,HORA,Cant
744,CUSTODIA DE CARGA SALIENTE,65,AVIANCA,nan,SEC,nan,nan,HORA,Cant
745,CUSTODIA DE CARGA SALIENTE,65,DELTA,nan,SEC,nan,nan,HORA,Cant
746,CUSTODIA DE CARGA SALIENTE,65,TAMPA,nan,SEC,nan,nan,HORA,Cant
747,CUSTODIA DE EQUIPAJE,66,AVIANCA,nan,SEC,nan,nan,HORA,Cant
748,CUSTODIA DE EQUIPAJE,66,DELTA,nan,SEC,nan,nan,HORA,Cant
749,CUSTODIA DE EQUIPAJE,66,DELTA,nan,SEC,nan,nan,HORA,Cant
750,CUSTODIO DE CARGA EN PLATAFORMA,67,AEROMEXICO,nan,SEC,nan,nan,HORA,Cant
751,CUSTODIO DE CARGA EN PLATAFORMA,67,AEROMEXICO,nan,SEC,nan,nan,HORA,Cant
752,CUSTODIO DE CARGA EN PLATAFORMA,67,DELTA,nan,SEC,nan,nan,HORA,Cant
753,CUSTODIO DE PASAJEROS INADMISIBLE,68,AEROMEXICO,nan,SEC,nan,nan,HORA,Cant
754,CUSTODIO DE PASAJEROS INADMISIBLE,68,AVIANCA,nan,SEC,nan,nan,HORA,Cant
755,CUSTODIO DE PASAJEROS INADMISIBLE,68,DELTA,nan,SEC,nan,nan,HORA,Cant
756,CHEQUEO SSSS EN SALA,69,AVIANCA,nan,SEC,nan,nan,HORA,Cant
757,CHEQUEO SSSS EN SALA,69,DELTA,nan,SEC,nan,nan,HORA,Cant
758,ROMPE FLUJOS,69,DELTA,nan,SEC,nan,nan,HORA,Cant
759,CUSTODIO CAMION DE COCINAS,69,AVIANCA,nan,SEC,nan,nan,HORA,Cant
760,CUSTODIO CAMION DE COCINAS,69,DELTA,nan,SEC,nan,nan,HORA,Cant
761,CUSTODIO CARGA,69,AEROUNION,nan,SEC,nan,nan,HORA,Cant
762,CUSTODIO CARGA,69,AVIANCA,nan,SEC,nan,nan,HORA,Cant
763,CUSTODIO CARGA,69,DELTA,nan,SEC,nan,nan,HORA,Cant
764,CUSTODIO CARGA,69,TAMPA,nan,SEC,nan,nan,HORA,Cant
765,MOSTRADOR,69,AEROMEXICO,nan,SEC,nan,nan,HORA,Cant
766,MOSTRADOR,69,DELTA,nan,SEC,nan,nan,HORA,Cant
767,CUSTODIO DE RAYOS-X PLATAFORMA,69,AEROMEXICO,nan,SEC,nan,nan,HORA,Cant
768,CUSTODIO DE RAYOS-X PLATAFORMA,69,DELTA,nan,SEC,nan,nan,HORA,Cant
769,SOBREDIMENSIONADO,69,AEROMEXICO,nan,SEC,nan,nan,HORA,Cant
770,SOBREDIMENSIONADO,69,DELTA,nan,SEC,nan,nan,HORA,Cant
771,RAYOS-X,69,AEROMEXICO,nan,SEC,nan,nan,HORA,Cant
772,RAYOS-X,69,AVIANCA,nan,SEC,nan,nan,HORA,Cant
773,RAYOS-X,69,DELTA,nan,SEC,nan,nan,HORA,Cant
774,REVISIONES,69,AEROMEXICO,nan,SEC,nan,nan,HORA,Cant
775,REVISIONES,69,DELTA,nan,SEC,nan,nan,HORA,Cant
776,BODEGA DE EQUIPAJES,69,AEROMEXICO,nan,SEC,nan,nan,HORA,Cant
777,BODEGA DE EQUIPAJES,69,DELTA,nan,SEC,nan,nan,HORA,Cant
778,SUPERVISOR,69,AEROMEXICO,nan,SEC,nan,nan,HORA,Cant
779,SUPERVISOR,69,AVIANCA,nan,SEC,nan,nan,HORA,Cant
780,SUPERVISOR,69,DELTA,nan,SEC,nan,nan,HORA,Cant
781,CHEQUEO SSSS EN MOSTRADOR,69,DELTA,nan,SEC,nan,nan,HORA,Cant
782,ENTREVISTADORES,69,DELTA,nan,SEC,nan,nan,HORA,Cant
783,PERIMETRICA,69,AEROMEXICO,nan,SEC,nan,nan,HORA,Cant
784,PERIMETRICA,69,AEROUNION,nan,SEC,nan,nan,HORA,Cant
785,PERIMETRICA,69,AVIANCA,nan,SEC,nan,nan,HORA,Cant
786,PERIMETRICA,69,DELTA,nan,SEC,nan,nan,HORA,Cant
787,PERIMETRICA,69,TAMPA,nan,SEC,nan,nan,HORA,Cant
788,DOCUMENTOS EN SALA DE ABORDAJE,69,DELTA,nan,SEC,nan,nan,HORA,Cant
789,APOYO EN SALA DE ABORDAR CHEK DOC.,69,DELTA,nan,SEC,nan,nan,HORA,Cant
790,COMPARTIMIENTOS,70,AEROMEXICO,nan,SEC,nan,nan,HORA,Cant
791,COMPARTIMIENTOS,70,AEROUNION,nan,SEC,nan,nan,HORA,Cant
792,COMPARTIMIENTOS,70,DELTA,nan,SEC,nan,nan,HORA,Cant
793,COMPARTIMIENTOS,70,TAMPA,nan,SEC,nan,nan,HORA,Cant
794,CUSTODIOS DE EQUIPAJES ENTRANTES,70,DELTA,nan,SEC,nan,nan,HORA,Cant
795,INGRESO A CABINA PRINCIPAL,70,AEROMEXICO,nan,SEC,nan,nan,HORA,Cant
796,INGRESO A CABINA PRINCIPAL,70,AEROUNION,nan,SEC,nan,nan,HORA,Cant
797,INGRESO A CABINA PRINCIPAL,70,AVIANCA,nan,SEC,nan,nan,HORA,Cant
798,INGRESO A CABINA PRINCIPAL,70,DELTA,nan,SEC,nan,nan,HORA,Cant
799,INGRESO A CABINA PRINCIPAL,70,TAMPA,nan,SEC,nan,nan,HORA,Cant
800,CONTROL DE INGRESO A PUERTA AUXILIAR TR,70,DELTA,nan,SEC,nan,nan,HORA,Cant
801,PERSONAL EN CABINA SEARCH,70,AEROMEXICO,nan,SEC,nan,nan,HORA,Cant
802,PERSONAL EN CABINA SEARCH,70,AVIANCA,nan,SEC,nan,nan,HORA,Cant
803,PERSONAL EN CABINA SEARCH,70,DELTA,nan,SEC,nan,nan,HORA,Cant
804,ENTREVISTADORES,70,DELTA,nan,SEC,nan,nan,HORA,Cant
805,MENORES ENTRANTES,71,AEROMEXICO,nan,SEC,nan,nan,HORA,Cant
806,MENORES ENTRANTES,71,DELTA,nan,SEC,nan,nan,HORA,Cant
807,MENORES SALIENTES,72,AEROMEXICO,nan,SEC,nan,nan,HORA,Cant
808,MENORES SALIENTES,72,DELTA,nan,SEC,nan,nan,HORA,Cant
809,MENORES SALIENTES,72,DELTA,nan,SEC,nan,nan,HORA,Cant
810,MMTD EN MOSTRADOR,73,DELTA,nan,SEC,nan,nan,HORA,Cant
811,MMTD EN SALA,74,DELTA,nan,SEC,SEC,nan,HORA,CANT
812,OBSERVER CABIN SEARCH,75,AEROMEXICO,nan,SEC,SEC,nan,HORA,CANT
813,OBSERVER CABIN SEARCH,75,AVIANCA,nan,SEC,SEC,nan,HORA,CANT
814,OBSERVER CABIN SEARCH,75,DELTA,nan,SEC,SEC,nan,HORA,CANT
815,OBSERVER COCINAS,76,AEROMEXICO,nan,SEC,SEC,nan,HORA,CANT
816,OBSERVER COCINAS,76,AVIANCA,nan,SEC,SEC,nan,HORA,CANT
817,OBSERVER COCINAS,76,DELTA,nan,SEC,SEC,nan,HORA,CANT
818,OBSERVER PLATAFORMA,77,AEROMEXICO,nan,SEC,SEC,nan,HORA,CANT
819,OBSERVER PLATAFORMA,77,AVIANCA,nan,SEC,SEC,nan,HORA,CANT
820,OBSERVER PLATAFORMA,77,DELTA,nan,SEC,SEC,nan,HORA,CANT
821,OBSERVER RAYOS-X,78,DELTA,nan,SEC,SEC,nan,HORA,CANT
822,SILLA DE RUEDAS ARRIBANDO,80,AEROMEXICO,nan,SEC,SEC,nan,EVENTO,EVENTO
823,SILLA DE RUEDAS ARRIBANDO,80,DELTA,nan,SEC,SEC,nan,EVENTO,EVENTO
824,SILLA DE RUEDAS ARRIBANDO,80,JET BLUE,nan,SEC,SEC,nan,EVENTO,EVENTO
825,SILLA DE RUEDAS ARRIBANDO,80,TAG,nan,SEC,nan,nan,EVENTO,EVENTO
826,SILLA DE RUEDAS SALIENDO,81,AEROMEXICO,nan,SEC,SEC,nan,EVENTO,EVENTO
827,SILLA DE RUEDAS SALIENDO,81,DELTA,nan,SEC,SEC,nan,EVENTO,EVENTO
828,SILLA DE RUEDAS SALIENDO,81,JET BLUE,nan,SEC,SEC,nan,EVENTO,EVENTO
829,SILLA DE RUEDAS SALIENDO,81,TAG,nan,SEC,nan,nan,EVENTO,EVENTO
830,STICKER RAYOS-X,82,DELTA,nan,SEC,SEC,nan,EVENTO,EVENTO
831,Vuelo Cancelado,99,AEROMEXICO,nan,SEC,SEC,nan,EVENTO,EVENTO
832,Vuelo Cancelado,99,AVIANCA,nan,SEC,SEC,nan,EVENTO,EVENTO
833,Vuelo Cancelado,99,DELTA,nan,SEC,SEC,nan,EVENTO,EVENTO
834,Vuelo Cancelado,99,JET BLUE,nan,SEC,SEC,nan,EVENTO,EVENTO
835,Vuelo Cancelado,99,TAMPA,nan,SEC,nan,nan,EVENTO,EVENTO
836,SERVICIOS AVSEC TRANSITO,100,"AEROEXPRESS ",nan,SEC,SEC,nan,EVENTO,EVENTO
837,SERVICIOS AVSEC TRANSITO,100,AEROLÍNEAS SOSA,nan,SEC,SEC,nan,EVENTO,EVENTO
838,SERVICIOS AVSEC TRANSITO,100,AEROMEXICO,B737-700,SEC,nan,AC,EVENTO,EVENTO
839,SERVICIOS AVSEC TRANSITO,100,AEROMEXICO,B737-8,SEC,nan,AC,EVENTO,EVENTO
840,SERVICIOS AVSEC TRANSITO,100,AEROMEXICO,B737-800,SEC,nan,AC,EVENTO,EVENTO
841,SERVICIOS AVSEC TRANSITO,100,AEROUNION,nan,SEC,SEC,nan,HORA,CANT
842,SERVICIOS AVSEC TRANSITO,100,ARAJET,nan,SEC,nan,nan,EVENTO,EVENTO
843,SERVICIOS AVSEC TRANSITO,100,AVIANCA,nan,SEC,NAM,DIV,EVENTO,EVENTO
844,SERVICIOS AVSEC TRANSITO,100,AVIANCA,nan,SEC,CAM,DIV,EVENTO,EVENTO
845,SERVICIOS AVSEC TRANSITO,100,AVIANCA,nan,SEC,SAM,DIV,EVENTO,EVENTO
846,SERVICIOS AVSEC TRANSITO,100,DELTA,nan,SEC,SEC,nan,EVENTO,EVENTO
847,SERVICIOS AVSEC TRANSITO,100,"LAS CARGO ",nan,SEC,nan,nan,EVENTO,EVENTO
848,SERVICIOS AVSEC TRANSITO,100,TAMPA,A300-600,SEC,nan,AC,EVENTO,EVENTO
849,SERVICIOS AVSEC TRANSITO,100,TAMPA,B767-200,SEC,nan,AC,EVENTO,EVENTO
850,SERVICIOS AVSEC RECEPCION,123,AEROMEXICO,B737-8,SEC,nan,AC,EVENTO,EVENTO
851,SERVICIOS AVSEC RECEPCION,123,AEROMEXICO,B737-800,SEC,nan,AC,EVENTO,EVENTO
852,SERVICIOS AVSEC RECEPCION,123,AEROMEXICO,E-190,SEC,nan,AC,EVENTO,EVENTO
853,SERVICIOS AVSEC RECEPCION,123,AVIANCA,nan,SEC,NAM,DIV,EVENTO,EVENTO
854,SERVICIOS AVSEC RECEPCION,123,AVIANCA,nan,SEC,CAM,DIV,EVENTO,EVENTO
855,SERVICIOS AVSEC RECEPCION,123,AVIANCA,nan,SEC,SAM,DIV,EVENTO,EVENTO
856,SERVICIOS AVSEC RECEPCION,123,AZUL,nan,SEC,SEC,nan,EVENTO,EVENTO
857,SERVICIOS AVSEC RECEPCION,123,DELTA,nan,SEC,SEC,nan,EVENTO,EVENTO
858,SERVICIOS AVSEC DESPACHO,124,AEROMEXICO,B737-8,SEC,nan,AC,EVENTO,EVENTO
859,SERVICIOS AVSEC DESPACHO,124,AEROMEXICO,B737-800,SEC,nan,AC,EVENTO,EVENTO
860,SERVICIOS AVSEC DESPACHO,124,AEROMEXICO,E-190,SEC,nan,AC,EVENTO,EVENTO
861,SERVICIOS AVSEC DESPACHO,124,AVIANCA,nan,SEC,CAM,DIV,EVENTO,EVENTO
862,SERVICIOS AVSEC DESPACHO,124,AVIANCA,nan,SEC,SAM,DIV,EVENTO,EVENTO
863,SERVICIOS AVSEC DESPACHO,124,AVIANCA,nan,SEC,NAM,DIV,EVENTO,EVENTO
864,SERVICIOS AVSEC DESPACHO,124,AZUL,nan,SEC,SEC,nan,EVENTO,EVENTO
865,SERVICIOS AVSEC DESPACHO,124,DELTA,nan,SEC,SEC,nan,EVENTO,EVENTO
866,SERVICIOS AVSEC DESPACHO,124,TAMPA,A300-600,SEC,nan,AC,EVENTO,EVENTO
867,SERVICIOS AVSEC DESPACHO,124,TAMPA,B767-200,SEC,nan,AC,EVENTO,EVENTO
868,DIRIGIR PASAJERO,125,AEROLÍNEAS SOSA,nan,SEC,SEC,nan,HORA,CANT
869,DIRIGIR PASAJERO,125,DELTA,nan,SEC,SEC,nan,HORA,CANT